"","baseMean","log2FoldChange","lfcSE","stat","pvalue","padj","significant","direction"
"Rv0005",11852.2927942183,1.2065256531896,0.0219842754473257,54.8813016867638,0,0,"Signifikan","Naik"
"Rv0006",15344.6944279077,1.53757477033643,0.021384943270513,71.8998760429981,0,0,"Signifikan","Naik"
"Rv0007",5326.35060722501,1.60525574209524,0.0331556595598097,48.4157384714218,0,0,"Signifikan","Naik"
"Rv0009",3720.56417349173,1.66875458112289,0.0418013419537184,39.9210767675951,0,0,"Signifikan","Naik"
"Rv0015c",6398.27446940981,1.43301805864885,0.0296340086085624,48.3572127408642,0,0,"Signifikan","Naik"
"Rv0020c",15836.1950876175,1.81084483077919,0.0214572983805177,84.3929556585444,0,0,"Signifikan","Naik"
"Rv0032",3892.76139559231,-2.23426234463483,0.0380116661161704,-58.7783323626627,0,0,"Signifikan","Turun"
"Rv0038",4995.95470825945,1.33429494518497,0.032983066702259,40.4539382959678,0,0,"Signifikan","Naik"
"Rv0039c",5947.72789677633,3.13441941146486,0.0379650129108927,82.5607360867129,0,0,"Signifikan","Naik"
"Rv0040c",5922.14724057805,1.74829361024677,0.0359290290338693,48.65963977481,0,0,"Signifikan","Naik"
"Rv0046c",17104.0626348221,2.67155627064043,0.0219584732886548,121.664026251804,0,0,"Signifikan","Naik"
"Rv0049",4494.80197054218,1.73235187382283,0.0365657461044791,47.3763578862303,0,0,"Signifikan","Naik"
"Rv0054",3297.08421697192,1.77032972495555,0.0441526114402481,40.0956968842341,0,0,"Signifikan","Naik"
"Rv0064",9707.67828646824,-0.999673867859096,0.022800982568405,-43.8434556431937,0,0,"Tidak Signifikan","Tidak Signifikan"
"Rv0068",1256.13523153596,-3.04364177767041,0.0728429772517669,-41.7835993599037,0,0,"Signifikan","Turun"
"Rv0070c",1736.27994943127,-2.32726813506905,0.0572098930385337,-40.6794701311803,0,0,"Signifikan","Turun"
"Rv0074",5550.38204529205,1.32051391305391,0.0310916122148626,42.4717092162454,0,0,"Signifikan","Naik"
"Rv0079",65956.7002479303,5.79912323737521,0.0227434998709896,254.979368622693,0,0,"Signifikan","Naik"
"Rv0080",11722.4176060605,4.38136909961862,0.0460383496651389,95.167814039526,0,0,"Signifikan","Naik"
"Rv0087",2000.0593013345,-2.2420995230141,0.0527569969371313,-42.4986192008984,0,0,"Signifikan","Turun"
"Rv0096",1778.63934398831,-4.6968458961013,0.0834119886340565,-56.3090027346934,0,0,"Signifikan","Turun"
"Rv0097",1129.74931945861,-3.69357808631108,0.0851427727932287,-43.3809936549874,0,0,"Signifikan","Turun"
"Rv0099",2307.00994897442,-2.89130299792251,0.0543023042606235,-53.2445729014689,0,0,"Signifikan","Turun"
"Rv0101",12088.7611478777,-1.88237452930041,0.0247656263342459,-76.0075478768514,0,0,"Signifikan","Turun"
"Rv0108c",3081.4928613512,2.31325944141222,0.0468950908232792,49.3283923924911,0,0,"Signifikan","Naik"
"Rv0112",2215.04487558852,-2.03321667220396,0.0495281694039784,-41.0517226191009,0,0,"Signifikan","Turun"
"Rv0115",1867.39910907097,-2.37067897172682,0.055372870292042,-42.8130049828305,0,0,"Signifikan","Turun"
"Rv0118c",3024.2606100586,-1.70437267809086,0.0434590433232321,-39.2179060504019,0,0,"Signifikan","Turun"
"Rv0125",7615.67302499148,1.65597876262703,0.028928161029205,57.2445224207376,0,0,"Signifikan","Naik"
"Rv0129c",7744.44967347297,1.84590835540026,0.0286517677338136,64.4256358822077,0,0,"Signifikan","Naik"
"Rv0134",7375.90935324741,1.81940420157293,0.0285457298484687,63.7364751656726,0,0,"Signifikan","Naik"
"Rv0145",11460.6131441043,2.91540341878609,0.0272388773310996,107.030968396685,0,0,"Signifikan","Naik"
"Rv0146",6029.32380950901,1.98937253486399,0.0320915450442605,61.9905502249972,0,0,"Signifikan","Naik"
"Rv0147",7136.60848075518,1.13230699420182,0.027373365015234,41.3652831345968,0,0,"Signifikan","Naik"
"Rv0148",4398.74348497787,1.5434155584834,0.0370521961314872,41.6551708030012,0,0,"Signifikan","Naik"
"Rv0151c",3082.94928464936,-2.16207242286855,0.0431066647758292,-50.1563374042536,0,0,"Signifikan","Turun"
"Rv0157",6367.24500104925,1.54386193140592,0.0305593539410887,50.5201102870866,0,0,"Signifikan","Naik"
"Rv0160c",2562.38172261431,-3.5557971523954,0.0554971772690371,-64.0716758468228,0,0,"Signifikan","Turun"
"Rv0166",9201.57822203658,1.68423331062206,0.0289562225159241,58.1648144779879,0,0,"Signifikan","Naik"
"Rv0167",5308.88561994172,2.19739039317274,0.0371708594277594,59.115942622831,0,0,"Signifikan","Naik"
"Rv0168",4500.74715133784,1.82695842113988,0.0361131535973284,50.5898333197639,0,0,"Signifikan","Naik"
"Rv0169",7164.69190383393,1.73532464638568,0.0294688952980883,58.8866541766244,0,0,"Signifikan","Naik"
"Rv0170",4803.09201791051,1.30468026705545,0.0335558848664255,38.8808184391184,0,0,"Signifikan","Naik"
"Rv0171",10003.1208489764,2.46366744777881,0.0266415201739716,92.4747323610227,0,0,"Signifikan","Naik"
"Rv0172",8184.90606535233,1.68144736861626,0.0268515109954166,62.6202141437504,0,0,"Signifikan","Naik"
"Rv0174",12190.3665977949,2.38898769095666,0.0271276601732948,88.0646423501149,0,0,"Signifikan","Naik"
"Rv0175",12471.7036889132,3.84670480349132,0.0477715244665336,80.5229652276668,0,0,"Signifikan","Naik"
"Rv0178",4278.83440416068,1.79665156493763,0.0368807133194087,48.7152064922815,0,0,"Signifikan","Naik"
"Rv0179c",5098.6434025106,1.29404789987237,0.0325557017825844,39.7487330641607,0,0,"Signifikan","Naik"
"Rv0193c",2765.84927771797,-3.6573260005282,0.0544325915172661,-67.190003242232,0,0,"Signifikan","Turun"
"Rv0194",5120.61301555901,-3.11167437100992,0.0387585889429798,-80.2834792460506,0,0,"Signifikan","Turun"
"Rv0202c",12401.8178356248,0.862480728931794,0.0215466812909504,40.0284720085424,0,0,"Tidak Signifikan","Tidak Signifikan"
"Rv0206c",20739.3356836927,2.2320431364635,0.0195092386224618,114.409546146699,0,0,"Signifikan","Naik"
"Rv0207c",4047.36571722363,1.67893878784674,0.037475828871468,44.8005778232429,0,0,"Signifikan","Naik"
"Rv0211",19950.283433766,2.43266325151393,0.0206365557239886,117.881262941864,0,0,"Signifikan","Naik"
"Rv0214",2075.43790644881,-2.7700684445414,0.0556130501146857,-49.8096838570972,0,0,"Signifikan","Turun"
"Rv0218",2317.69149256068,-1.89505761213046,0.0473957801011822,-39.9836780423241,0,0,"Signifikan","Turun"
"Rv0220",7161.45126422647,1.72435328622066,0.0286368574135008,60.2144733034748,0,0,"Signifikan","Naik"
"Rv0235c",2146.56607254394,-2.19774370458331,0.0507593953363651,-43.2972790558205,0,0,"Signifikan","Turun"
"Rv0242c",6253.4410901537,1.21930586352766,0.0297498485805438,40.9852796469384,0,0,"Signifikan","Naik"
"Rv0243",16810.2171334386,2.31492283735532,0.0222591753016995,103.99858961435,0,0,"Signifikan","Naik"
"Rv0244c",37245.7995723731,3.79603753360134,0.0233739385666979,162.404702261422,0,0,"Signifikan","Naik"
"Rv0245",4215.00053984813,1.73162065063734,0.0410052748645495,42.2292170057951,0,0,"Signifikan","Naik"
"Rv0246",2415.25016135776,-1.97942139940852,0.0510828887359342,-38.7492064053163,0,0,"Signifikan","Turun"
"Rv0248c",8817.35329373384,1.52523868095453,0.0273428500633074,55.7819933702272,0,0,"Signifikan","Naik"
"Rv0260c",1262.72651796405,-5.31934068560226,0.114155366392078,-46.5973773614149,0,0,"Signifikan","Turun"
"Rv0261c",1724.55382486559,-5.00083472362197,0.0909292885748074,-54.9969630468163,0,0,"Signifikan","Turun"
"Rv0267",2145.57259804039,-2.07000698288492,0.0512415825947576,-40.3970150425584,0,0,"Signifikan","Turun"
"Rv0276",20337.0115259576,2.48124391118041,0.0241229618407479,102.85817834314,0,0,"Signifikan","Naik"
"Rv0277A",2140.59382598748,2.19577033205985,0.0549674234276153,39.9467574635618,0,0,"Signifikan","Naik"
"Rv0279c",9625.20774641518,2.14453933403732,0.0267041848239042,80.3072382916417,0,0,"Signifikan","Naik"
"Rv0280",11478.1819449071,2.67267790099304,0.0258587900171163,103.356649681751,0,0,"Signifikan","Naik"
"Rv0281",5855.15139242382,1.65775910547401,0.0312993426667541,52.9646620098149,0,0,"Signifikan","Naik"
"Rv0282",29660.7487630381,3.25817548502023,0.0386696540232453,84.2566494921743,0,0,"Signifikan","Naik"
"Rv0283",19553.5715680578,3.22965384265998,0.0242348596379072,133.264804950976,0,0,"Signifikan","Naik"
"Rv0284",23712.9640754565,2.03737195528825,0.0185292351791465,109.954454978325,0,0,"Signifikan","Naik"
"Rv0285",2607.6000001461,3.00400831042372,0.0616054060576701,48.7620892817686,0,0,"Signifikan","Naik"
"Rv0286",11834.484494457,2.59679238574261,0.0251057497639069,103.434169867967,0,0,"Signifikan","Naik"
"Rv0287",2563.57484572733,2.97015328257207,0.0563632009121335,52.6966750380687,0,0,"Signifikan","Naik"
"Rv0289",6241.14357690591,2.4305533066396,0.0347915005712629,69.860548315849,0,0,"Signifikan","Naik"
"Rv0290",12167.8599282255,2.65697568849573,0.0259942707072894,102.213896224088,0,0,"Signifikan","Naik"
"Rv0291",8408.14251332017,2.13717763302861,0.0277755469940844,76.9445740702708,0,0,"Signifikan","Naik"
"Rv0292",5150.60136555326,1.78480565555973,0.0344114238449131,51.8666610136091,0,0,"Signifikan","Naik"
"Rv0297",28884.1114697542,3.38360538822208,0.0222871820888632,151.818447694779,0,0,"Signifikan","Naik"
"Rv0304c",11180.2503282203,-4.60041945939122,0.033245136676197,-138.378719997414,0,0,"Signifikan","Turun"
"Rv0309",5517.84305513401,2.08017795904814,0.033849986138666,61.4528452250089,0,0,"Signifikan","Naik"
"Rv0311",2253.14954334018,-2.20248839682258,0.0498145972652314,-44.21371480925,0,0,"Signifikan","Turun"
"Rv0313",10644.0116660606,1.47883235821243,0.0259210597913206,57.0513848630372,0,0,"Signifikan","Naik"
"Rv0315",4515.78624746919,1.83484722612551,0.0364162458258024,50.3854031220717,0,0,"Signifikan","Naik"
"Rv0322",1738.29475628543,-2.31313330651284,0.0584383875336449,-39.5824286763747,0,0,"Signifikan","Turun"
"Rv0331",1762.09231132137,-2.33261803477906,0.0569030893499558,-40.9928188684692,0,0,"Signifikan","Turun"
"Rv0338c",12266.2910979262,1.03383636843784,0.0212344479986121,48.68675505506,0,0,"Signifikan","Naik"
"Rv0341",121255.246916685,2.20410613949038,0.0169949549900708,129.69179034473,0,0,"Signifikan","Naik"
"Rv0342",16893.9092119556,1.9558337018251,0.0202139342011904,96.7567066538645,0,0,"Signifikan","Naik"
"Rv0343",8322.4820780533,1.18839787151705,0.0269359332824594,44.1194243783984,0,0,"Signifikan","Naik"
"Rv0350",12694.58737398,1.43814262329842,0.0315373939096288,45.6011878286284,0,0,"Signifikan","Naik"
"Rv0351",7300.84566308708,2.36044119800868,0.0428422067501318,55.0961628044853,0,0,"Signifikan","Naik"
"Rv0352",12206.5967484872,1.90157391552149,0.0255155226310797,74.5261597426675,0,0,"Signifikan","Naik"
"Rv0355c",19128.2958370694,-2.49096991083246,0.0188778954782197,-131.951674046845,0,0,"Signifikan","Turun"
"Rv0368c",1579.99535582491,-3.23357605171615,0.0667901213279278,-48.4139867906492,0,0,"Signifikan","Turun"
"Rv0370c",1086.17097560128,-4.11863648716779,0.0966031686327994,-42.6345899980075,0,0,"Signifikan","Turun"
"Rv0372c",861.701159199332,-3.96573121690387,0.102398521307104,-38.7284031671728,0,0,"Signifikan","Turun"
"Rv0373c",2848.51108870675,-3.36621717271686,0.0524961803856015,-64.1230875844852,0,0,"Signifikan","Turun"
"Rv0383c",16579.4318496094,2.65616501633137,0.0223989623016156,118.584288886445,0,0,"Signifikan","Naik"
"Rv0386",5054.85174251975,-1.43229512072927,0.0341568397264943,-41.9328934467638,0,0,"Signifikan","Turun"
"Rv0399c",1685.04495059279,-2.30641475742961,0.0582926838640069,-39.5661102654036,0,0,"Signifikan","Turun"
"Rv0402c",4842.73119906559,-2.21894246203616,0.0353911228353134,-62.6977129932168,0,0,"Signifikan","Turun"
"Rv0404",3351.59206530059,-3.3929809274821,0.0484713749828737,-69.9996839099557,0,0,"Signifikan","Turun"
"Rv0405",7311.53449988418,-1.80738141879633,0.0278704594076534,-64.849358683338,0,0,"Signifikan","Turun"
"Rv0419",9262.51871859845,1.5598915350237,0.0258481827906158,60.3482089112282,0,0,"Signifikan","Naik"
"Rv0425c",18569.8742147521,1.02547487394512,0.0198857623630222,51.5682957094972,0,0,"Signifikan","Naik"
"Rv0426c",4251.0175843289,2.13239208902171,0.0386748944087297,55.1363390029161,0,0,"Signifikan","Naik"
"Rv0430",5215.02090914217,3.70150537471481,0.0449394546878641,82.3664951082373,0,0,"Signifikan","Naik"
"Rv0440",27695.6043614568,2.73315127572221,0.0207220162952072,131.896010348875,0,0,"Signifikan","Naik"
"Rv0447c",1710.82380195601,-2.4955403548071,0.0587039194705495,-42.5106258204626,0,0,"Signifikan","Turun"
"Rv0466",8623.92125202556,2.6166901158473,0.0292509883762531,89.45646834866,0,0,"Signifikan","Naik"
"Rv0467",17606.1031560988,3.12746312249631,0.0230573534891193,135.638425458158,0,0,"Signifikan","Naik"
"Rv0468",6923.59614587781,2.2006315780998,0.031651793664287,69.5262834530224,0,0,"Signifikan","Naik"
"Rv0475",4090.76501589015,2.02471125580505,0.0455295192746877,44.4702972502215,0,0,"Signifikan","Naik"
"Rv0483",12811.9427997662,2.39982541741076,0.0247500514310747,96.9624416375025,0,0,"Signifikan","Naik"
"Rv0485",12759.6045090196,1.16040747981712,0.0220445112102974,52.6392927811922,0,0,"Signifikan","Naik"
"Rv0486",10550.3595667197,1.29293215412402,0.0238578905860114,54.1930624362118,0,0,"Signifikan","Naik"
"Rv0488",1260.70078094323,-3.51817245969405,0.0807902678546143,-43.5469834810445,0,0,"Signifikan","Turun"
"Rv0496",6345.16070125791,1.66344768328468,0.0310994398474867,53.4880271619783,0,0,"Signifikan","Naik"
"Rv0497",4540.97198951295,1.83535995740103,0.0362589390880543,50.6181373079857,0,0,"Signifikan","Naik"
"Rv0500A",4238.50168298815,2.97273114307044,0.0454506930990925,65.4056283935921,0,0,"Signifikan","Naik"
"Rv0501",8269.19706442776,2.01323056215973,0.0368283749408393,54.6652021815723,0,0,"Signifikan","Naik"
"Rv0502",8498.23967456332,2.15155298418779,0.0276717106825366,77.7527999216043,0,0,"Signifikan","Naik"
"Rv0507",5484.05782597412,-1.59235980078761,0.0310431080583896,-51.2951150958372,0,0,"Signifikan","Turun"
"Rv0509",22494.3396947396,3.02561803992339,0.0203143440314161,148.939982272835,0,0,"Signifikan","Naik"
"Rv0510",15709.9959774518,2.65508458183427,0.0230631126617973,115.122560461332,0,0,"Signifikan","Naik"
"Rv0511",17222.1948000427,2.13032857319936,0.0204004840249931,104.425393563675,0,0,"Signifikan","Naik"
"Rv0516c",3986.71424473302,2.63042387035697,0.042941314815275,61.2562489451599,0,0,"Signifikan","Naik"
"Rv0524",9619.41292704774,1.43440262686845,0.0245433772223184,58.4435717169387,0,0,"Signifikan","Naik"
"Rv0530",6127.35782840769,1.40750786929873,0.0298324069399986,47.180499787685,0,0,"Signifikan","Naik"
"Rv0531",2559.75488641554,2.11541369932035,0.0492584650388722,42.9451810496121,0,0,"Signifikan","Naik"
"Rv0545c",11770.2971761052,2.71493416837272,0.0257693534055642,105.355152907582,0,0,"Signifikan","Naik"
"Rv0555",6982.23459639586,1.11794773637193,0.0274411219520406,40.7398698320639,0,0,"Signifikan","Naik"
"Rv0562",9709.21778314319,2.26871508773848,0.0264817556201524,85.6708716854106,0,0,"Signifikan","Naik"
"Rv0565c",2443.12086141269,-2.56246838767049,0.0502101432195977,-51.0348750941288,0,0,"Signifikan","Turun"
"Rv0568",13605.071050361,2.0292307304151,0.0231495194902725,87.6575745456744,0,0,"Signifikan","Naik"
"Rv0569",6656.97752330446,3.94909645590847,0.0429319209154189,91.9850864276179,0,0,"Signifikan","Naik"
"Rv0570",10173.0921940812,1.63389586938625,0.0253232497827244,64.5215714177766,0,0,"Signifikan","Naik"
"Rv0578c",36764.4051975942,2.91767137971059,0.0197661953083638,147.609154629572,0,0,"Signifikan","Naik"
"Rv0584",3631.50577609911,-3.15852719876359,0.0458144332818902,-68.9417498483411,0,0,"Signifikan","Turun"
"Rv0585c",3663.84987770367,-2.10437995669438,0.0414272294899267,-50.7970236630494,0,0,"Signifikan","Turun"
"Rv0591",1805.37656951427,-3.62071666512192,0.0665648034224928,-54.3938610040039,0,0,"Signifikan","Turun"
"Rv0592",1784.30682031372,-4.45759167811765,0.0787802303115082,-56.5826180057065,0,0,"Signifikan","Turun"
"Rv0594",2497.25936243853,-2.11771329046757,0.0469901886447841,-45.067137450248,0,0,"Signifikan","Turun"
"Rv0597c",2217.88055947082,-1.95109348096433,0.050101897881482,-38.9425064411676,0,0,"Signifikan","Turun"
"Rv0611c",3133.44367854743,2.40360453053935,0.0459938713917223,52.259234933025,0,0,"Signifikan","Naik"
"Rv0613c",18531.6972339335,2.31946427996105,0.0199650822813806,116.176044118996,0,0,"Signifikan","Naik"
"Rv0622",1438.89887379386,-2.87335247873732,0.0680007612721076,-42.2547104618357,0,0,"Signifikan","Turun"
"Rv0630c",5307.81827581416,-1.37360861453392,0.0306279342664108,-44.8482291553152,0,0,"Signifikan","Turun"
"Rv0631c",4665.80186408304,-1.62105992640958,0.0355054514358585,-45.6566487920331,0,0,"Signifikan","Turun"
"Rv0632c",5421.2977090156,1.67473873215533,0.0335974622365974,49.8471795387883,0,0,"Signifikan","Naik"
"Rv0636",2755.24985050328,2.47077790467645,0.0560456490148699,44.0850975607564,0,0,"Signifikan","Naik"
"Rvnt08",4349.77351397421,3.94584559685191,0.0750229731736708,52.5951642534569,0,0,"Signifikan","Naik"
"Rv0638",10233.2702281743,2.12406106069865,0.026305535067218,80.7457843100731,0,0,"Signifikan","Naik"
"Rv0639",6244.08104932369,1.95093822642668,0.0318004593660879,61.3493724718694,0,0,"Signifikan","Naik"
"Rv0641",6188.73334272001,2.17618611562814,0.0328338987854142,66.2786387279375,0,0,"Signifikan","Naik"
"Rv0647c",6422.70922111643,1.80654055920618,0.0315957715687307,57.1766559103133,0,0,"Signifikan","Naik"
"Rv0648",4629.36944374227,-2.84133982944958,0.0378791133191773,-75.0107270333351,0,0,"Signifikan","Turun"
"Rv0651",5273.85666810632,2.91074035833431,0.0389204938574834,74.7868300179508,0,0,"Signifikan","Naik"
"Rv0655",14271.5361067469,2.32394826207169,0.022783291557513,102.002305338772,0,0,"Signifikan","Naik"
"Rv0660c",3430.05783296625,2.09778619324675,0.0429882939212112,48.7990101931369,0,0,"Signifikan","Naik"
"Rv0667",27933.1818818217,2.30895152735055,0.0181698173951285,127.076209801074,0,0,"Signifikan","Naik"
"Rv0668",23924.2834192899,2.09411226426486,0.0193019278576238,108.492388931903,0,0,"Signifikan","Naik"
"Rv0682",4071.03231545344,2.22239554363879,0.042813744338781,51.9084601910356,0,0,"Signifikan","Naik"
"Rv0683",4945.70427932737,3.0462501757671,0.0413765698570393,73.6225884913186,0,0,"Signifikan","Naik"
"Rv0684",18061.9664823183,2.48183683892559,0.0231267766422132,107.314429387254,0,0,"Signifikan","Naik"
"Rv0685",6197.73078809112,1.40191165397281,0.029939691399348,46.8245191733454,0,0,"Signifikan","Naik"
"Rv0692",1742.54899765032,2.87319894512009,0.0666914507609241,43.0819679634793,0,0,"Signifikan","Naik"
"Rv0693",5218.844080299,1.82784465586405,0.0335404207518066,54.4967718022917,0,0,"Signifikan","Naik"
"Rv0694",8324.32052949033,2.48340548716812,0.030768886477732,80.7115814530824,0,0,"Signifikan","Naik"
"Rv0697",1965.96455285921,-2.18052395315193,0.056177260163131,-38.8150640814448,0,0,"Signifikan","Turun"
"Rv0700",13773.1263268175,4.07702670886406,0.0379563125599604,107.4136667629,0,0,"Signifikan","Naik"
"Rv0701",10801.2263907559,3.91228092637894,0.0332678814870973,117.59934061014,0,0,"Signifikan","Naik"
"Rv0702",10406.6266754088,4.07672239835444,0.0348888985146471,116.848698924758,0,0,"Signifikan","Naik"
"Rv0703",6057.28069154589,4.57878244875033,0.0503704892875875,90.9020840081189,0,0,"Signifikan","Naik"
"Rv0704",9383.20078375556,2.97863893994765,0.0297039460811646,100.277550053742,0,0,"Signifikan","Naik"
"Rv0706",4679.84244928627,3.04927153136402,0.0418251217490718,72.9052637230324,0,0,"Signifikan","Naik"
"Rv0707",10736.0093484108,3.41845179881593,0.0301360758345601,113.433872996021,0,0,"Signifikan","Naik"
"Rv0716",3948.90550770607,2.90521830540294,0.0442401701740046,65.6692389286974,0,0,"Signifikan","Naik"
"Rv0718",3051.29352846403,2.15422501518172,0.0456363925854804,47.2041038552006,0,0,"Signifikan","Naik"
"Rv0720",2397.9799205671,2.54880361708768,0.0536624920425575,47.496929793464,0,0,"Signifikan","Naik"
"Rv0721",16455.6467485294,3.86960768645638,0.0272673209019563,141.913747242354,0,0,"Signifikan","Naik"
"Rv0723",3913.94411653231,3.35075090014272,0.0483736732525883,69.2680682454362,0,0,"Signifikan","Naik"
"Rv0724",18178.7135620395,1.37176072232375,0.0199390270507337,68.7977762823326,0,0,"Signifikan","Naik"
"Rv0734",5102.38640645977,2.08606303890297,0.0348790657815107,59.8084550764768,0,0,"Signifikan","Naik"
"Rv0747",8858.6340304306,1.77490879620337,0.0272761499253077,65.071822858568,0,0,"Signifikan","Naik"
"Rv0754",2873.41766030336,-2.09745451926299,0.0469896923948547,-44.6364811592735,0,0,"Signifikan","Turun"
"Rv0761c",5518.127526759,1.55020601401679,0.0333939245356042,46.4217978442148,0,0,"Signifikan","Naik"
"Rv0803",8902.92131335463,0.996573944967372,0.0256516215986839,38.8503292524205,0,0,"Tidak Signifikan","Tidak Signifikan"
"Rv0805",7413.90508382649,2.29099407050525,0.0305896696426391,74.894371115137,0,0,"Signifikan","Naik"
"Rv0808",9960.81899540824,1.23882754145106,0.0287513089585642,43.0876918764439,0,0,"Signifikan","Naik"
"Rv0810c",4970.11597083633,2.18540053949781,0.0362925634300322,60.2162077559224,0,0,"Signifikan","Naik"
"Rv0813c",3945.148398679,1.68685924999174,0.0387942603773197,43.4821861168393,0,0,"Signifikan","Naik"
"Rv0823c",12833.1163650058,2.88027497441216,0.0300471212756009,95.8585998303611,0,0,"Signifikan","Naik"
"Rv0824c",15622.8221587383,3.60833523430053,0.0294008662197489,122.728874970247,0,0,"Signifikan","Naik"
"Rv0833",9625.9529586993,2.16828903586998,0.0270527822417517,80.1503156493666,0,0,"Signifikan","Naik"
"Rv0834c",19594.3039916538,1.78960881921661,0.0191543177773777,93.43109162208,0,0,"Signifikan","Naik"
"Rv0840c",1723.89294558958,-2.38071637113728,0.0576251902830707,-41.3138136194007,0,0,"Signifikan","Turun"
"Rv0859",13027.1512498796,2.40109101385172,0.0236364741386678,101.584144901023,0,0,"Signifikan","Naik"
"Rv0860",23733.4497315806,2.47872945293739,0.0191550991248733,129.403112809723,0,0,"Signifikan","Naik"
"Rv0864",3180.72117701944,1.80479292599612,0.0426971521976623,42.2696323548934,0,0,"Signifikan","Naik"
"Rv0867c",7070.6178809091,1.85438233438946,0.0386294714933751,48.0043413150884,0,0,"Signifikan","Naik"
"Rv0869c",4441.16117141712,1.50239309725381,0.0350952774234486,42.8089819358429,0,0,"Signifikan","Naik"
"Rv0871",3750.21093223289,2.60398250362238,0.0439525502745632,59.2453108489905,0,0,"Signifikan","Naik"
"Rv0872c",33531.6449836932,2.38943117641892,0.0169675067044812,140.823941786795,0,0,"Signifikan","Naik"
"Rv0877",14375.5343468764,2.64236295194087,0.0233712154188971,113.060570645563,0,0,"Signifikan","Naik"
"Rv0878c",2089.79539928695,-2.18038291485671,0.0515001279939986,-42.3374271052451,0,0,"Signifikan","Turun"
"Rv0885",7998.49624032157,2.02709071691597,0.0283899527719109,71.4016938739533,0,0,"Signifikan","Naik"
"Rv0891c",1567.17535445361,-2.9948596639796,0.0694217110905397,-43.1401015177183,0,0,"Signifikan","Turun"
"Rv0893c",1473.52525100209,-3.29471659915865,0.0699549001305796,-47.0977242910597,0,0,"Signifikan","Turun"
"Rv0894",1918.47855499115,-4.42413592094598,0.0756668303392209,-58.4686301925454,0,0,"Signifikan","Turun"
"Rv0895",2311.20565730045,-2.54611563844582,0.0529100888345078,-48.1215528934295,0,0,"Signifikan","Turun"
"Rv0896",5982.51624627369,1.19460758228365,0.0299508919271159,39.8855428142399,0,0,"Signifikan","Naik"
"Rv0903c",6350.38225229459,1.77714566852983,0.0318712223100377,55.7601980633834,0,0,"Signifikan","Naik"
"Rv0909",1771.83914653724,2.51015861058624,0.061884576524172,40.5619421117921,0,0,"Signifikan","Naik"
"Rv0910",2969.9040949793,2.13431080316442,0.0454658301881219,46.9431833606331,0,0,"Signifikan","Naik"
"Rv0917",2938.01298133886,-2.4931616525945,0.0468850756620759,-53.1760185386915,0,0,"Signifikan","Turun"
"Rv0922",8317.3436917421,1.30124897207588,0.025841938431905,50.3541549526074,0,0,"Signifikan","Naik"
"Rv0931c",13474.1170788876,1.36570356812633,0.0208555105554357,65.4840630487647,0,0,"Signifikan","Naik"
"Rv0932c",13404.3622378501,2.08300107740053,0.034337200097445,60.6631021600251,0,0,"Signifikan","Naik"
"Rv0935",5813.27704943738,2.1872718544749,0.0335643584301642,65.1665027063115,0,0,"Signifikan","Naik"
"Rv0940c",1606.12228158691,-2.47540589603655,0.0603490897008154,-41.0181149095793,0,0,"Signifikan","Turun"
"Rv0943c",1318.53913233004,-3.47301978764913,0.0758267525733531,-45.8020378004374,0,0,"Signifikan","Turun"
"Rv0950c",6416.12131087135,2.20518096066923,0.0322981918953368,68.2756783356537,0,0,"Signifikan","Naik"
"Rv0954",7070.34369376725,2.14586179820765,0.0324846322193907,66.0577525925241,0,0,"Signifikan","Naik"
"Rv0955",6921.69568585997,1.48636147834761,0.0286891565123173,51.8091731874189,0,0,"Signifikan","Naik"
"Rv0963c",1301.28438359727,-4.02653808975196,0.084919174121907,-47.4161239954077,0,0,"Signifikan","Turun"
"Rv0966c",6114.67813662666,2.37987933909692,0.0339148118502897,70.1722701456354,0,0,"Signifikan","Naik"
"Rv0983",10811.3513773127,1.23389965863485,0.0236111408700383,52.2592137934609,0,0,"Signifikan","Naik"
"Rv0984",14545.1876887805,2.43706669164654,0.024084080574599,101.189940969425,0,0,"Signifikan","Naik"
"Rv0986",1212.96369083631,-3.53921806528063,0.081876973336823,-43.2260490470392,0,0,"Signifikan","Turun"
"Rv0987",4987.5583447659,-2.41743941430801,0.036280514349658,-66.6318947689009,0,0,"Signifikan","Turun"
"Rv0988",2503.91825286228,-2.61859631002266,0.049257375355292,-53.1615071070027,0,0,"Signifikan","Turun"
"Rv0994",9961.92336522134,1.99483165932372,0.0252157446616667,79.1105591403095,0,0,"Signifikan","Naik"
"Rv0996",9797.99246673326,1.22069972832641,0.0262902430982277,46.4316637836148,0,0,"Signifikan","Naik"
"Rv0997a",3121.30283426226,2.27525430159002,0.0506554168494911,44.916307931101,0,0,"Signifikan","Naik"
"Rv1004c",10424.5736461326,2.55824342626005,0.0270712326233318,94.5004411825409,0,0,"Signifikan","Naik"
"Rv1006",7918.79671240143,1.4204122982593,0.0317842295115688,44.6892160070232,0,0,"Signifikan","Naik"
"Rv1009",8155.56847456273,2.54244604727153,0.030948067738338,82.1520124864527,0,0,"Signifikan","Naik"
"Rv1013",7738.4632936103,1.43366611470927,0.0285180686208442,50.2722022928786,0,0,"Signifikan","Naik"
"Rv1028c",5059.60010771366,-1.63265659892949,0.0326583817232391,-49.9919626381156,0,0,"Signifikan","Turun"
"Rv1029",2212.25288867825,-2.62311403891073,0.0535834968173271,-48.9537673857541,0,0,"Signifikan","Turun"
"Rv1030",3130.48462350623,-1.61461670024605,0.0406708363514987,-39.6996188200233,0,0,"Signifikan","Turun"
"Rv1050",1360.02558802287,-2.85561237437741,0.0682850937967428,-41.8189712512868,0,0,"Signifikan","Turun"
"Rv1051c",1337.76677995042,-4.77663884019541,0.0980208066126138,-48.7308664891228,0,0,"Signifikan","Turun"
"Rv1057",10681.5656935839,2.34249398144935,0.0274060902402414,85.473482752012,0,0,"Signifikan","Naik"
"Rv1060",2712.32292462677,1.9832670357386,0.047209611429266,42.0098148596312,0,0,"Signifikan","Naik"
"Rv1072",36244.1214619185,2.21735273962347,0.0202763002538553,109.356870428168,0,0,"Signifikan","Naik"
"Rv1073",7540.27524758181,1.75201391941043,0.0288420293217726,60.7451680970262,0,0,"Signifikan","Naik"
"Rv1074c",11077.7842804602,2.69192056801032,0.0274686278277666,97.99981946274,0,0,"Signifikan","Naik"
"Rv1078",5455.98036830393,2.18002675911627,0.0343570272826073,63.4521357504022,0,0,"Signifikan","Naik"
"Rv1079",5646.20703919355,1.79158194513513,0.0327476631469734,54.7086959180692,0,0,"Signifikan","Naik"
"Rv1087",14605.2428823115,2.65961367782002,0.0263078491105308,101.095823784218,0,0,"Signifikan","Naik"
"Rv1091",10052.9955089844,1.92263642296736,0.0290463734878926,66.1919610642192,0,0,"Signifikan","Naik"
"Rv1093",7301.80131826254,1.62402311839852,0.0281595817469299,57.6721321003136,0,0,"Signifikan","Naik"
"Rv1094",14386.3375763208,3.22878197859641,0.0292642561119304,110.331934160462,0,0,"Signifikan","Naik"
"Rv1095",10922.2300227294,1.60205516881425,0.0244563181008555,65.5068012367,0,0,"Signifikan","Naik"
"Rv1099c",4693.14751241201,1.3842791874605,0.0348471313390654,39.7243369616668,0,0,"Signifikan","Naik"
"Rv1110",7719.68870867491,1.79583947141116,0.0279805212577497,64.1817732724966,0,0,"Signifikan","Naik"
"Rv1128c",1757.08942440006,-4.97186052147294,0.0890564440102414,-55.8281949917199,0,0,"Signifikan","Turun"
"Rv1129c",2415.2926128649,-1.93169555133718,0.0469534188528364,-41.1406793910277,0,0,"Signifikan","Turun"
"Rv1130",6732.33037860395,-1.12258180801808,0.0286322383340194,-39.2069175634196,0,0,"Signifikan","Turun"
"Rv1133c",18910.9335269755,1.95186083964206,0.0191897458475562,101.713741033763,0,0,"Signifikan","Naik"
"Rv1135c",3738.1438839092,-2.04152446867023,0.0392370202274741,-52.0305684997133,0,0,"Signifikan","Turun"
"Rv1157c",3787.88528029496,1.58889737159986,0.0405775123672085,39.1570916723787,0,0,"Signifikan","Naik"
"Rv1161",36517.6993483089,2.0885266689219,0.0149437393788066,139.759307625766,0,0,"Signifikan","Naik"
"Rv1162",15409.7467234767,1.6541702944819,0.0203799953839575,81.1663723822044,0,0,"Signifikan","Naik"
"Rv1172c",4355.10509083482,1.4846645139055,0.0358214305602299,41.4462652855028,0,0,"Signifikan","Naik"
"Rv1173",22148.5756924435,1.97284058109474,0.0201098946994534,98.1029791840912,0,0,"Signifikan","Naik"
"Rv1174c",7377.92946569043,3.52693476029091,0.038486981907042,91.6396814073275,0,0,"Signifikan","Naik"
"Rv1178",9571.8770979184,2.7136222355463,0.028210540570832,96.1917843698472,0,0,"Signifikan","Naik"
"Rv1180",11427.1618606722,2.44905952346543,0.0258129773570391,94.8770647256462,0,0,"Signifikan","Naik"
"Rv1181",41496.0857210248,2.67805704548383,0.0164025415055071,163.270859249749,0,0,"Signifikan","Naik"
"Rv1183",10854.486041161,0.963322050502272,0.0228658791734379,42.1292373319855,0,0,"Tidak Signifikan","Tidak Signifikan"
"Rv1184c",5315.89207176252,1.53163958538419,0.0325174393050585,47.1020971551695,0,0,"Signifikan","Naik"
"Rv1192",9479.25775408198,2.83489817799674,0.0290286351989487,97.6586793890817,0,0,"Signifikan","Naik"
"Rv1194c",9514.89584582325,2.33942068788382,0.027220457419525,85.9434744915703,0,0,"Signifikan","Naik"
"Rv1195",14691.00189868,5.12001877743,0.0406659905366111,125.904194386228,0,0,"Signifikan","Naik"
"Rv1196",41181.5260664586,4.77860454695312,0.0232577734203365,205.462683834332,0,0,"Signifikan","Naik"
"Rv1197",2374.42825981249,2.42434971162377,0.0531991496905419,45.5712116777459,0,0,"Signifikan","Naik"
"Rv1198",1938.991735582,2.3342728683436,0.0584995675538045,39.9023952817544,0,0,"Signifikan","Naik"
"Rv1201c",5053.29001989183,1.57376467563902,0.0338712193891005,46.4631833167908,0,0,"Signifikan","Naik"
"Rv1207",4530.50181641432,1.75470495963904,0.0409487230273523,42.8512742257424,0,0,"Signifikan","Naik"
"Rv1209",3823.73152948789,2.0609950631492,0.0402568686397133,51.1961097022841,0,0,"Signifikan","Naik"
"Rv1211",6119.49703008335,2.6339916435224,0.0355125872538054,74.1706489785577,0,0,"Signifikan","Naik"
"Rv1221",15329.0370666524,2.82043632067629,0.0231745992569581,121.703779616792,0,0,"Signifikan","Naik"
"Rv1222",8322.1858054668,1.86744146962515,0.0278861561833368,66.9666144501129,0,0,"Signifikan","Naik"
"Rv1223",12204.7535645398,1.90042724177143,0.0236771293578252,80.2642589416505,0,0,"Signifikan","Naik"
"Rv1229c",8358.83691578306,1.35480591736426,0.0263672125195371,51.3822201099341,0,0,"Signifikan","Naik"
"Rv1233c",4309.12749041215,2.0802513402045,0.0380607544013273,54.6560721910429,0,0,"Signifikan","Naik"
"Rv1240",6598.07202003757,2.00644538805585,0.0307858676651981,65.1742354601245,0,0,"Signifikan","Naik"
"Rv1251c",5196.44917133705,-1.56885421606076,0.0326066218588665,-48.1145892037312,0,0,"Signifikan","Turun"
"Rv1274",5116.79713194571,2.33351153694338,0.0366252976696553,63.7131077538446,0,0,"Signifikan","Naik"
"Rv1288",1949.23294466519,-2.70710176876552,0.0567300825429183,-47.718981665812,0,0,"Signifikan","Turun"
"Rv1297",12079.7896701012,2.05480593205313,0.0340926840925217,60.2711692184967,0,0,"Signifikan","Naik"
"Rv1306",5231.06222543583,2.83127269016404,0.0412706969943076,68.6024927215199,0,0,"Signifikan","Naik"
"Rv1307",8510.05215707174,1.80026169592146,0.0267310767322745,67.347144821438,0,0,"Signifikan","Naik"
"Rv1308",9597.04253566539,1.98295951234809,0.028520078862271,69.5285423972416,0,0,"Signifikan","Naik"
"Rv1310",8388.6490250979,1.67678938116491,0.0264098247143189,63.4911211756658,0,0,"Signifikan","Naik"
"Rv1311",4005.11956924424,3.30007599549337,0.0481024341748084,68.6051766840034,0,0,"Signifikan","Naik"
"Rv1315",7397.39258315829,1.91493904623669,0.030246020563784,63.3120989321022,0,0,"Signifikan","Naik"
"Rvnr01",6413307.44015773,-1.45069910394323,0.0178395702940103,-81.3191730537538,0,0,"Signifikan","Turun"
"Rvnr02",7208553.53295562,-3.36226867181831,0.0164909745928109,-203.885383055775,0,0,"Signifikan","Turun"
"Rv1322A",8384.82579541372,2.00051835005094,0.0294740815551246,67.8738147042658,0,0,"Signifikan","Naik"
"Rv1323",15942.6508253716,2.42573112846604,0.0219468881574005,110.527338138737,0,0,"Signifikan","Naik"
"Rv1339",3995.38652455861,1.66127382157731,0.0374493954270063,44.3604977499663,0,0,"Signifikan","Naik"
"Rv1340",4363.05006765889,1.72389850167816,0.0376116041660722,45.8342189837576,0,0,"Signifikan","Naik"
"Rv1354c",2368.69389948231,-1.94289009667452,0.0471792607464406,-41.1810203452816,0,0,"Signifikan","Turun"
"Rv1355c",2888.6156798592,-2.90198793609582,0.0482499139952762,-60.1449348983282,0,0,"Signifikan","Turun"
"Rv1358",4689.34215440827,-4.3754288276667,0.0508005358127459,-86.1295802822792,0,0,"Signifikan","Turun"
"Rv1361c",29790.7361654383,3.80408076553492,0.0218157725890664,174.37295653886,0,0,"Signifikan","Naik"
"Rv1371",2004.88692718536,-7.26054531402842,0.156055231424911,-46.5254849051439,0,0,"Signifikan","Turun"
"Rv1372",1393.46855573677,-2.7566737608277,0.070097115460457,-39.3264935756563,0,0,"Signifikan","Turun"
"Rv1373",1473.19276130728,-2.65110308163253,0.0644268592487463,-41.1490349296224,0,0,"Signifikan","Turun"
"Rv1375",12661.4678686326,2.94114185179578,0.030056190793961,97.8547771391819,0,0,"Signifikan","Naik"
"Rv1386",8044.48427679535,5.12967837856526,0.0504408326862132,101.696940858935,0,0,"Signifikan","Naik"
"Rv1387",32009.1455977912,4.03118336756562,0.0231392255191201,174.21427369013,0,0,"Signifikan","Naik"
"Rv1388",6121.35387322328,2.72731976700048,0.0348169621065876,78.3330768104104,0,0,"Signifikan","Naik"
"Rv1389",7167.7014414336,2.86588290385681,0.0362369078035831,79.0874022527229,0,0,"Signifikan","Naik"
"Rv1390",2547.72314430777,2.15554557283833,0.050372122082783,42.7924312836342,0,0,"Signifikan","Naik"
"Rv1391",10274.6038849849,2.10428678842988,0.0254360124766408,82.7286427211167,0,0,"Signifikan","Naik"
"Rv1392",8095.37616654071,1.74887498146255,0.0275170666827327,63.5560105888754,0,0,"Signifikan","Naik"
"Rv1396c",7108.90269671113,1.50491365195067,0.0286291577741797,52.565767523484,0,0,"Signifikan","Naik"
"Rv1398c",13166.4624821594,2.43210727084438,0.032995926277992,73.7093194582199,0,0,"Signifikan","Naik"
"Rv1404",6310.5048457094,2.61700011992527,0.0587619564863285,44.5356192408968,0,0,"Signifikan","Naik"
"Rv1405c",14860.7910250416,3.78176911252941,0.02908380994855,130.030044867555,0,0,"Signifikan","Naik"
"Rv1408",4176.53425243487,1.83944642222652,0.0392055494605001,46.9180115452731,0,0,"Signifikan","Naik"
"Rv1409",5121.73539263876,1.77677432877677,0.0337158011870055,52.6985646558374,0,0,"Signifikan","Naik"
"Rv1410c",16384.5023606429,2.51849974209813,0.0224822780478652,112.021554788006,0,0,"Signifikan","Naik"
"Rv1415",8398.59244231648,1.6823467835127,0.0268319145752027,62.6994685301912,0,0,"Signifikan","Naik"
"Rv1416",3431.56591410905,1.95914562308405,0.0434935409452799,45.0445188068014,0,0,"Signifikan","Naik"
"Rv1423",5426.73301039704,1.59230886260003,0.0324218487088063,49.1122167924844,0,0,"Signifikan","Naik"
"Rv1431",2559.2352162644,-2.08421533047086,0.0460928656306706,-45.2177425281193,0,0,"Signifikan","Turun"
"Rv1432",2090.98963118811,-2.48397784601478,0.0540262439268397,-45.9772448623023,0,0,"Signifikan","Turun"
"Rv1435c",10984.1958708718,3.32615541191575,0.0302150084007581,110.082888867649,0,0,"Signifikan","Naik"
"Rv1437",5391.99955540811,1.79659766906231,0.0339255905272123,52.957005055556,0,0,"Signifikan","Naik"
"Rv1438",3841.79291039201,1.59864503273825,0.0385225027086416,41.4989920262796,0,0,"Signifikan","Naik"
"Rv1449c",11327.6317794439,1.40395316936791,0.0227818248413043,61.6260189492148,0,0,"Signifikan","Naik"
"Rv1451",5494.0859735874,1.64479100080835,0.0327586974230807,50.2092918886782,0,0,"Signifikan","Naik"
"Rv1460",9697.43636188841,1.29145028938138,0.0266454051382948,48.468029766427,0,0,"Signifikan","Naik"
"Rv1462",12773.6539872346,0.933027718440358,0.0223311723184105,41.7814033735767,0,0,"Tidak Signifikan","Tidak Signifikan"
"Rv1466",5573.51090284783,2.73894677473975,0.0406270142013552,67.4168857490981,0,0,"Signifikan","Naik"
"Rv1468c",6511.27212925482,1.89653900668661,0.035897618168181,52.8318897872635,0,0,"Signifikan","Naik"
"Rv1477",9669.37629173964,2.03807340492103,0.0266083109878923,76.5953692381459,0,0,"Signifikan","Naik"
"Rv1478",4039.49913374896,1.58791747762291,0.0370084389078815,42.9069024385339,0,0,"Signifikan","Naik"
"Rv1479",7714.44399306921,1.9860599092393,0.0336713103688966,58.983742761431,0,0,"Signifikan","Naik"
"Rv1480",6589.04030801167,2.03515139367452,0.0311501274676273,65.3336457704564,0,0,"Signifikan","Naik"
"Rv1483",3803.72900494023,1.90307829156223,0.040069776449811,47.4941080329188,0,0,"Signifikan","Naik"
"Rv1484",6657.29661036265,2.74436221059523,0.0336831776381525,81.4757514886817,0,0,"Signifikan","Naik"
"Rv1488",5790.53172885878,1.54265932375036,0.0312074097449798,49.4324692871545,0,0,"Signifikan","Naik"
"Rv1490",2642.8380764474,-3.29312324447466,0.0533141816993237,-61.768241385508,0,0,"Signifikan","Turun"
"Rv1497",11064.4552527309,1.89443967057222,0.0244861057582008,77.3679444693954,0,0,"Signifikan","Naik"
"Rv1503c",2072.19634049408,-2.5879115575686,0.056057099280996,-46.1656345184084,0,0,"Signifikan","Turun"
"Rv1505c",1044.87299791408,-4.0383175471997,0.0944261955446161,-42.7669199622853,0,0,"Signifikan","Turun"
"Rv1518",1326.85266786825,-3.15307417229284,0.0740644303830949,-42.5720437730191,0,0,"Signifikan","Turun"
"Rv1522c",6514.69493818958,-1.12192707344159,0.0274959005461949,-40.8034307353085,0,0,"Signifikan","Turun"
"Rv1526c",1642.77580035935,-2.30863733599534,0.0587329961112093,-39.3073312933669,0,0,"Signifikan","Turun"
"Rv1527c",11029.8601773062,-1.03574074649496,0.0227685229062935,-45.4900280864801,0,0,"Signifikan","Turun"
"Rv1529",2755.14352588715,-2.12467648204974,0.0457512037555284,-46.439794095975,0,0,"Signifikan","Turun"
"Rv1535",7996.53836374006,4.16018290796075,0.0476126083117384,87.3756564799475,0,0,"Signifikan","Naik"
"Rv1546",2235.72302313192,2.05614027275308,0.0529467307920733,38.834130870662,0,0,"Signifikan","Naik"
"Rv1548c",3473.17972137182,-3.66214441534474,0.0487149658477175,-75.1749354970824,0,0,"Signifikan","Turun"
"Rv1550",2410.0276426515,-2.15766881273317,0.0487712035647952,-44.2406308441125,0,0,"Signifikan","Turun"
"Rv1551",2366.88343169979,-3.45586356771802,0.0586318085864002,-58.9417869077914,0,0,"Signifikan","Turun"
"Rv1552",2414.88471360728,-3.54647263877866,0.0583839091383974,-60.7440079144383,0,0,"Signifikan","Turun"
"Rv1559",8399.20610147514,2.16280803372655,0.0284873113706721,75.9218027136522,0,0,"Signifikan","Naik"
"Rv1562c",2478.30895635798,-2.11031189016126,0.0468670562518528,-45.0276176686013,0,0,"Signifikan","Turun"
"Rv1563c",2935.76568465672,-2.08849313629453,0.043111494261912,-48.4439978722719,0,0,"Signifikan","Turun"
"Rv1564c",3628.05148757794,-1.4282969726411,0.0369633070373914,-38.6409411689344,0,0,"Signifikan","Turun"
"Rv1569",4870.60565562508,1.65606240344046,0.0387590175683252,42.7271511854273,0,0,"Signifikan","Naik"
"Rv1582c",2135.34918015789,-3.63681063034059,0.0649679919736062,-55.9784983321952,0,0,"Signifikan","Turun"
"Rv1589",4975.41139614859,1.62640950710402,0.0339155174367722,47.9547307552094,0,0,"Signifikan","Naik"
"Rv1590",1912.00288138987,3.78070655831415,0.075331595733329,50.1875278428683,0,0,"Signifikan","Naik"
"Rv1594",23853.1284644558,3.35122216577067,0.0208741558861528,160.544080634837,0,0,"Signifikan","Naik"
"Rv1595",45015.649698845,3.77615542119749,0.0182883805915954,206.478392238449,0,0,"Signifikan","Naik"
"Rv1596",19370.3714686758,3.46885867890064,0.02440787163645,142.120490084861,0,0,"Signifikan","Naik"
"Rv1611",13553.1017719382,3.36160223367491,0.0284479484942899,118.166771651378,0,0,"Signifikan","Naik"
"Rv1613",5917.20329562673,2.4176042604202,0.0346929837993883,69.6856826844289,0,0,"Signifikan","Naik"
"Rv1614",8351.07087267201,1.71388935979472,0.0272691141950378,62.8509363207183,0,0,"Signifikan","Naik"
"Rv1617",6815.30681018439,1.25094702000474,0.0303854881181537,41.1692257547564,0,0,"Signifikan","Naik"
"Rv1627c",5240.85431029873,1.60698788914034,0.0327508949563489,49.0669916435005,0,0,"Signifikan","Naik"
"Rv1630",15712.134570707,2.81443298141282,0.0231063568048518,121.803406966426,0,0,"Signifikan","Naik"
"Rv1631",5433.51591646798,1.47353897001537,0.0321344901621287,45.8553710539951,0,0,"Signifikan","Naik"
"Rv1636",3376.21120411993,1.89074107347044,0.0422428245244895,44.7588695773483,0,0,"Signifikan","Naik"
"Rv1639c",12484.6475263287,2.27216556477626,0.0235974647539501,96.2885457598111,0,0,"Signifikan","Naik"
"Rv1641",5341.62952622899,2.43097178715841,0.0390371351966331,62.2733142407457,0,0,"Signifikan","Naik"
"Rv1643",2521.48373924811,2.29250109428605,0.0515199274920775,44.4973664731687,0,0,"Signifikan","Naik"
"Rv1644",3714.14333409394,2.05548233824609,0.0437801803700721,46.950065551836,0,0,"Signifikan","Naik"
"Rv1646",9327.17274879717,2.38903697278628,0.0286127683323268,83.495485128824,0,0,"Signifikan","Naik"
"Rv1662",8674.9991595278,-1.03863517562452,0.0250709649740848,-41.4278100862146,0,0,"Signifikan","Turun"
"Rv1663",2144.29984811052,-2.10308555936193,0.0507180843589234,-41.4661867841606,0,0,"Signifikan","Turun"
"Rv1664",4856.13262345602,-2.21922422125485,0.0365278479416105,-60.7543106509385,0,0,"Signifikan","Turun"
"Rv1673c",1139.18066454457,-4.10942495483739,0.0913272759320301,-44.9966881514763,0,0,"Signifikan","Turun"
"Rv1697",6862.12243793275,2.19041432463125,0.0306408738343667,71.4866794097265,0,0,"Signifikan","Naik"
"Rv1703c",4390.95326779658,1.84130752388311,0.0373420832643913,49.3091804987471,0,0,"Signifikan","Naik"
"Rv1716",1045.10625696199,-3.31084905752009,0.0839077439272236,-39.4582061506947,0,0,"Signifikan","Turun"
"Rv1730c",2354.31576269444,-2.87280552983365,0.0531667239210049,-54.0339016205335,0,0,"Signifikan","Turun"
"Rv1733c",6293.47812962767,2.59477701565897,0.0355296494780309,73.0313147970514,0,0,"Signifikan","Naik"
"Rv1736c",18419.0517049059,2.850105214133,0.0214606859853421,132.805876572615,0,0,"Signifikan","Naik"
"Rv1737c",15069.2350465777,3.30525252803049,0.0263411306709827,125.478764344446,0,0,"Signifikan","Naik"
"Rv1738",21515.9338025058,5.74661717597179,0.0375606161579554,152.995817528798,0,0,"Signifikan","Naik"
"Rv1750c",2335.28954086009,-2.78242406938743,0.0522590011151021,-53.2429631262766,0,0,"Signifikan","Turun"
"Rv1751",7678.76587330084,1.73992724546974,0.028825797487656,60.360073167614,0,0,"Signifikan","Naik"
"Rv1753c",4508.21344850271,-2.33906837239503,0.0382123747073855,-61.2123269047433,0,0,"Signifikan","Turun"
"Rv1768",12303.0445010208,2.37999006567843,0.0244619880836828,97.293403035626,0,0,"Signifikan","Naik"
"Rv1770",7661.33264045981,1.75244650526388,0.0293417451011747,59.7253673638424,0,0,"Signifikan","Naik"
"Rv1777",1854.5958641536,-3.57657732435085,0.06686939252377,-53.4860148920822,0,0,"Signifikan","Turun"
"Rv1779c",13930.183454915,2.07939537732879,0.0245030198218011,84.862820682971,0,0,"Signifikan","Naik"
"Rv1782",13732.2608000221,1.9989992440327,0.0222759573660084,89.7379722535757,0,0,"Signifikan","Naik"
"Rv1783",25609.7441507536,1.61653925098564,0.0163022265242161,99.1606421726725,0,0,"Signifikan","Naik"
"Rv1789",15517.0015105603,2.61494750057405,0.0223438389345114,117.032149588901,0,0,"Signifikan","Naik"
"Rv1795",9494.46386766607,1.73442505466222,0.0257164049349035,67.4443048728084,0,0,"Signifikan","Naik"
"Rv1796",10656.9730794053,1.97678931394473,0.0245541940482717,80.5071960439228,0,0,"Signifikan","Naik"
"Rv1797",14670.5398827879,2.37335897098807,0.0223371291217044,106.251746052806,0,0,"Signifikan","Naik"
"Rv1800",4136.56161528674,-1.39871580215276,0.0350475748241904,-39.9090610168937,0,0,"Signifikan","Turun"
"Rv1801",1699.76089661675,-2.94811703597749,0.063245854502363,-46.6136011470498,0,0,"Signifikan","Turun"
"Rv1802",1968.92995387917,-2.93845923366412,0.0579961893796595,-50.6664190370877,0,0,"Signifikan","Turun"
"Rv1805c",59475.552822031,4.01336502927669,0.0177990106941692,225.482477550926,0,0,"Signifikan","Naik"
"Rv1813c",8043.8139340192,3.23352721620229,0.0414929293988274,77.9295957902087,0,0,"Signifikan","Naik"
"Rv1815",4327.73901428259,1.84752414936911,0.0367328852114642,50.2961893337065,0,0,"Signifikan","Naik"
"Rv1818c",15089.9407221355,2.6000255520877,0.0264711537653897,98.2210890817749,0,0,"Signifikan","Naik"
"Rv1821",10843.2783002867,1.05144031633087,0.0234391945111829,44.8582102865873,0,0,"Signifikan","Naik"
"Rv1827",13837.5678869611,2.59409422507842,0.0244418752934609,106.133191252,0,0,"Signifikan","Naik"
"Rv1830",5987.38581513593,2.59143823461284,0.0347189723093823,74.6404073116112,0,0,"Signifikan","Naik"
"Rv1836c",8696.11333374814,1.23588410975198,0.0251469992748103,49.146385071477,0,0,"Signifikan","Naik"
"Rv1837c",11522.0166484683,1.2484651113263,0.0277727404789711,44.9528958898243,0,0,"Signifikan","Naik"
"Rv1843c",9310.32630286458,1.39913115744758,0.0246297523553561,56.8065458905563,0,0,"Signifikan","Naik"
"Rv1846c",4075.57716842859,1.69933465963098,0.0374114354772494,45.4228670446066,0,0,"Signifikan","Naik"
"Rv1854c",8717.41919138218,1.56223129360916,0.0256972060439868,60.7938190219992,0,0,"Signifikan","Naik"
"Rv1860",5561.06496738156,2.23412701083226,0.0351849390444851,63.496685556499,0,0,"Signifikan","Naik"
"Rv1863c",5029.65681246006,1.95455540940212,0.0347610636862712,56.2282968968544,0,0,"Signifikan","Naik"
"Rv1866",3764.51559041377,-1.88892748379354,0.0394654505093149,-47.8628131547037,0,0,"Signifikan","Turun"
"Rv1871c",20381.0303794895,4.08990032172545,0.0265466832663919,154.064456214131,0,0,"Signifikan","Naik"
"Rv1872c",67786.2765818598,4.24131096365735,0.0164854705293975,257.275699598267,0,0,"Signifikan","Naik"
"Rv1883c",3214.31312858659,2.04039695012485,0.0438309386504395,46.5515230325643,0,0,"Signifikan","Naik"
"Rv1886c",6150.4085503927,2.39099268621895,0.0339378025375857,70.452195116963,0,0,"Signifikan","Naik"
"Rv1887",11084.8584536265,2.64611859337354,0.0263132954808128,100.562036986323,0,0,"Signifikan","Naik"
"Rv1891",4164.78197894071,2.6486505167942,0.0417182267436043,63.4890483977789,0,0,"Signifikan","Naik"
"Rv1899c",16437.0609537431,2.88491922849274,0.0242993956953343,118.723908391132,0,0,"Signifikan","Naik"
"Rv1901",5341.09702124619,1.42447857949695,0.0320267160504882,44.4778221173641,0,0,"Signifikan","Naik"
"Rv1904",4916.3201004906,2.52963527699606,0.0389296051907894,64.9797310966453,0,0,"Signifikan","Naik"
"Rv1917c",8606.00011246867,-4.41836628623,0.0483287608080251,-91.4231238781592,0,0,"Signifikan","Turun"
"Rv1918c",7146.04627234771,-1.10995506928967,0.0281647879593956,-39.4093174388479,0,0,"Signifikan","Turun"
"Rv1919c",3524.5172857255,2.04260396808035,0.0435541824792554,46.8979981211502,0,0,"Signifikan","Naik"
"Rv1925",20741.2081186285,1.43815760188165,0.0199866069257308,71.9560657407118,0,0,"Signifikan","Naik"
"Rv1934c",1396.59170580661,-3.44666128237788,0.0744374667095256,-46.3027751310727,0,0,"Signifikan","Turun"
"Rv1935c",1226.97725396755,-3.13285888477658,0.0772940321080138,-40.5317047039103,0,0,"Signifikan","Turun"
"Rv1936",1746.58915549223,-2.82203304323126,0.0600980103115622,-46.9571792577022,0,0,"Signifikan","Turun"
"Rv1937",3354.87549324828,-2.59344528051177,0.0426619420792323,-60.7906052587853,0,0,"Signifikan","Turun"
"Rv1938",1321.94606552227,-2.778134899166,0.0689761070624809,-40.2767714427471,0,0,"Signifikan","Turun"
"Rv1945",1475.22154558786,-2.89882994560618,0.0671032572417221,-43.1995414941468,0,0,"Signifikan","Turun"
"Rv1966",1410.95850746597,-3.31349217388897,0.0723244633306546,-45.8142656204758,0,0,"Signifikan","Turun"
"Rv1967",1162.95945250659,-3.14471718544341,0.0767933189704636,-40.9504007328155,0,0,"Signifikan","Turun"
"Rv1968",1407.13525827705,-3.64035503644075,0.0755257528473015,-48.2001820465245,0,0,"Signifikan","Turun"
"Rv1969",1306.08101808118,-3.32631057954188,0.0744119548668078,-44.7012927626447,0,0,"Signifikan","Turun"
"Rv1970",1285.74785807235,-2.91541784451324,0.0707239553233744,-41.2224942904131,0,0,"Signifikan","Turun"
"Rv1971",1501.63043914275,-4.00659145155363,0.0788214369713787,-50.8312409098617,0,0,"Signifikan","Turun"
"Rv1980c",4646.1274147252,1.72077654625276,0.0399310444821712,43.0937023703718,0,0,"Signifikan","Naik"
"Rv1995",1255.54450140965,-2.73461670668052,0.0705396136433897,-38.7671063879833,0,0,"Signifikan","Turun"
"Rv1996",12129.8329934197,3.0037103632464,0.0272172618108629,110.360490490177,0,0,"Signifikan","Naik"
"Rv1999c",1582.94793302414,-3.61954637478854,0.0718768826765473,-50.3575870294325,0,0,"Signifikan","Turun"
"Rv2000",2280.36283857094,-3.26592278681183,0.0589574761253523,-55.3945487738992,0,0,"Signifikan","Turun"
"Rv2004c",7155.31448334137,1.23475795426975,0.0276117751063746,44.7185285811157,0,0,"Signifikan","Naik"
"Rv2005c",17102.0240656873,3.55825808545384,0.0250330275281918,142.142538749921,0,0,"Signifikan","Naik"
"Rv2007c",10715.8331696139,3.8008611086178,0.0329025423282892,115.51876662582,0,0,"Signifikan","Naik"
"Rv2008c",1827.01330179173,-3.31478349723883,0.0637514562970625,-51.9954161014446,0,0,"Signifikan","Turun"
"Rv2025c",1722.0691895446,-2.30177095491985,0.0588492034941943,-39.1130349818062,0,0,"Signifikan","Turun"
"Rv2028c",3640.32425071912,1.95221732527429,0.0445830396601152,43.788340592236,0,0,"Signifikan","Naik"
"Rv2029c",4609.22014584031,1.50123834239661,0.0344527850784549,43.5737876917073,0,0,"Signifikan","Naik"
"Rv2030c",34550.9878370604,3.68705026653397,0.0190969727734686,193.069881298484,0,0,"Signifikan","Naik"
"Rv2031c",15692.4521948541,4.85594890006561,0.036309250102764,133.738617193197,0,0,"Signifikan","Naik"
"Rv2032",11251.1175243357,2.94732807056362,0.0277523957577512,106.200851857643,0,0,"Signifikan","Naik"
"Rv2033c",5061.76621168326,1.97070630342589,0.0386940664193208,50.930452283554,0,0,"Signifikan","Naik"
"Rv2038c",1264.87318284662,-3.63791179235494,0.0801425661263249,-45.3930035958753,0,0,"Signifikan","Turun"
"Rv2039c",1010.02045743932,-3.57168595228564,0.0881305077993428,-40.5272367250819,0,0,"Signifikan","Turun"
"Rv2040c",1164.33192359812,-4.05277204246412,0.0897417718153146,-45.1603747116179,0,0,"Signifikan","Turun"
"Rv2041c",1901.05646804653,-2.25950008390358,0.0540217735440626,-41.8257294359399,0,0,"Signifikan","Turun"
"Rv2053c",5607.87199869533,1.61669897859218,0.0325800067460582,49.6224261459915,0,0,"Signifikan","Naik"
"Rv2074",2874.76786922166,2.12506649450987,0.0480886346058803,44.1906182599332,0,0,"Signifikan","Naik"
"Rv2077c",7082.27339528572,1.38803789809483,0.0287028706499278,48.3588528486897,0,0,"Signifikan","Naik"
"Rv2079",3162.02698110648,-2.05872067282431,0.0416042421802886,-49.4834316150505,0,0,"Signifikan","Turun"
"Rv2089c",1390.09734907359,-2.74204016407534,0.0683097446388459,-40.1412738193142,0,0,"Signifikan","Turun"
"Rv2094c",5400.20298607792,3.62839324369094,0.0440885475234432,82.2978629940489,0,0,"Signifikan","Naik"
"Rv2101",14348.3520277332,1.63027725786287,0.0213436617875711,76.382266271302,0,0,"Signifikan","Naik"
"Rv2108",1278.68561274457,-3.10667340282782,0.0741238459999215,-41.9119294326836,0,0,"Signifikan","Turun"
"Rv2110c",7814.24939319141,1.82136417240294,0.0284519861943215,64.0153611759608,0,0,"Signifikan","Naik"
"Rv2111c",2535.80864389417,2.51705280309569,0.0555754028352792,45.2907702811623,0,0,"Signifikan","Naik"
"Rv2115c",10480.3133724528,1.25886292015617,0.0235400341381089,53.4775316284782,0,0,"Signifikan","Naik"
"Rv2123",1663.09495919507,-2.97602007529631,0.0637346685901634,-46.693897389397,0,0,"Signifikan","Turun"
"Rv2124c",17491.4393602357,1.42306928751459,0.0198436887604798,71.71394919017,0,0,"Signifikan","Naik"
"Rv2134c",5700.92197604962,1.4371475568679,0.0314540612622638,45.6903655424644,0,0,"Signifikan","Naik"
"Rv2137c",19172.0996285847,2.78976216795439,0.0238660569708144,116.892462435917,0,0,"Signifikan","Naik"
"Rv2142A",3158.34437131925,2.8541020314596,0.0490899515218504,58.1402495414812,0,0,"Signifikan","Naik"
"Rv2144c",7366.31706378913,3.46759673246063,0.0362755560975753,95.590450030135,0,0,"Signifikan","Naik"
"Rv2145c",7978.50423345486,2.16082555856118,0.0286238859663675,75.4902937043596,0,0,"Signifikan","Naik"
"Rv2147c",5942.77817286513,2.10601808975984,0.0333328270244146,63.1815023735397,0,0,"Signifikan","Naik"
"Rv2149c",4759.6357093893,1.39877232504948,0.0340306790624199,41.1032739747515,0,0,"Signifikan","Naik"
"Rv2150c",11088.3032794172,2.31234521177743,0.0285890413570763,80.8822227683782,0,0,"Signifikan","Naik"
"Rv2153c",7145.40244765887,1.66267644158291,0.0284610021686922,58.4194622426856,0,0,"Signifikan","Naik"
"Rv2155c",7732.66913312104,1.58112713981965,0.0282860337830062,55.8978028503085,0,0,"Signifikan","Naik"
"Rv2157c",8718.20922479429,1.47688885246353,0.0257450603686387,57.3659114143153,0,0,"Signifikan","Naik"
"Rv2158c",18247.5457145236,2.27196243958124,0.0235830024694729,96.3389815407172,0,0,"Signifikan","Naik"
"Rv2159c",10151.8026891214,1.20779981701972,0.0310434305920013,38.9067765381227,0,0,"Signifikan","Naik"
"Rv2160c",11190.9669606396,1.56959965917764,0.0277459921596559,56.5703201437474,0,0,"Signifikan","Naik"
"Rv2161c",76785.6093392225,2.92362905060417,0.0173803897328089,168.214240045794,0,0,"Signifikan","Naik"
"Rv2162c",58647.1891564612,3.87738175313124,0.0190310494239044,203.739776339447,0,0,"Signifikan","Naik"
"Rv2166c",3987.29517805453,2.55394734775925,0.0421671869280721,60.5671739999094,0,0,"Signifikan","Naik"
"Rv2172c",5544.48493981965,2.06459346957774,0.0367880902203202,56.1212462297743,0,0,"Signifikan","Naik"
"Rv2178c",6702.01645251463,1.41989540900486,0.0320464028065881,44.3074817967701,0,0,"Signifikan","Naik"
"Rv2182c",7369.48158972777,2.35193112703669,0.0316547197353153,74.2995403751048,0,0,"Signifikan","Naik"
"Rv2190c",12753.5114081888,2.93424180174416,0.0260631364906018,112.582067887425,0,0,"Signifikan","Naik"
"Rv2191",2729.01327671507,-2.15816707290734,0.0453866345059453,-47.5507183204922,0,0,"Signifikan","Turun"
"Rv2195",11649.1432217743,1.21747506706647,0.0261506951834384,46.5561262722192,0,0,"Signifikan","Naik"
"Rv2196",13799.1680850439,1.66247313294795,0.0326590662899454,50.9038782122124,0,0,"Signifikan","Naik"
"Rv2197c",4103.81252853212,2.12943469829583,0.0457175526668061,46.5780553437617,0,0,"Signifikan","Naik"
"Rv2199c",2700.79172900605,1.92510568184805,0.0470392494119718,40.9255187085979,0,0,"Signifikan","Naik"
"Rv2200c",8108.3700305309,2.33982802833734,0.0304260172319376,76.9022120279769,0,0,"Signifikan","Naik"
"Rv2204c",3641.12475520824,2.34245248715676,0.0426833135621503,54.8798181693641,0,0,"Signifikan","Naik"
"Rv2213",7062.72315313213,1.57255489702914,0.0318292360271952,49.4059893767332,0,0,"Signifikan","Naik"
"Rv2214c",8083.50126869513,1.22516933494971,0.0268748120050985,45.5880150795948,0,0,"Signifikan","Naik"
"Rv2215",11904.1774722395,1.81585493696516,0.024504362864862,74.1033320057873,0,0,"Signifikan","Naik"
"Rv2219",6268.42041980405,2.32894829695252,0.0327516341278271,71.1093769508665,0,0,"Signifikan","Naik"
"Rv2221c",13956.7596371263,1.1361448031268,0.0221964908137875,51.1857848458224,0,0,"Signifikan","Naik"
"Rv2225",6279.29559221351,1.99738930416353,0.0330397340332992,60.4541580797975,0,0,"Signifikan","Naik"
"Rv2239c",5368.54365618964,3.17603161308232,0.0401256190660208,79.152214645128,0,0,"Signifikan","Naik"
"Rv2243",13322.7581641933,2.98093086571142,0.0269664014368778,110.542404877013,0,0,"Signifikan","Naik"
"Rv2244",4723.66917132799,3.0217770919668,0.0418557720618063,72.1949911114935,0,0,"Signifikan","Naik"
"Rv2245",27335.5570633162,3.6707004908511,0.021388817516435,171.617738476218,0,0,"Signifikan","Naik"
"Rv2246",22070.9677218962,3.25822894480785,0.0220057468300253,148.062638817703,0,0,"Signifikan","Naik"
"Rv2247",29895.143603596,3.50448611277509,0.021521200337257,162.838784912392,0,0,"Signifikan","Naik"
"Rv2256c",7384.6358208898,2.32205158916936,0.0309687031644931,74.9805885262801,0,0,"Signifikan","Naik"
"Rv2258c",4861.86844985685,1.61981430710252,0.0376356171838868,43.0393980039742,0,0,"Signifikan","Naik"
"Rv2267c",2008.62408817602,-3.9297846800358,0.0669894399209663,-58.6627487059473,0,0,"Signifikan","Turun"
"Rv2268c",2363.8724513251,-1.94627237099164,0.047280719904828,-41.1641864783217,0,0,"Signifikan","Turun"
"Rv2270",833.184447521222,-4.55640230012749,0.118108197505621,-38.5782053774094,0,0,"Signifikan","Turun"
"Rv2276",1741.80657948779,-3.91175263398633,0.072723558575147,-53.7893457172371,0,0,"Signifikan","Turun"
"Rv2277c",1252.10768558054,-4.96032382689756,0.10658855166416,-46.537116317394,0,0,"Signifikan","Turun"
"Rv2281",2172.35967188994,-2.70325942098256,0.0559569423618193,-48.3096342810013,0,0,"Signifikan","Turun"
"Rv2282c",1233.01988974269,-2.77008452298407,0.0713532383921272,-38.822127564286,0,0,"Signifikan","Turun"
"Rv2287",2438.53363940723,-1.87343677175141,0.0472731430634233,-39.6300446796596,0,0,"Signifikan","Turun"
"Rv2291",4791.52585883489,1.50529849880799,0.0350951760337898,42.8918919614104,0,0,"Signifikan","Naik"
"Rv2317",960.055400568182,-4.21698584297777,0.101592195257409,-41.5089548197379,0,0,"Signifikan","Turun"
"Rv2318",1552.99311151082,-3.33767286217088,0.0688577332900977,-48.4720118234107,0,0,"Signifikan","Turun"
"Rv2319c",1429.97246069849,-2.93634217640156,0.0672994370965388,-43.6310064850836,0,0,"Signifikan","Turun"
"Rv2320c",2169.8818900224,-3.22006984268438,0.0570063179946085,-56.4861923372936,0,0,"Signifikan","Turun"
"Rv2323c",1702.64727159168,-3.37383774607247,0.0658955112199096,-51.1998113925112,0,0,"Signifikan","Turun"
"Rv2326c",12122.2820792003,1.31175683968861,0.0219910759950578,59.6495069174153,0,0,"Signifikan","Naik"
"Rv2339",5602.58025741257,-2.17170943522864,0.0318510477072275,-68.1832966749109,0,0,"Signifikan","Turun"
"Rv2340c",7870.48976066226,1.33757046747514,0.0282461180410927,47.3541343107478,0,0,"Signifikan","Naik"
"Rv2345",7758.44706969431,1.03462859096353,0.0268124140243444,38.5876702494648,0,0,"Signifikan","Naik"
"Rv2348c",3311.53628253679,1.57898053051693,0.0407687384702358,38.7301788028026,0,0,"Signifikan","Naik"
"Rv2353c",2273.46176152952,-6.76562649237118,0.125864054067411,-53.7534448774992,0,0,"Signifikan","Turun"
"Rv2368c",6301.93613776525,1.42141627918984,0.0360260476324928,39.4552378792678,0,0,"Signifikan","Naik"
"Rv2370c",2023.62609695104,-2.53462103927099,0.0551220415312801,-45.9819877649609,0,0,"Signifikan","Turun"
"Rv2372c",5165.61587720704,1.62439654730808,0.0332194368765052,48.898979032873,0,0,"Signifikan","Naik"
"Rv2373c",7558.77453833401,1.45630098230899,0.0274292254650754,53.0930406388338,0,0,"Signifikan","Naik"
"Rv2376c",8151.53770925884,3.42292568403824,0.0341933695480175,100.104953951129,0,0,"Signifikan","Naik"
"Rv2384",2303.69737991775,-2.41252871379367,0.050466757615598,-47.8043137260719,0,0,"Signifikan","Turun"
"Rv2386c",1785.4668777051,-2.49851787359602,0.0589618851170417,-42.3751355411443,0,0,"Signifikan","Turun"
"Rv2390c",3438.54935076173,2.084892027554,0.0443561141415752,47.0034868451162,0,0,"Signifikan","Naik"
"Rv2391",7898.8686615712,1.22654328219324,0.0297513667071832,41.2264516875826,0,0,"Signifikan","Naik"
"Rv2392",3448.53506350779,1.90104799702563,0.0442039755023629,43.0062675454158,0,0,"Signifikan","Naik"
"Rv2393",5717.54233512895,1.93396306838479,0.0382807294867993,50.5205385140766,0,0,"Signifikan","Naik"
"Rv2396",23960.1485600406,3.55091950479754,0.0243846796752055,145.620920680297,0,0,"Signifikan","Naik"
"Rv2407",1286.8029564026,-3.63384331725811,0.0800373020283527,-45.4018716919124,0,0,"Signifikan","Turun"
"Rv2412",3653.99686016408,3.13646810083342,0.0500482720253973,62.6688589616401,0,0,"Signifikan","Naik"
"Rv2423",1700.2070952351,-2.7308158127345,0.061101542612907,-44.6930747728396,0,0,"Signifikan","Turun"
"Rv2430c",3080.25436309409,1.65226416163822,0.0423913163556797,38.9764768750062,0,0,"Signifikan","Naik"
"Rv2435c",3704.90643636673,-2.72309962936726,0.0417240611039795,-65.2644914544893,0,0,"Signifikan","Turun"
"Rv2441c",4181.1265134342,3.35102240379624,0.0478950648936721,69.9659226109321,0,0,"Signifikan","Naik"
"Rv2444c",20967.8904964367,1.89434105208612,0.0201077632611422,94.2094367973231,0,0,"Signifikan","Naik"
"Rv2445c",3023.24978915409,2.18133263903347,0.0461497551862378,47.2663967605177,0,0,"Signifikan","Naik"
"Rv2447c",7502.65342263366,1.46221721000464,0.027458689175943,53.2515299851135,0,0,"Signifikan","Naik"
"Rv2453c",4183.33390399791,1.77541561792245,0.0382440246695688,46.4233467387958,0,0,"Signifikan","Naik"
"Rv2454c",7191.00637357017,1.75150191930989,0.0290080965010668,60.3797605005027,0,0,"Signifikan","Naik"
"Rv2455c",17818.9426947889,2.13149001267877,0.0201256839628083,105.908947820988,0,0,"Signifikan","Naik"
"Rv2457c",20004.0809594991,3.2145247130371,0.0236238897353896,136.070932816013,0,0,"Signifikan","Naik"
"Rv2460c",7851.86491291517,2.29086763225005,0.0357809983827872,64.0246984654318,0,0,"Signifikan","Naik"
"Rv2461c",5346.9624903615,1.50106716242793,0.0332214358755274,45.1836930845514,0,0,"Signifikan","Naik"
"Rv2463",6480.85489117713,1.86514605975864,0.0309271172725663,60.3077888999732,0,0,"Signifikan","Naik"
"Rv2476c",22284.3406906278,1.28168217037565,0.0175672856428904,72.9584636141191,0,0,"Signifikan","Naik"
"Rv2477c",11577.0713883611,2.12741419138249,0.0385376474380746,55.2035303867729,0,0,"Signifikan","Naik"
"Rv2484c",9884.52619724012,1.43245160740203,0.024012308114478,59.6548903409391,0,0,"Signifikan","Naik"
"Rv2487c",10997.6246152024,-2.73994593186825,0.0292957658373727,-93.5270286866127,0,0,"Signifikan","Turun"
"Rv2488c",51842.0281333615,-5.16475286987937,0.0240748879470077,-214.528635865211,0,0,"Signifikan","Turun"
"Rv2490c",14023.3273476172,-2.50482695768516,0.02733993413504,-91.6178855923018,0,0,"Signifikan","Turun"
"Rv2492",1089.54664330528,-6.14744949587063,0.151770537240267,-40.5048938196656,0,0,"Signifikan","Turun"
"Rv2515c",1832.29302916074,-2.97386162505125,0.0610609723441566,-48.703148850787,0,0,"Signifikan","Turun"
"Rv2518c",8915.61027972431,2.01470044737912,0.0323274252128237,62.3217108729071,0,0,"Signifikan","Naik"
"Rv2524c",110436.699863973,2.88989448378499,0.0118522368270905,243.82692701344,0,0,"Signifikan","Naik"
"Rv2525c",4219.7026583587,1.47482773382397,0.0363807768186644,40.5386542781939,0,0,"Signifikan","Naik"
"Rv2528c",1550.78897488282,-2.42982792250524,0.0610871245668961,-39.7764330819721,0,0,"Signifikan","Turun"
"Rv2533c",3937.89613698031,2.67264051306303,0.0447256893872579,59.7562731771878,0,0,"Signifikan","Naik"
"Rv2535c",7412.38877397045,1.91799468583287,0.029120759521159,65.8634842418607,0,0,"Signifikan","Naik"
"Rv2536",3675.10797904937,1.8187310475488,0.0403531892398689,45.0703174100524,0,0,"Signifikan","Naik"
"Rv2540c",11546.5906684552,2.07601107971333,0.0246747684643742,84.134977100624,0,0,"Signifikan","Naik"
"Rv2543",4862.87422907621,2.10857107847487,0.0389864641126458,54.0846964829245,0,0,"Signifikan","Naik"
"Rv2555c",18556.6687845031,1.36326139526457,0.0184247813943144,73.9906415218177,0,0,"Signifikan","Naik"
"Rv2556c",5280.80297295455,2.44431217077553,0.0359004003961836,68.0859306247563,0,0,"Signifikan","Naik"
"Rv2558",22161.856043803,1.50549459092413,0.0210939848154686,71.370800922362,0,0,"Signifikan","Naik"
"Rv2577",2082.21017302521,-3.68382816811068,0.0642240217685719,-57.3590389805419,0,0,"Signifikan","Turun"
"Rv2583c",17502.4941200102,1.59789082182209,0.0189825417179974,84.1768634337901,0,0,"Signifikan","Naik"
"Rv2584c",13262.1391055156,3.08783896733471,0.0261144014470036,118.242762469634,0,0,"Signifikan","Naik"
"Rv2585c",9531.81345380885,1.81068110830259,0.0315506625113981,57.3896382571509,0,0,"Signifikan","Naik"
"Rv2587c",7381.86812419268,1.1682705470189,0.0270621117377254,43.1699698213238,0,0,"Signifikan","Naik"
"Rv2590",19645.4290879181,1.70220730910556,0.0193842990516967,87.8137148300216,0,0,"Signifikan","Naik"
"Rv2594c",5440.67991649703,2.73344515188353,0.0371055733629145,73.666700286472,0,0,"Signifikan","Naik"
"Rv2601",2429.06366780208,-2.22671565026872,0.0480451003959131,-46.3463627283446,0,0,"Signifikan","Turun"
"Rv2603c",5009.39510702906,2.1089534575753,0.0419416034311503,50.2830908941589,0,0,"Signifikan","Naik"
"Rv2606c",8663.34131328955,2.23143449764975,0.0286486011069286,77.8898239855097,0,0,"Signifikan","Naik"
"Rv2608",7679.36571673776,1.21247659476637,0.0274786022626209,44.1243911600153,0,0,"Signifikan","Naik"
"Rv2615c",5081.59700148896,1.63457293034242,0.0336100287667444,48.633487989149,0,0,"Signifikan","Naik"
"Rv2623",21460.5552824183,4.03639639983314,0.0248606805353941,162.360655979893,0,0,"Signifikan","Naik"
"Rv2625c",7535.02896170406,2.14199092276312,0.0296910567005313,72.1426301652911,0,0,"Signifikan","Naik"
"Rv2626c",3057.31696569513,1.95414700866602,0.0445408006442654,43.8731899831175,0,0,"Signifikan","Naik"
"Rv2627c",7737.29959795788,1.73417052077821,0.0306450698479412,56.5888911130909,0,0,"Signifikan","Naik"
"Rv2628",4313.77424993477,2.33911846045869,0.043520842941338,53.7470853588844,0,0,"Signifikan","Naik"
"Rv2629",8450.55283319564,1.86577605136505,0.0271223206267107,68.7911656618199,0,0,"Signifikan","Naik"
"Rv2632c",3612.0796407001,2.55797055469299,0.0438022139063476,58.3982024324642,0,0,"Signifikan","Naik"
"Rv2633c",6790.72349466976,2.45998317941441,0.0321211411224435,76.5845512784594,0,0,"Signifikan","Naik"
"Rv2639c",3022.62092041707,1.72301640430919,0.0444550063441936,38.7586583830111,0,0,"Signifikan","Naik"
"Rv2643",2059.82248915559,-2.29549298210498,0.0524014029739376,-43.8059451050703,0,0,"Signifikan","Turun"
"Rv2659c",2473.48455532465,-2.12452908060483,0.047405841082511,-44.8157659919384,0,0,"Signifikan","Turun"
"Rv2682c",13946.4315665587,2.23152625188477,0.0281850997301772,79.1739704044943,0,0,"Signifikan","Naik"
"Rv2694c",9846.21025656354,1.70809905756043,0.028572814581947,59.7805670373003,0,0,"Signifikan","Naik"
"Rv2696c",4514.35617027344,1.44962915466992,0.0364365704112573,39.78500551254,0,0,"Signifikan","Naik"
"Rv2703",13774.5307177762,2.36499772656749,0.022953083574386,103.036165877366,0,0,"Signifikan","Naik"
"Rv2706c",5815.0843027526,3.39573360573952,0.0412161406482068,82.3884418175689,0,0,"Signifikan","Naik"
"Rv2710",47665.4666249725,2.06573579035117,0.0191395802159559,107.930046899829,0,0,"Signifikan","Naik"
"Rv2711",11466.1907983754,1.70931419558707,0.0254462963824505,67.1733980417651,0,0,"Signifikan","Naik"
"Rv2718c",3497.1845355105,1.73449219074849,0.0418229773888922,41.472231271826,0,0,"Signifikan","Naik"
"Rv2721c",16921.906689135,2.29363982484111,0.02158747016867,106.248662160047,0,0,"Signifikan","Naik"
"Rv2724c",6187.27359705064,1.71616868046929,0.0313680708927733,54.7106861093159,0,0,"Signifikan","Naik"
"Rv2725c",6269.09799339468,1.2957209451475,0.0297373288707282,43.5722035015369,0,0,"Signifikan","Naik"
"Rv2726c",4435.55787559932,1.48554869670767,0.0354042894032141,41.9595682260128,0,0,"Signifikan","Naik"
"Rv2732c",3636.37955016875,1.97820931600131,0.0406938692309843,48.61197407336,0,0,"Signifikan","Naik"
"Rv2735c",1391.06432089506,-3.18542955245632,0.070771115526346,-45.0103058114222,0,0,"Signifikan","Turun"
"Rv2741",7053.4833354206,1.79369902207377,0.0294661770977535,60.8731501247416,0,0,"Signifikan","Naik"
"Rv2743c",9688.21999499739,1.89360064419435,0.0257531172139383,73.5289879071211,0,0,"Signifikan","Naik"
"Rv2744c",10078.4989663397,1.37857107105409,0.0243210849116408,56.6821371687355,0,0,"Signifikan","Naik"
"Rv2745c",26268.5431779223,2.06183813842446,0.0188686965838512,109.272950002762,0,0,"Signifikan","Naik"
"Rv2753c",5988.65736744897,1.52841634640134,0.0309027990232462,49.4588320382116,0,0,"Signifikan","Naik"
"Rv2756c",2803.91937372892,-2.41553380395863,0.0470262339144383,-51.3656655634717,0,0,"Signifikan","Turun"
"Rv2768c",1836.71773265315,-2.30231322494569,0.0558848539278513,-41.1974455174927,0,0,"Signifikan","Turun"
"Rv2787",2926.66454475901,-2.48281800778889,0.0451849304596786,-54.947921409428,0,0,"Signifikan","Turun"
"Rv2792c",4525.12252227119,1.90372707536668,0.0366928533298369,51.8827755981206,0,0,"Signifikan","Naik"
"Rv2799",4087.91489237364,2.20204872504411,0.0393656539708291,55.938324476354,0,0,"Signifikan","Naik"
"Rv2807",1546.63379537661,-4.03800523060492,0.0822071917289984,-49.1198536974292,0,0,"Signifikan","Turun"
"Rv2812",1504.27708146429,-6.84291115510842,0.158117289045555,-43.2774378843348,0,0,"Signifikan","Turun"
"Rv2813",1096.27480843217,-4.2038437753278,0.0948785189026925,-44.3076454391037,0,0,"Signifikan","Turun"
"Rv2818c",1679.53013745246,-3.15729878982114,0.0644052063739972,-49.0224155402421,0,0,"Signifikan","Turun"
"Rv2819c",1980.3845257588,-2.67948115679593,0.0554734362559186,-48.3020583840262,0,0,"Signifikan","Turun"
"Rv2823c",4716.01451382544,-2.59066293875912,0.0363921072346899,-71.1874946414103,0,0,"Signifikan","Turun"
"Rv2824c",4089.31496726358,-2.12366495659749,0.0374280628408614,-56.7399110562306,0,0,"Signifikan","Turun"
"Rv2833c",1610.85448864342,-2.81753202209222,0.0638426628390951,-44.1324327149911,0,0,"Signifikan","Turun"
"Rv2838c",3102.45648193918,2.13688243890264,0.0458007865367369,46.6560205726739,0,0,"Signifikan","Naik"
"Rv2839c",24146.1935081259,2.33446009210752,0.0195089333035773,119.66108324741,0,0,"Signifikan","Naik"
"Rv2840c",8222.01172544426,2.33874258833777,0.0298970195359187,78.2266133762255,0,0,"Signifikan","Naik"
"Rv2841c",5359.08535788387,1.41210717396943,0.0322146573065333,43.834306866367,0,0,"Signifikan","Naik"
"Rv2842c",3891.39755925097,1.51705946433264,0.0375005128721865,40.4543657710297,0,0,"Signifikan","Naik"
"Rv2846c",25490.2468602717,2.19907286852021,0.01847116296242,119.054380766077,0,0,"Signifikan","Naik"
"Rv2867c",7741.54977532855,1.28777995850992,0.0271701725750559,47.3968266102289,0,0,"Signifikan","Naik"
"Rv2868c",8765.14949510022,1.76987593771586,0.0286423844438954,61.7921996397572,0,0,"Signifikan","Naik"
"Rv2869c",6657.37860255066,1.53236609738445,0.0291885687253082,52.4988433590373,0,0,"Signifikan","Naik"
"Rv2874",3206.96411370155,-3.72901063720569,0.0519914863495453,-71.7234858825747,0,0,"Signifikan","Turun"
"Rv2876",3375.95643870688,2.93358019120789,0.048938095230413,59.9447154082285,0,0,"Signifikan","Naik"
"Rv2883c",6448.85061813151,1.81790530086305,0.0318642056170195,57.0516435499041,0,0,"Signifikan","Naik"
"Rv2888c",6905.28849546629,1.51854904045435,0.0291516577238835,52.0913443358052,0,0,"Signifikan","Naik"
"Rv2889c",4129.19002916891,1.68065017889713,0.041016184499856,40.975293031048,0,0,"Signifikan","Naik"
"Rv2890c",4781.58429934807,1.73138038679605,0.0373156448941147,46.3982437315218,0,0,"Signifikan","Naik"
"Rv2894c",5716.53815256253,1.49280129558029,0.0315789939127634,47.2719713523534,0,0,"Signifikan","Naik"
"Rv2895c",5053.82919347993,1.8326661464424,0.0386791781422362,47.3812070076328,0,0,"Signifikan","Naik"
"Rv2897c",1810.1203180842,-4.16570717708596,0.0738778180180728,-56.3864403259297,0,0,"Signifikan","Turun"
"Rv2902c",5847.01003560876,1.7928879752275,0.0319433623570776,56.1270900409849,0,0,"Signifikan","Naik"
"Rv2903c",5679.60357684025,1.74302846056807,0.0328000486864962,53.1410327230908,0,0,"Signifikan","Naik"
"Rv2905",9370.11936437487,2.27928564065225,0.0316708909299833,71.9678409328995,0,0,"Signifikan","Naik"
"Rv2913c",3464.7743451209,-2.12899100169941,0.0401725796293943,-52.9961237575499,0,0,"Signifikan","Turun"
"Rv2917",2793.99142759696,-1.8152271241377,0.0433070668715096,-41.9152636109809,0,0,"Signifikan","Turun"
"Rv2918c",4416.59039632498,-1.39982121937065,0.0340946747787668,-41.0568872838295,0,0,"Signifikan","Turun"
"Rv2920c",2047.51484816179,-3.25910068239475,0.0595293118176272,-54.7478306549094,0,0,"Signifikan","Turun"
"Rv2927c",7033.80220140155,1.73574512116572,0.028795536592369,60.2782697102336,0,0,"Signifikan","Naik"
"Rv2930",8245.81648221212,1.17230094159347,0.0295647188168234,39.6520240512616,0,0,"Signifikan","Naik"
"Rv2931",23250.797598303,1.30145432473865,0.0173031549577443,75.2148569389169,0,0,"Signifikan","Naik"
"Rv2932",15470.3327416395,0.855955828794541,0.0203597494719885,42.0415698126437,0,0,"Tidak Signifikan","Tidak Signifikan"
"Rv2933",15147.0927282573,1.95524152851915,0.0231595782585062,84.4247467158008,0,0,"Signifikan","Naik"
"Rv2969c",3955.31599407081,1.52516339083089,0.0376161155861155,40.5454781033757,0,0,"Signifikan","Naik"
"Rv2970c",6087.94936899875,1.66533618921001,0.0332532461720455,50.0804096115578,0,0,"Signifikan","Naik"
"Rv2973c",2973.16905643458,-3.13531886681075,0.0487833326139714,-64.2702886172398,0,0,"Signifikan","Turun"
"Rv2975a",2334.33215185174,2.70049989560451,0.0587275347471538,45.9835391904542,0,0,"Signifikan","Naik"
"Rv2986c",8169.58811607692,2.91822497360822,0.0319100197848279,91.4516817377762,0,0,"Signifikan","Naik"
"Rv2988c",7043.62535276311,1.58388362611292,0.0284943273244322,55.5859279666108,0,0,"Signifikan","Naik"
"Rv2990c",5842.14041122715,2.13335896471348,0.0411441191644472,51.8508843557143,0,0,"Signifikan","Naik"
"Rv2995c",4439.73078745644,1.50008678709693,0.0359170379444946,41.7653256767757,0,0,"Signifikan","Naik"
"Rv2996c",9495.31871428126,1.61842660796079,0.0249554269630745,64.8526915750835,0,0,"Signifikan","Naik"
"Rv2999",1426.34179940559,-3.03666257514135,0.0698331881482007,-43.484518688978,0,0,"Signifikan","Turun"
"Rv3003c",7275.00253678978,1.05403451719721,0.0270672522188562,38.9413195205286,0,0,"Signifikan","Naik"
"Rv3005c",5694.73631825802,2.04957130340927,0.0342463002655443,59.8479627731166,0,0,"Signifikan","Naik"
"Rv3028c",11256.6631554001,3.16545006052416,0.0281469375484193,112.461615231812,0,0,"Signifikan","Naik"
"Rv3029c",15155.0435444279,2.98801024196576,0.0238713434468838,125.171431956245,0,0,"Signifikan","Naik"
"Rv3042c",6243.95466380423,1.5729984704927,0.0304134392001226,51.7205061927478,0,0,"Signifikan","Naik"
"Rv3043c",8349.34112495672,1.54857646492544,0.0265593838783484,58.3061893309906,0,0,"Signifikan","Naik"
"Rv3044",7052.69677658087,1.72153869302495,0.0292164620627388,58.9235852488969,0,0,"Signifikan","Naik"
"Rv3052c",3988.99632288168,1.73105860907132,0.038161212741612,45.3617294815089,0,0,"Signifikan","Naik"
"Rv3054c",952.049470835127,-3.47919943089973,0.0894372865660089,-38.9009949260023,0,0,"Signifikan","Turun"
"Rv3063",3959.07890610343,-2.18156250425108,0.0399481004809781,-54.6099183186411,0,0,"Signifikan","Turun"
"Rv3080c",6782.53455285957,-1.26424366042428,0.027212788087841,-46.457704236089,0,0,"Signifikan","Turun"
"Rv3094c",4488.15390187286,1.37531986504746,0.0349086715623652,39.3976568999602,0,0,"Signifikan","Naik"
"Rv3097c",1945.07511675155,-2.41557655263909,0.0551470404103833,-43.8024694464704,0,0,"Signifikan","Turun"
"RVnc0046",43509.1997720406,-2.68241370857345,0.0203469975026711,-131.833392529847,0,0,"Signifikan","Turun"
"Rv3109",1780.07424277283,-5.27590409281526,0.0954488393086071,-55.2746804574239,0,0,"Signifikan","Turun"
"Rv3113",970.097884355471,-5.90090659413379,0.150274851972931,-39.2674257646031,0,0,"Signifikan","Turun"
"Rv3121",2834.38599993757,-2.10537708395949,0.0456723678168182,-46.0973929007511,0,0,"Signifikan","Turun"
"Rv3124",1755.89045848058,-3.28571721654295,0.06744178583886,-48.7193091890179,0,0,"Signifikan","Turun"
"Rv3127",7178.28777264612,2.31435830461474,0.031081058346814,74.4620173093937,0,0,"Signifikan","Naik"
"Rv3130c",38329.9076269337,4.20167292447459,0.0208729983675753,201.297046571018,0,0,"Signifikan","Naik"
"Rv3131",17747.6788670103,3.51629789920563,0.0242730173754198,144.864474194561,0,0,"Signifikan","Naik"
"Rv3132c",11096.4218816926,1.95775883572504,0.0243977165571173,80.2435273457556,0,0,"Signifikan","Naik"
"Rv3133c",6178.12918947744,2.8179561805154,0.0352557089638909,79.9290742784826,0,0,"Signifikan","Naik"
"Rv3134c",27007.5714488985,4.28229674182359,0.0234641985395834,182.503431114405,0,0,"Signifikan","Naik"
"Rv3135",2585.41792046281,2.12234629429768,0.0534970173309458,39.6722359523021,0,0,"Signifikan","Naik"
"Rv3136",10545.6038462937,2.83881660054249,0.0276027846454145,102.845297567254,0,0,"Signifikan","Naik"
"Rv3136A",2505.58504154436,2.43793922603932,0.0530552485085568,45.9509529136618,0,0,"Signifikan","Naik"
"Rv3144c",8470.36379292629,2.25138461982079,0.0291219731597215,77.3087938606669,0,0,"Signifikan","Naik"
"Rv3151",17683.0636300901,2.10093812121892,0.0200910055937472,104.571078406986,0,0,"Signifikan","Naik"
"Rv3153",3365.97702289394,1.88093051105818,0.0415749338655673,45.2419363345272,0,0,"Signifikan","Naik"
"Rv3156",9863.55195465657,1.6202736438868,0.0254623257056468,63.634157484973,0,0,"Signifikan","Naik"
"Rv3158",6478.79781407069,1.31882467782852,0.0290219403873145,45.4423329463173,0,0,"Signifikan","Naik"
"Rv3159c",5096.4422162199,-1.99716283925163,0.0327091380415379,-61.0582534065985,0,0,"Signifikan","Turun"
"Rv3163c",1861.76777670198,-2.14516229825897,0.0548577884784537,-39.1040608409053,0,0,"Signifikan","Turun"
"Rv3171c",8405.92950351123,2.19607043800742,0.0283655940057275,77.4202168149202,0,0,"Signifikan","Naik"
"Rv3176c",1154.78047049093,-3.53212109284383,0.081931299642667,-43.1107660716812,0,0,"Signifikan","Turun"
"Rv3177",1353.91307456976,-3.80750748509995,0.0803377394344975,-47.3937592954599,0,0,"Signifikan","Turun"
"Rv3179",2419.37139212191,-2.21592466318642,0.0491286271513622,-45.1045508835265,0,0,"Signifikan","Turun"
"Rv3195",1947.20708882668,-2.40172225162305,0.0556080118137738,-43.1902197774342,0,0,"Signifikan","Turun"
"Rv3196",3678.46022175105,1.62109025816202,0.0390403440960461,41.5234623489449,0,0,"Signifikan","Naik"
"Rv3197",9941.57184042762,1.2565973669932,0.0235965433265973,53.2534511348026,0,0,"Signifikan","Naik"
"Rv3201c",5248.90564887469,-2.70814460002879,0.0350076935321323,-77.3585554141999,0,0,"Signifikan","Turun"
"Rv3202c",5027.94416253835,-2.10242214964282,0.036256133417262,-57.9880409597629,0,0,"Signifikan","Turun"
"Rv3205c",6636.41957968688,1.83284961501353,0.0313655220049237,58.4351701440139,0,0,"Signifikan","Naik"
"Rv3207c",5813.61034808988,1.32670976493208,0.0337114752144791,39.3548415336704,0,0,"Signifikan","Naik"
"Rv3208",3990.81437181548,1.6850029740261,0.0378369561837637,44.5332591195366,0,0,"Signifikan","Naik"
"Rv3211",7474.33394895095,1.25485175927503,0.0270140036265031,46.4518986753931,0,0,"Signifikan","Naik"
"Rv3212",5605.42447408485,1.52659085944759,0.031825616830289,47.9673612482729,0,0,"Signifikan","Naik"
"Rv3219",14411.6147865363,3.59624575153058,0.0277078085130868,129.791778726637,0,0,"Signifikan","Naik"
"Rv3222c",4079.00597790695,2.08886161502728,0.039190844450496,53.2997347802961,0,0,"Signifikan","Naik"
"Rv3229c",14835.9294093264,2.87411501417176,0.0242487086861273,118.526518313779,0,0,"Signifikan","Naik"
"Rv3230c",24086.3631019118,3.25395844687046,0.0206820161262666,157.332748751601,0,0,"Signifikan","Naik"
"Rv3240c",12619.8000857397,1.17411090342488,0.0225196710253445,52.1371250096631,0,0,"Signifikan","Naik"
"Rv3245c",11246.7523670595,0.950372133285205,0.0220789073250289,43.0443463208821,0,0,"Tidak Signifikan","Tidak Signifikan"
"Rv3248c",7050.10404574684,1.53994661881888,0.0289345170710557,53.221784038668,0,0,"Signifikan","Naik"
"Rv3256c",5250.97036119675,1.56858411712595,0.0325241901009458,48.2282298885079,0,0,"Signifikan","Naik"
"Rv3257c",7649.69568967157,1.5600088147205,0.0277499013419894,56.216733727986,0,0,"Signifikan","Naik"
"Rv3258c",9506.83721752606,3.27328881689504,0.0323050552339425,101.324352897433,0,0,"Signifikan","Naik"
"Rv3260c",4854.12026570093,3.10174963932766,0.0414986332473807,74.743416749115,0,0,"Signifikan","Naik"
"Rv3263",2706.75872367073,-2.3384773771791,0.0472100283912473,-49.5334880504468,0,0,"Signifikan","Turun"
"Rv3264c",6833.46896648929,1.5715783014595,0.0292377929892574,53.7516050557212,0,0,"Signifikan","Naik"
"Rv3267",6574.00690688383,1.28939310504013,0.0322954148212179,39.9249587651372,0,0,"Signifikan","Naik"
"Rv3270",24420.8806843561,-1.95600022694369,0.0232078284121813,-84.2819152315442,0,0,"Signifikan","Turun"
"Rv3271c",7346.42678083857,1.68365614876629,0.0300636883811706,56.0029803202988,0,0,"Signifikan","Naik"
"Rv3274c",6180.32353565408,1.74255338588425,0.0339603548586098,51.3114009891586,0,0,"Signifikan","Naik"
"Rv3285",20534.6591049771,2.60941140566867,0.0204611066450708,127.530316464935,0,0,"Signifikan","Naik"
"Rv3289c",2758.7829876475,-3.74140096242564,0.0628459693515152,-59.5328706205316,0,0,"Signifikan","Turun"
"Rv3290c",15398.0702143902,-4.90866044951612,0.0358480825473564,-136.929512004767,0,0,"Signifikan","Turun"
"Rv3294c",1336.8792259123,-2.7428960569268,0.0679029707452347,-40.3943454435576,0,0,"Signifikan","Turun"
"Rv3295",5348.81590403401,2.10873425745722,0.0347639264155722,60.6586906280135,0,0,"Signifikan","Naik"
"Rv3327",1193.82199519937,-3.91080472311282,0.0865819646941154,-45.1688147402206,0,0,"Signifikan","Turun"
"Rv3341",4712.04659535792,1.86770548908702,0.0376609403046023,49.5926409160522,0,0,"Signifikan","Naik"
"Rv3342",3690.67426634401,1.77434265227993,0.0392952931903196,45.1540759267587,0,0,"Signifikan","Naik"
"Rv3343c",16707.1084623341,-2.23852906292267,0.0230402419010553,-97.157359394744,0,0,"Signifikan","Turun"
"Rv3347c",20220.8044945673,-1.23637051589909,0.0174145486174816,-70.996414725212,0,0,"Signifikan","Turun"
"Rv3349c",1266.08076011216,-3.42504837526031,0.0786171208636418,-43.5661893698819,0,0,"Signifikan","Turun"
"Rv3350c",19149.7064453275,-1.61484396890594,0.0190626968954489,-84.7122512497944,0,0,"Signifikan","Turun"
"Rv3351c",1028.7644968787,-4.39474916749317,0.103291231914686,-42.5471657761139,0,0,"Signifikan","Turun"
"Rv3370c",7694.2463952847,-2.18734425962565,0.0273586534872538,-79.9507278618343,0,0,"Signifikan","Turun"
"Rv3375",1836.48429102227,-2.80588637516295,0.0588323618264823,-47.6929072376613,0,0,"Signifikan","Turun"
"Rv3377c",2784.42684667057,-2.19937009077849,0.044653978063926,-49.2536205314095,0,0,"Signifikan","Turun"
"Rv3379c",2382.49070159277,-3.36268979253188,0.0561594721344241,-59.8775178029256,0,0,"Signifikan","Turun"
"Rv3385c",6117.02658788495,3.1265679713927,0.0378885583769054,82.5201091128996,0,0,"Signifikan","Naik"
"Rv3392c",1168.62411475624,-3.55524366415492,0.0819786031669915,-43.3679463519625,0,0,"Signifikan","Turun"
"Rv3397c",1046.07671811926,-3.926665296438,0.0928867405521761,-42.2736902285028,0,0,"Signifikan","Turun"
"Rv3398c",1254.69170000523,-2.94428168217922,0.0729703706675144,-40.349002687607,0,0,"Signifikan","Turun"
"Rv3399",1426.22586514981,-2.77194979531768,0.0659328106159917,-42.0420390003117,0,0,"Signifikan","Turun"
"Rv3409c",18863.2004574696,1.12676132905457,0.0202641716239804,55.6036215031448,0,0,"Signifikan","Naik"
"Rv3411c",13117.5926740621,1.84414856087316,0.0241710031972346,76.2959048834242,0,0,"Signifikan","Naik"
"Rv3413c",7893.44140908541,2.38604417245726,0.0301200136152751,79.2178982033131,0,0,"Signifikan","Naik"
"Rv3414c",7174.18950569155,2.27237204025808,0.0305979637402071,74.2654661451239,0,0,"Signifikan","Naik"
"Rv3417c",8781.20081355847,1.24596557568272,0.0253851358255278,49.0824860755619,0,0,"Signifikan","Naik"
"Rv3426",1142.85128602998,-4.86615644731609,0.108620768261196,-44.7995031264614,0,0,"Signifikan","Turun"
"Rv3427c",1355.24598067192,-2.65293096656614,0.0678954564501915,-39.0737628888665,0,0,"Signifikan","Turun"
"Rv3428c",1802.16659322931,-4.98743297283499,0.0879476364966526,-56.7091188746706,0,0,"Signifikan","Turun"
"Rv3436c",8139.96446174166,1.20566402629222,0.0259808169379806,46.4059320832861,0,0,"Signifikan","Naik"
"Rv3441c",10203.1875899842,2.3450867023105,0.0264514522212,88.6562553427966,0,0,"Signifikan","Naik"
"Rv3443c",3913.97647330521,2.76868202314155,0.06573783164229,42.1170268926307,0,0,"Signifikan","Naik"
"Rv3446c",1487.15328937756,-3.72231779688487,0.0745333737940499,-49.9416249044401,0,0,"Signifikan","Turun"
"Rv3447c",4943.89598874685,-5.50731836630287,0.0617053134210377,-89.2519308462863,0,0,"Signifikan","Turun"
"Rv3448",1862.97938282449,-4.73584575599851,0.0819430818751927,-57.794332939682,0,0,"Signifikan","Turun"
"Rv3449",1734.69420643211,-2.33769279351605,0.0570645619249943,-40.9657537823337,0,0,"Signifikan","Turun"
"Rv3453",2570.44400062397,-3.43867724935935,0.0560135709165747,-61.3900737462505,0,0,"Signifikan","Turun"
"Rv3456c",6453.52384436422,2.89686659576182,0.0407788739898287,71.0384155404676,0,0,"Signifikan","Naik"
"Rv3458c",2535.79679506533,2.16334120973963,0.0493061492769665,43.8756877481455,0,0,"Signifikan","Naik"
"Rv3459c",2650.49302304539,2.35444115067125,0.0601646867400723,39.1332736567395,0,0,"Signifikan","Naik"
"Rv3460c",3691.86174458463,2.58887670916151,0.0457679380282093,56.5652904783659,0,0,"Signifikan","Naik"
"Rv3462c",6211.20413006576,3.57045386077617,0.0921068196040337,38.7642725709727,0,0,"Signifikan","Naik"
"Rv3468c",1566.45673511894,-3.01036219524033,0.0650037333746804,-46.3106046215631,0,0,"Signifikan","Turun"
"Rv3469c",1187.23948848885,-4.05763307227276,0.0886616956609076,-45.7653447977291,0,0,"Signifikan","Turun"
"Rv3470c",2253.38161418942,-2.3696010381341,0.0512868134724003,-46.2029297142683,0,0,"Signifikan","Turun"
"Rv3473c",1155.69073360497,-4.0196301693445,0.0899845666492146,-44.6702175609086,0,0,"Signifikan","Turun"
"Rv3477",10398.0002721062,4.35809790135937,0.0507166384191686,85.9303383899397,0,0,"Signifikan","Naik"
"Rv3478",51446.9500239141,5.98094088093141,0.0264339546849826,226.259784137757,0,0,"Signifikan","Naik"
"Rv3480c",10331.7842892926,1.15676707558374,0.0231937239284004,49.8741417788153,0,0,"Signifikan","Naik"
"Rv3484",7729.23202749219,1.35808313085422,0.0268151378680485,50.6461364299917,0,0,"Signifikan","Naik"
"Rv3487c",15290.797931041,3.72204973438872,0.0270721289304512,137.486406922438,0,0,"Signifikan","Naik"
"Rv3491",3860.1026747358,1.60907699302243,0.0381416228233901,42.1869043295052,0,0,"Signifikan","Naik"
"Rv3506",2135.38786216818,-3.15489504978068,0.0582938838890332,-54.1205155550496,0,0,"Signifikan","Turun"
"Rv3507",12920.3682216804,1.55298906978097,0.0228023593955592,68.1065078766986,0,0,"Signifikan","Naik"
"Rv3520c",6863.13647770744,1.72567293884051,0.0291814896029559,59.1358755951141,0,0,"Signifikan","Naik"
"Rv3524",4739.79234111131,1.42388130931501,0.0354876808351584,40.1232561780802,0,0,"Signifikan","Naik"
"Rv3529c",1888.57003766405,-2.33251261343518,0.0560352143797603,-41.6258354546009,0,0,"Signifikan","Turun"
"Rv3533c",2965.76585775387,-2.83444012157659,0.0469036915974406,-60.4310668316619,0,0,"Signifikan","Turun"
"Rv3554",3044.00541585171,-2.04908792389017,0.0427180852312064,-47.9676912670532,0,0,"Signifikan","Turun"
"Rv3558",3040.5046904195,-1.62275063139713,0.0421782286941277,-38.4736552870713,0,0,"Signifikan","Turun"
"Rv3561",2066.80384395259,-2.24875238960905,0.052137735421034,-43.1309946903032,0,0,"Signifikan","Turun"
"Rv3581c",4381.6888688649,1.93911577581986,0.0381641634629996,50.8098592990214,0,0,"Signifikan","Naik"
"Rv3582c",7585.38302548367,1.82304509087334,0.0292330828216499,62.3623961248177,0,0,"Signifikan","Naik"
"Rv3583c",30696.05970382,2.8823607745353,0.0202153022822691,142.583115220762,0,0,"Signifikan","Naik"
"Rv3587c",5855.33415504285,2.13194396630131,0.033035708029321,64.5345322827376,0,0,"Signifikan","Naik"
"Rv3590c",6274.42518384325,1.51852806943308,0.0318920754902224,47.6145890818123,0,0,"Signifikan","Naik"
"Rv3592",2229.19260159216,2.91458494509714,0.0603459419794271,48.2979443106674,0,0,"Signifikan","Naik"
"Rv3595c",8900.27807917733,2.10440367825668,0.0270012212457753,77.9373517627814,0,0,"Signifikan","Naik"
"Rv3596c",36925.1764082495,2.39260565303081,0.0174797322130968,136.878850537432,0,0,"Signifikan","Naik"
"Rv3597c",7578.35052010111,3.60960470966591,0.0423656100572844,85.2012919154286,0,0,"Signifikan","Naik"
"Rv3602c",3802.00988469863,1.59117056018474,0.0381569486788922,41.7006761619004,0,0,"Signifikan","Naik"
"Rv3603c",4897.48046876027,1.87925887579188,0.0396366936228205,47.4120998505767,0,0,"Signifikan","Naik"
"Rv3604c",6069.50889122322,1.31584420189208,0.0307116274515643,42.8451472969745,0,0,"Signifikan","Naik"
"Rv3610c",10994.0406886887,0.963994868899522,0.0236624036003354,40.7395159503516,0,0,"Tidak Signifikan","Tidak Signifikan"
"Rv3613c",2058.42581610036,2.87815047370849,0.0624881344183037,46.0591518774073,0,0,"Signifikan","Naik"
"Rv3614c",11306.3210673242,2.84430223094928,0.026995857840192,105.360690806225,0,0,"Signifikan","Naik"
"Rv3615c",3494.72537482065,1.83813179230914,0.0443156523293196,41.478161680879,0,0,"Signifikan","Naik"
"Rv3616c",53411.3624397586,3.27776680002981,0.0159162105151464,205.938894620083,0,0,"Signifikan","Naik"
"Rv3627c",8179.15258538027,1.14853823932599,0.0258301366064158,44.4650470427907,0,0,"Signifikan","Naik"
"Rv3633",4259.19810192435,1.56399409703234,0.0361189660326545,43.3011868506524,0,0,"Signifikan","Naik"
"Rv3638",1022.51789286226,-4.07573115176054,0.0958398247875951,-42.526487927053,0,0,"Signifikan","Turun"
"Rv3640c",1620.27591243552,-5.24314996592501,0.0984348431245578,-53.2651833384894,0,0,"Signifikan","Turun"
"Rv3645",8160.6997711419,1.42902808832745,0.0274930437721577,51.9778057377054,0,0,"Signifikan","Naik"
"Rv3648c",3839.83553389322,2.52607023680227,0.0591500242272558,42.7061572637239,0,0,"Signifikan","Naik"
"Rv3649",3630.84974755438,-2.32354282702086,0.0414017199984931,-56.1218912428139,0,0,"Signifikan","Turun"
"Rv3659c",1326.52459648427,-3.12509907505495,0.0716796310751895,-43.5981467563194,0,0,"Signifikan","Turun"
"RVnc0036a",261753.672303798,1.4489599476093,0.0180489171260211,80.2796055570743,0,0,"Signifikan","Naik"
"Rv3671c",4496.34509224468,1.34124142560946,0.0346870516203793,38.666919295656,0,0,"Signifikan","Naik"
"Rv3673c",4807.64754618079,2.17793120577499,0.0476560951849445,45.700999994289,0,0,"Signifikan","Naik"
"Rv3676",3892.12244848782,1.55481993000427,0.0378185312621009,41.1126471101854,0,0,"Signifikan","Naik"
"Rv3678c",3016.93491007797,2.02479280036319,0.0467873451764289,43.2765054894217,0,0,"Signifikan","Naik"
"Rv3679",7711.95076976031,2.21913059765373,0.0291534716540233,76.1189138634706,0,0,"Signifikan","Naik"
"Rv3680",7505.49490225658,1.84934803818628,0.0325498490572806,56.8158714017947,0,0,"Signifikan","Naik"
"Rv3682",12147.2066364849,1.41353518560175,0.0225034148042742,62.8142527654633,0,0,"Signifikan","Naik"
"Rv3686c",22491.7822120995,4.64141062277649,0.0274931021704216,168.820913478798,0,0,"Signifikan","Naik"
"Rv3698",2209.99436110468,-2.98006408593341,0.0547253505755317,-54.4549108336975,0,0,"Signifikan","Turun"
"Rv3704c",6193.12406842064,1.2899939728708,0.0302085960254765,42.7028774122068,0,0,"Signifikan","Naik"
"Rv3708c",8888.72293956428,2.23952331363826,0.0278285007865538,80.4758880406652,0,0,"Signifikan","Naik"
"Rv3709c",6720.91932897195,1.41693830124099,0.0301298447948159,47.0277331625944,0,0,"Signifikan","Naik"
"Rv3716c",3194.22776900964,2.52632971237757,0.0464943508468368,54.3362723936051,0,0,"Signifikan","Naik"
"Rv3723",5881.33973864654,1.57725076737028,0.0318088325100459,49.5853083218993,0,0,"Signifikan","Naik"
"Rv3727",3371.48954324056,-1.71910568880378,0.0404310405108312,-42.5194520616713,0,0,"Signifikan","Turun"
"Rv3728",4537.782002931,-2.4568367398929,0.0372913140588887,-65.8822785384602,0,0,"Signifikan","Turun"
"Rv3740c",8631.54917455629,1.58953499472976,0.0261166986534714,60.8627842217139,0,0,"Signifikan","Naik"
"Rv3741c",3377.13839385782,1.9618814453951,0.0433269579659864,45.2808490948121,0,0,"Signifikan","Naik"
"Rv3742c",7280.53905914657,3.02229085111997,0.0342596037927383,88.217332267006,0,0,"Signifikan","Naik"
"Rv3743c",2661.76089688614,-2.89085909235936,0.0496776458614568,-58.1923527620756,0,0,"Signifikan","Turun"
"Rv3763",3625.38079002851,1.83856800334908,0.0409724997346528,44.8732202149261,0,0,"Signifikan","Naik"
"Rv3767c",4663.72515017009,1.59388999157466,0.0353017679089524,45.1504297372727,0,0,"Signifikan","Naik"
"Rv3778c",17529.799532316,3.11536013130255,0.0230289308368904,135.280276508191,0,0,"Signifikan","Naik"
"Rv3796",2148.85622202696,-2.01197084423157,0.0499461444311601,-40.282805953213,0,0,"Signifikan","Turun"
"Rv3797",2775.97965246473,-2.11889070706551,0.0443792713289407,-47.7450540221858,0,0,"Signifikan","Turun"
"Rv3799c",24750.2492983857,3.06651216332057,0.0210080307772471,145.968567727051,0,0,"Signifikan","Naik"
"Rv3800c",78381.7858154544,2.78829067972464,0.0136543765164076,204.204906490906,0,0,"Signifikan","Naik"
"Rv3801c",26406.247123974,2.2193887431899,0.0252983690609529,87.7285305563609,0,0,"Signifikan","Naik"
"Rv3803c",13245.7678854298,3.09197804186032,0.0265496801124935,116.460086477853,0,0,"Signifikan","Naik"
"Rv3804c",28489.4906129853,4.49569837602784,0.025028995559838,179.619608197211,0,0,"Signifikan","Naik"
"Rv3806c",4335.66208448734,1.35034559557462,0.0350839976601212,38.4889318673485,0,0,"Signifikan","Naik"
"Rv3810",8881.70121079713,2.11708363661113,0.0269519949460523,78.550164499835,0,0,"Signifikan","Naik"
"Rv3823c",14278.0615055004,1.11193205294548,0.0217875281549619,51.035254896148,0,0,"Signifikan","Naik"
"Rv3825c",68400.2773379446,2.61939336444574,0.0148108590437116,176.856275298757,0,0,"Signifikan","Naik"
"Rv3826",2932.91354842468,-1.8237655338031,0.042425860522724,-42.9871194439594,0,0,"Signifikan","Turun"
"Rv3829c",2276.34960307104,-2.37359453700945,0.0500758806700239,-47.3999559318847,0,0,"Signifikan","Turun"
"Rv3841",11789.9395349289,2.22655833587599,0.0254042958002375,87.6449539630685,0,0,"Signifikan","Naik"
"Rv3842c",4363.93299895939,1.52759050075553,0.0375538421584669,40.6773425288822,0,0,"Signifikan","Naik"
"Rv3843c",6075.28774257433,1.53832615615133,0.0318428467618389,48.3099443858422,0,0,"Signifikan","Naik"
"Rv3850",4005.91375623404,2.34002056106014,0.0414533946967355,56.449431420014,0,0,"Signifikan","Naik"
"Rv3854c",11318.3454684357,-1.53961805576217,0.0254581530832016,-60.4764238289569,0,0,"Signifikan","Turun"
"Rv3858c",8981.55171139755,1.6627827245812,0.026472422325181,62.8118841621657,0,0,"Signifikan","Naik"
"Rv3859c",24246.2696260388,1.22081280956387,0.0166086875316878,73.5044721164558,0,0,"Signifikan","Naik"
"Rv3860",1860.82629029879,-2.35155751008569,0.0560542116939538,-41.9514865881048,0,0,"Signifikan","Turun"
"Rv3873",11114.1316206116,1.88396363172753,0.0240361146412937,78.3805394442121,0,0,"Signifikan","Naik"
"Rv3874",4962.2634614377,1.97077105732126,0.0374088915922888,52.6818885413731,0,0,"Signifikan","Naik"
"Rv3879c",13182.2390677211,1.05366877688068,0.0215951943852667,48.79181720168,0,0,"Signifikan","Naik"
"Rv3880c",3462.28531127688,1.89941514420238,0.0412822061296164,46.0105048223116,0,0,"Signifikan","Naik"
"Rv3881c",12859.2797461236,1.72766781066481,0.025493101834685,67.7700117415375,0,0,"Signifikan","Naik"
"Rv3903c",3444.95756956296,-2.10199956577327,0.0419979058804425,-50.0501042065557,0,0,"Signifikan","Turun"
"Rv3910",13856.2093177376,1.13317996573158,0.0204593927020643,55.386784067019,0,0,"Signifikan","Naik"
"Rv3915",6118.14402357664,1.41019585430816,0.0300412040955159,46.9420549797022,0,0,"Signifikan","Naik"
"Rv0327c",2585.16376640453,-1.72371511262766,0.0448274479592418,-38.452224944746,1.97626258336499e-323,8.89318162514244e-323,"Signifikan","Turun"
"Rv0215c",1771.44113755004,-2.11580292525219,0.0550705392297382,-38.4198694046862,5.92878775009496e-323,2.56914135837448e-322,"Signifikan","Turun"
"Rv2346c",1986.56523310219,2.12689714415389,0.055394866149201,38.395203238244,1.58101006669199e-322,6.91691904177745e-322,"Signifikan","Naik"
"Rv2835c",1165.71045489018,-2.91424419096138,0.0759573101571839,-38.3668692971188,4.74303020007597e-322,2.07013505607482e-321,"Signifikan","Turun"
"Rv3425",1090.41570585452,-3.0061785151204,0.0783935201266029,-38.3472831716897,9.98012604599318e-322,4.35271833986138e-321,"Signifikan","Turun"
"Rv1393c",2121.92242027005,-1.89920537659985,0.0495379780051448,-38.3383709444622,1.40314643418914e-321,6.11159203905622e-321,"Signifikan","Turun"
"Rv1908c",10822.6785728656,0.867313540630193,0.0226446923528991,38.3009637363943,5.90902512426131e-321,2.57012948966616e-320,"Tidak Signifikan","Tidak Signifikan"
"Rv3672c",3749.90363430439,1.64372122978824,0.0429242677569899,38.2935182282888,7.85564376887582e-321,3.41349954711717e-320,"Signifikan","Naik"
"Rv2531c",4734.03018550897,-1.28693743987001,0.033621780060671,-38.2768978188457,1.48516133139879e-320,6.44607448129074e-320,"Signifikan","Turun"
"Rv2220",6692.92895004463,1.30196226362464,0.0340782560618219,38.205073090088,2.31963820722465e-319,1.00568544407923e-318,"Signifikan","Naik"
"Rv1715",992.30174096432,-3.19469709207012,0.0836232478627648,-38.2034562603091,2.46746264846035e-319,1.06860470407712e-318,"Signifikan","Turun"
"Rv1507c",1330.29470482323,-2.69123922010325,0.070612747467804,-38.112654111502,7.9076688813829e-318,3.42090756741092e-317,"Signifikan","Turun"
"Rv2154c",6465.62781901348,1.08221242987526,0.0283972008943272,38.1098275813321,8.80772803103774e-318,3.80612808114511e-317,"Signifikan","Naik"
"Rv1177",2632.56583462044,1.77978019637096,0.0467109988480768,38.1019511520088,1.18932865650713e-317,5.13391369424279e-317,"Signifikan","Naik"
"Rv2468c",2340.41305207848,1.98256923393901,0.0520467154763726,38.092110439496,1.73073962505805e-317,7.46287393207318e-317,"Signifikan","Naik"
"Rv1045",1508.60143065774,-2.34263493882886,0.0615250174240096,-38.0761361298643,3.18144481831587e-317,1.37033568286852e-316,"Signifikan","Turun"
"Rv2336",1883.14766328783,-2.17389279354834,0.057114657504757,-38.0619071972424,5.47061103276762e-317,2.35378674009452e-316,"Signifikan","Turun"
"Rv1357c",1612.59895750431,-2.29792386320281,0.0603949475691895,-38.0482797931112,9.19205972067506e-317,3.95069346775458e-316,"Signifikan","Turun"
"Rv3406",1078.24845877243,-2.97495282523785,0.0782688779152688,-38.0093966398551,4.03681968282953e-316,1.73312377341666e-315,"Signifikan","Turun"
"Rv3394c",2027.26751354407,-1.9313286940639,0.0508435734916594,-37.9856993014214,9.939539837758e-316,4.26271941098413e-315,"Signifikan","Turun"
"Rv2541",3291.7593488411,3.11563146382327,0.082076981479314,37.9598689872447,2.6523972891986e-315,1.13629158145194e-314,"Signifikan","Naik"
"Rv2265",1813.48705577753,-2.10349039415939,0.0554161093584641,-37.9581031312171,2.83641357059568e-315,1.21381366059686e-314,"Signifikan","Turun"
"Rv3174",814.541995002358,-4.11213209098037,0.108446444292809,-37.9185515744293,1.27317823586054e-314,5.44256256637342e-314,"Signifikan","Turun"
"Rv3114",807.991084294854,-5.0497574378525,0.133210883154462,-37.9079945892797,1.90036172283121e-314,8.11489230856638e-314,"Signifikan","Turun"
"Rvns01",88223.2050503994,-0.651649489262788,0.0172153662999411,-37.8527809347291,1.54099660623064e-313,6.57326186764318e-313,"Tidak Signifikan","Tidak Signifikan"
"Rv0739",1381.97345809654,-2.48709931017735,0.065716632336315,-37.8458119620196,2.00648399898684e-313,8.54964771643428e-313,"Signifikan","Turun"
"Rv2165c",5244.68392731156,1.20799453184655,0.0319237692778872,37.8399718821203,2.50313402840807e-313,1.06544342174678e-312,"Signifikan","Naik"
"Rv1111c",4367.43723464432,1.39886363988376,0.0370153811247261,37.7914152813985,1.57214706601543e-312,6.68457385946568e-312,"Signifikan","Naik"
"Rv3383c",1951.12685180003,-1.97439662591528,0.0523520798740763,-37.7138144399296,2.94923102345639e-311,1.25263377623678e-310,"Signifikan","Turun"
"Rv3129",3035.2312390573,2.09960749837493,0.0557372259835801,37.6697523302193,1.55411498050402e-310,6.59376912049138e-310,"Signifikan","Naik"
"Rv0532",5074.19831726022,1.29564551527825,0.0343983541752997,37.6659158945638,1.79592133201677e-310,7.6115597479813e-310,"Signifikan","Naik"
"Rv2591",5040.05610746469,1.22950515087499,0.0326460455352789,37.6616870654769,2.10623936735255e-310,8.91723753499205e-310,"Signifikan","Naik"
"Rv3027c",1342.2164379136,-2.4695077227883,0.0656011409544382,-37.6442800667666,4.0584095244791e-310,1.71638705582181e-309,"Signifikan","Turun"
"Rv0073",4610.80728972138,1.27345888712431,0.033876216837577,37.5915319361084,2.95612862536448e-309,1.24887776962949e-308,"Signifikan","Naik"
"Rv0375c",1042.76564027497,-2.9721988384486,0.0791013099816068,-37.5745842785627,5.59165672525388e-309,2.35979810947682e-308,"Signifikan","Turun"
"Rv2416c",2088.73105482814,-1.89663596847039,0.0505050845886668,-37.5533668326137,1.241432781425e-308,5.23354287344631e-308,"Signifikan","Turun"
"Rv3753c",2814.99119028458,1.69344628686516,0.0451936731277691,37.4708708025909,2.7469138312642e-307,1.15679481620224e-306,"Signifikan","Naik"
"Rv2388c",4695.51212101576,1.25058499806099,0.0333977516859708,37.445185227433,7.19433401880267e-307,3.02650297482399e-306,"Signifikan","Naik"
"Rv1359",1264.54276856958,-2.54993659213681,0.0681263317968733,-37.4295301813658,1.29331645253811e-306,5.43494318561301e-306,"Signifikan","Turun"
"Rv3146",2651.19199121915,1.72368605004639,0.0460713124161002,37.4134349479489,2.36303498659162e-306,9.91974581143804e-306,"Signifikan","Naik"
"Rv1309",4109.33735906113,1.3395543199867,0.0358103293526728,37.4069254374706,3.01512871255811e-306,1.26437797068901e-305,"Signifikan","Naik"
"Rv0837c",1910.92294872715,-1.99712355526263,0.0534397358548757,-37.3715087343647,1.13451599218481e-305,4.75250785744155e-305,"Signifikan","Turun"
"Rv1509",1537.07796603651,-2.38723145792645,0.0639197708175623,-37.3473094066625,2.80365948628979e-305,1.17321911203709e-304,"Signifikan","Turun"
"Rv1794",5572.67783393624,1.45878331997645,0.0390722903619408,37.3354954742404,4.35964334447915e-305,1.82241360880388e-304,"Signifikan","Naik"
"Rv3079c",1516.05068241103,-2.25186579108064,0.0603207626304445,-37.3315205723891,5.05760777770719e-305,2.11195053201731e-304,"Signifikan","Turun"
"Rv3090",1224.14772995545,-2.8469685930109,0.0763304404791479,-37.2979452907604,1.77191285632154e-304,7.39135468036544e-304,"Signifikan","Turun"
"Rv3725",4972.36857830666,1.2505649455538,0.0335481607304865,37.2767066308159,3.91400555151764e-304,1.63097269147799e-303,"Signifikan","Naik"
"Rv2578c",1621.85745769978,-2.15066441865876,0.0577296562892139,-37.2540658805305,9.10555142693553e-304,3.79031715746624e-303,"Signifikan","Turun"
"Rv1785c",1789.71389106043,-2.12420927312819,0.0570224211237569,-37.2521760961005,9.77018398806903e-304,4.06271696862367e-303,"Signifikan","Turun"
"Rvnr03",22479.8745343533,-0.892864123999099,0.0239817824976443,-37.2309324416066,2.15645684583943e-303,8.95776367271731e-303,"Tidak Signifikan","Tidak Signifikan"
"Rv2529",2000.12986534291,-1.97957574370816,0.0531987357413917,-37.210954661239,4.53848984710926e-303,1.88328339157766e-302,"Signifikan","Turun"
"Rv1992c",4702.50453165324,-1.25289649341751,0.0336869389802724,-37.1923520314868,9.07154177351739e-303,3.76037682503067e-302,"Signifikan","Turun"
"Rv2989",3197.5257145046,1.54400652866718,0.0415683626011847,37.1437899414199,5.52244680028408e-302,2.28680025644332e-301,"Signifikan","Naik"
"Rv0659c",2489.77862258902,1.87834995705822,0.0505940291860493,37.1259215222999,1.07278447062053e-301,4.43768091235834e-301,"Signifikan","Naik"
"Rv1553",853.154635310628,-3.54018355475648,0.0954687347495951,-37.0821249914124,5.45462428179397e-301,2.25400984644549e-300,"Signifikan","Turun"
"Rv1156",5661.39438922303,1.15976947826146,0.0312894720622459,37.0658052636448,9.9935542950773e-301,4.12533089371193e-300,"Signifikan","Naik"
"Rv1598c",2263.33653069164,1.92272178271893,0.0519215103543875,37.0313145668432,3.58986815543123e-300,1.48035415515548e-299,"Signifikan","Naik"
"Rv3912",1156.08095659628,-2.69022180894768,0.0726533055358545,-37.0282093719748,4.02765305581006e-300,1.65915884448583e-299,"Signifikan","Turun"
"Rv3920c",3336.27765230064,1.51718228936477,0.0409743499703263,37.0276109435176,4.11796261958179e-300,1.69460142239429e-299,"Signifikan","Naik"
"Rv2778c",2615.14111131437,1.71431861569738,0.0463061616499273,37.0213931497401,5.18482942221778e-300,2.13142158735108e-299,"Signifikan","Naik"
"Rv3660c",1801.45824661631,-2.05664835852632,0.0555577331885697,-37.018219435732,5.83172491939997e-300,2.39487088563765e-299,"Signifikan","Turun"
"Rv2922c",11753.0942999829,0.78875974926774,0.0213350689460477,36.9701054757481,3.46240029042615e-299,1.42040764758227e-298,"Tidak Signifikan","Tidak Signifikan"
"Rv1395",1595.07933455418,-2.17503936900619,0.0588647204817927,-36.9497952458459,7.33880396244743e-299,3.00754497097407e-298,"Signifikan","Turun"
"Rv2102",3136.4405428159,1.54689368427077,0.0419388739264396,36.8844830451101,8.19477668152253e-298,3.35486884371516e-297,"Signifikan","Naik"
"Rv0620",938.41013412357,-6.28173496146401,0.170397496172625,-36.8651834830963,1.67046597242724e-297,6.83168918826685e-297,"Signifikan","Turun"
"Rv0991c",2243.08492616355,1.90183049884193,0.0516028013076705,36.8551793826594,2.41603212979804e-297,9.87064825840249e-297,"Signifikan","Naik"
"Rv0476",2791.20425169025,1.93376620259436,0.0524916781877772,36.8394814064954,4.31018357161431e-297,1.75910475602819e-296,"Signifikan","Naik"
"Rv2586c",5122.38077333189,1.17372357822156,0.0318744543667356,36.8233308315537,7.81673334092187e-297,3.18694564886301e-296,"Signifikan","Naik"
"Rv2754c",1302.9436589181,-2.44949280026734,0.0665582889409735,-36.8022201177625,1.70130946531345e-296,6.92925528634337e-296,"Signifikan","Turun"
"Rv1819c",3648.76529080122,-1.3828977068563,0.037690954550242,-36.6904400102922,1.03745875555082e-294,4.2211270597642e-294,"Signifikan","Turun"
"Rv3056",1463.84095465172,-2.24352767279036,0.0612492881458963,-36.6294489406352,9.72174060762673e-294,3.95144928180894e-293,"Signifikan","Turun"
"Rv1675c",1023.91410769546,-2.99002420154027,0.0816713575549373,-36.610438359972,1.95123857477058e-293,7.92278753952394e-293,"Signifikan","Turun"
"Rv0862c",3622.7835257432,-1.4607917047289,0.0399423534042027,-36.5724996207959,7.828209499025e-293,3.17530747266178e-292,"Signifikan","Turun"
"Rv1353c",1007.70687285263,-2.96368077146061,0.0810751875945246,-36.5547198765996,1.50039122577463e-292,6.07972624376707e-292,"Signifikan","Turun"
"Rv1464",8751.90067072191,0.950903701830732,0.0260325639243983,36.5274701559274,4.06415211246387e-292,1.6451521867494e-291,"Tidak Signifikan","Tidak Signifikan"
"Rv0601c",728.319188051567,-4.49855578979171,0.123300856995434,-36.4843838024442,1.96149279170324e-291,7.93194893444113e-291,"Signifikan","Turun"
"Rv1187",2287.95824419848,-1.77511154801008,0.0486670378897319,-36.4746165984472,2.80183868828083e-291,1.13186294057129e-290,"Signifikan","Turun"
"Rv2893",1626.7251651965,-2.2032725579719,0.060436177828709,-36.4561862965013,5.48956433814634e-291,2.21537148824278e-290,"Signifikan","Turun"
"Rv2490a",757.560782938737,-5.12438006944614,0.140653348669762,-36.4326915634096,1.29325186854462e-290,5.21375016515903e-290,"Signifikan","Turun"
"Rv3292",2085.34790701383,-1.80818997954522,0.0496482910908656,-36.4199842495264,2.05523276650503e-290,8.27726739566038e-290,"Signifikan","Turun"
"Rv2086",825.076901152958,-3.51644986540863,0.0966604256497973,-36.379416309926,9.00844787092845e-290,3.62439276916563e-289,"Signifikan","Turun"
"Rv3025c",5422.85206338469,1.18519314142192,0.0326166142484474,36.3370990132225,4.20100178526419e-289,1.68848774895066e-288,"Signifikan","Naik"
"Rv2811",822.742523413938,-3.85154620376027,0.10599901507461,-36.3356791669175,4.42360122447228e-289,1.77615648355076e-288,"Signifikan","Turun"
"Rv2431c",2236.97553891233,1.90311485026635,0.0523831307241268,36.3306817282269,5.30507707076179e-289,2.12793131847442e-288,"Signifikan","Naik"
"Rv1482c",1103.04873144819,-2.72185855936013,0.0749360100104533,-36.3224377569668,7.1589692588767e-289,2.86864960100645e-288,"Signifikan","Turun"
"Rv3665c",1420.26564543038,-2.29150168503837,0.0631150934929512,-36.306714578412,1.26768677417931e-288,5.07458469542818e-288,"Signifikan","Turun"
"Rv2820c",1209.74961275978,-2.51644205731733,0.0693800331643107,-36.2704072417739,4.73856241972189e-288,1.89494729022548e-287,"Signifikan","Turun"
"Rv0818",3946.48891456046,1.37777954941623,0.0380175318268271,36.2406364435262,1.3955999989481e-287,5.57537280546538e-287,"Signifikan","Naik"
"Rv2424c",934.131687079698,-3.36202393974901,0.0928436518520735,-36.2116727711839,3.98830054586564e-287,1.59170908103108e-286,"Signifikan","Turun"
"Rv0213c",2316.31994282625,-1.70877632001764,0.0472862625086016,-36.1368446006238,5.98765060901568e-286,2.38723718250907e-285,"Signifikan","Turun"
"Rv3711c",5399.33064024465,1.13521184134481,0.031443694301706,36.1030046422763,2.03469557934178e-285,8.10405357755909e-285,"Signifikan","Naik"
"Rv0563",9403.25988197997,0.917152099112553,0.0254104024366816,36.0935684272588,2.86119226111181e-285,1.13845032094589e-284,"Tidak Signifikan","Tidak Signifikan"
"Rv1299",4268.14447514809,1.36009915766079,0.0376832305854893,36.0929553153685,2.92526355644374e-285,1.16277760805735e-284,"Signifikan","Naik"
"Rv2164c",4532.81102363972,1.25683923056984,0.0348558915830711,36.0581575592305,1.02748185426321e-284,4.08010061647862e-284,"Signifikan","Naik"
"Rv1182",6063.35641623301,1.19120008855201,0.0330409173686664,36.0522704397322,1.27065865361733e-284,5.04070287889994e-284,"Signifikan","Naik"
"Rv0362",2183.98264055066,-1.80001703727632,0.049942070669996,-36.0420986380471,1.83396804661472e-284,7.26808315776285e-284,"Signifikan","Turun"
"Rv2380c",9512.37977831342,-0.906150814605441,0.0251445203383501,-36.0377053295143,2.14886130026724e-284,8.5075177426748e-284,"Tidak Signifikan","Tidak Signifikan"
"Rv3635",2822.25190529124,-1.58939926677961,0.0441116692670952,-36.0312654947568,2.710607134247e-284,1.07208160533976e-283,"Signifikan","Turun"
"Rv1027c",1059.59276428172,-2.74076422994325,0.0761593877924901,-35.9872145691475,1.32584414722188e-283,5.23866905580598e-283,"Signifikan","Turun"
"Rv3141",4566.01984794779,1.21698234688153,0.0338462806784361,35.9561618732567,4.05491274119225e-283,1.6005809795333e-282,"Signifikan","Naik"
"Rv3646c",10122.008934695,0.981150903228223,0.0272876259370923,35.9558909774755,4.09463273408961e-283,1.61465288828365e-282,"Tidak Signifikan","Tidak Signifikan"
"Rv2080",3580.60701084328,1.39906179661938,0.0389483523180413,35.9209494972993,1.43879260373415e-282,5.66801415989413e-282,"Signifikan","Naik"
"Rv1928c",1079.94222658448,-2.74146407427755,0.0763447328366097,-35.9090139216903,2.20957919355174e-282,8.69583398890849e-282,"Signifikan","Turun"
"Rv2519",6395.53863760756,1.09809967582434,0.0305822525012805,35.9064354654178,2.42409990452783e-282,9.53062866329228e-282,"Signifikan","Naik"
"Rv3125c",2181.80438471475,-1.87846404043448,0.0523454351222414,-35.8859189162863,5.06572179443757e-282,1.98967508500335e-281,"Signifikan","Turun"
"Rv0623",1884.74430497742,2.04962314438723,0.0571150273100281,35.8858822435923,5.07239801399519e-282,1.99032669846874e-281,"Signifikan","Naik"
"Rv2207",4454.33368218211,1.30694781835929,0.036451844433518,35.8540929456379,1.58787267728203e-281,6.22439813317965e-281,"Signifikan","Naik"
"Rv0259c",976.465020217891,-2.89909767843241,0.0808777471930105,-35.8454306536737,2.16663990837241e-281,8.48475865401121e-281,"Signifikan","Turun"
"Rv2667",1166.2520085169,-2.53654942730975,0.0708668455989499,-35.79317529758,1.41029580389924e-280,5.51739985608313e-280,"Signifikan","Turun"
"Rv2748c",13510.7473613148,0.757201219284985,0.0211858772295102,35.7408480697823,9.17836206872004e-280,3.58724751986329e-279,"Tidak Signifikan","Tidak Signifikan"
"Rv1566c",3322.06401392829,1.443765883641,0.0403985281458598,35.7380813090085,1.01331133212133e-279,3.95650202217058e-279,"Signifikan","Naik"
"Rv3050c",4990.50158641717,1.15056484545776,0.0322503186550451,35.6760768091752,9.29017003720304e-279,3.62380575590801e-278,"Signifikan","Naik"
"Rv2873",1060.21788087163,-2.72079963710049,0.0763002295346839,-35.6591278125014,1.70127213303616e-278,6.62961350859966e-278,"Signifikan","Turun"
"Rv3345c",6063.95843727239,-1.06628032772632,0.0299632759030885,-35.5862400084369,2.28711978898221e-277,8.9038314061751e-277,"Signifikan","Turun"
"Rv1856c",5421.17623823907,2.46073639172096,0.0691645193245691,35.5780162394166,3.06529328105693e-277,1.19215867117185e-276,"Signifikan","Naik"
"Rv1948c",737.342568454408,-4.28453645576033,0.120470980082849,-35.5648841971222,4.89217814681375e-277,1.90081005958963e-276,"Signifikan","Turun"
"Rv0026",2760.71392277419,-1.51134544249267,0.0425136180020299,-35.5496782800397,8.40431845179465e-277,3.26222419748233e-276,"Signifikan","Turun"
"Rv2203",3982.2695716583,1.31748989797882,0.0370622464009959,35.5480313773808,8.91145415973382e-277,3.4556929278264e-276,"Signifikan","Naik"
"Rv3088",2675.56651253035,-1.5648920219067,0.0440326357914107,-35.5393674210155,1.21281581012284e-276,4.69847687378644e-276,"Signifikan","Turun"
"Rv2027c",2731.45662769196,-1.51014988831089,0.0425009120422589,-35.5321760344658,1.5662720319344e-276,6.06185478115489e-276,"Signifikan","Turun"
"Rv2012",766.744487085617,-3.59516464273257,0.101213490474962,-35.5206072417977,2.36321003306794e-276,9.13728479647223e-276,"Signifikan","Turun"
"Rv3564",1290.12848705314,-2.34915215075858,0.0661812265440331,-35.4957481665226,5.71686357526477e-276,2.20825684547958e-275,"Signifikan","Turun"
"Rv1486c",4140.73594231726,1.33389198231616,0.0376122681501187,35.4642792876066,1.74758884498764e-275,6.74385695337158e-275,"Signifikan","Naik"
"Rv0719",2666.37276693513,1.68164274274668,0.047430993561189,35.4545122605803,2.47154860079419e-275,9.5283122442668e-275,"Signifikan","Naik"
"Rv0231",3226.40794921611,-1.4302950849824,0.040343521266752,-35.4529064412913,2.61646034253986e-275,1.00771826979181e-274,"Signifikan","Turun"
"Rv1112",1437.850042201,-2.18361753792821,0.0616775567198771,-35.4037619850217,1.49440549918402e-274,5.75005491296121e-274,"Signifikan","Turun"
"Rv0934",3926.7773363129,1.29464595884621,0.0366296052860396,35.3442508794827,1.22871544208946e-273,4.72317263446596e-273,"Signifikan","Naik"
"Rv3807c",2322.37143233528,1.75627127901234,0.0497749633507442,35.2842304802236,1.02496236442988e-272,3.93613330076797e-272,"Signifikan","Naik"
"Rv3404c",4293.62836335762,1.33203942970708,0.0377768269825251,35.2607547034922,2.34754369262186e-272,9.00648532749604e-272,"Signifikan","Naik"
"Rv1356c",1295.46580521915,-2.33353836984578,0.066271887427696,-35.2115876040457,1.32928061222509e-271,5.09493351564923e-271,"Signifikan","Turun"
"Rv3833",1059.38503947782,-2.71282303850007,0.0770443090293838,-35.2112060277604,1.34727570350932e-271,5.15892154036822e-271,"Signifikan","Turun"
"Rv0256c",6372.91969914288,1.01347754872821,0.0287928797399977,35.1988949309693,2.07891573176598e-271,7.952804925666e-271,"Signifikan","Naik"
"Rv2655c",1731.726706088,-2.14673421698543,0.0610062951050381,-35.188732790432,2.97361754736357e-271,1.13644901834213e-270,"Signifikan","Turun"
"Rv3366",803.37429309942,-3.54024217627083,0.100657682140301,-35.171107669023,5.53078522630617e-271,2.11170596657908e-270,"Signifikan","Turun"
"Rv0573c",1704.57801848892,-2.06723600813311,0.0587791461067942,-35.1695481315295,5.84287818535702e-271,2.22872093858763e-270,"Signifikan","Turun"
"Rv0133",2955.44112346392,1.56669441284831,0.0445940497767618,35.1323645349817,2.16135107041634e-270,8.23638779667782e-270,"Signifikan","Naik"
"Rv2280",6655.46656863997,0.995929856763155,0.0283654568863341,35.1106580357242,4.63536814176211e-270,1.76473180598563e-269,"Tidak Signifikan","Tidak Signifikan"
"Rv3389c",3728.42174186448,1.35297192394363,0.0385464248082802,35.0998031768953,6.78752693865253e-270,2.58160300725164e-269,"Signifikan","Naik"
"Rv3296",9057.55700166971,-0.823464102870032,0.0234747748200335,-35.0786795265564,1.42520469656178e-269,5.41550481921512e-269,"Tidak Signifikan","Tidak Signifikan"
"Rv2071c",872.653592265023,-3.06803951347717,0.0875286821543871,-35.0518188776751,3.65814275634617e-269,1.38869400138041e-268,"Signifikan","Turun"
"Rv1301",3239.42107954448,1.41546719786442,0.0404170707346397,35.0215186834726,1.05849888776184e-268,4.01440256955185e-268,"Signifikan","Naik"
"Rv3621c",1640.45438479179,-2.02600707356689,0.0579472737584553,-34.9629403103932,8.23432136641743e-268,3.11991908888041e-267,"Signifikan","Turun"
"Rv1268c",1121.97449347142,-2.62899091867878,0.0751975282119021,-34.9611347765373,8.77132302268206e-268,3.32021359074234e-267,"Signifikan","Turun"
"Rv0714",1946.72015240109,1.99286997310791,0.0570343614093864,34.9415672212635,1.73911087403239e-267,6.57679012134079e-267,"Signifikan","Naik"
"Rv3805c",7602.51743389236,0.996718518829578,0.0285311625215099,34.9343815933944,2.23587042870892e-267,8.44733141970312e-267,"Tidak Signifikan","Tidak Signifikan"
"Rv1273c",2757.67638498735,-1.55460407071924,0.0445839953900552,-34.8691062144243,2.18613966081402e-266,8.2515851897709e-266,"Signifikan","Turun"
"Rv0593",1567.31376098869,-2.12368236908544,0.0609114409708921,-34.865081752052,2.51575716544677e-266,9.48670026171801e-266,"Signifikan","Turun"
"Rv1300",3491.00034736939,1.35144223780321,0.0388118204503912,34.8203774551261,1.19588844880866e-265,4.50530814475211e-265,"Signifikan","Naik"
"Rv1723",1913.95413659801,-1.81317221860288,0.0521141095523134,-34.7923476804833,3.17500072904319e-265,1.19499315864462e-264,"Signifikan","Turun"
"Rv2921c",5960.15700396629,1.02894230581389,0.0295847468132661,34.7794866154643,4.96821646747214e-265,1.86814357596796e-264,"Signifikan","Naik"
"Rv0626",1722.39246685911,2.05977155472083,0.0592479317088826,34.7652904550594,8.14254600711948e-265,3.05885227369725e-264,"Signifikan","Naik"
"Rv2491",728.171949229349,-3.95464194374668,0.113888487942905,-34.7238076049376,3.44530592783111e-264,1.29304906487285e-263,"Signifikan","Turun"
"Rv1481",4138.01070026361,1.29854061752435,0.0374204565106829,34.7013569210103,7.51559057937773e-264,2.81799128812774e-263,"Signifikan","Naik"
"Rv1528c",745.434578510907,-3.61761663466684,0.10426841621505,-34.695229543006,9.29768517855619e-264,3.48290057632978e-263,"Signifikan","Turun"
"Rv0371c",672.181021204256,-4.1783677095508,0.120577195727277,-34.6530509716072,4.01846698750357e-263,1.50389231504025e-262,"Signifikan","Turun"
"Rv0695",3838.4961368782,1.31283074478904,0.0378929460366118,34.6457819225931,5.17054568052484e-263,1.93322853106899e-262,"Signifikan","Naik"
"Rv2680",2793.93607665078,1.59211443013813,0.0459841510748297,34.6231123751157,1.13450205007112e-262,4.23782451283627e-262,"Signifikan","Naik"
"Rv1954c",2020.16670344609,-1.74305987845691,0.0503598547859154,-34.6120910369345,1.66203702302326e-262,6.20254079993723e-262,"Signifikan","Turun"
"Rv0736",1332.3647740212,-2.22286446402049,0.0642265193916779,-34.6097606576593,1.80176686560132e-262,6.71767777804551e-262,"Signifikan","Turun"
"Rv3395A",1019.59332233807,-2.70497455707477,0.0781818458016356,-34.5984995536928,2.66118993715103e-262,9.91262016965085e-262,"Signifikan","Turun"
"Rv2327",2971.5947412842,1.48309770966255,0.0428733076818417,34.5925656277435,3.26817568127084e-262,1.21621509639788e-261,"Signifikan","Naik"
"Rv1250",3041.85425771162,-1.43151601034868,0.0414255829826243,-34.5563274498544,1.14523305609189e-261,4.25786273056845e-261,"Signifikan","Turun"
"Rv1088",708.141087577377,-3.91672240330209,0.113511345756696,-34.5051182081598,6.72196698846722e-261,2.49682050966755e-260,"Signifikan","Turun"
"Rv0462",6920.12801724569,0.958512790997956,0.0277799756022484,34.5037304827718,7.0519462000415e-261,2.61693831389753e-260,"Tidak Signifikan","Tidak Signifikan"
"Rv3663c",2661.5724543795,-1.53043180979092,0.0444143498050253,-34.4580482774007,3.41167798899404e-260,1.26487164320928e-259,"Signifikan","Turun"
"Rv2385",1339.54021485539,-2.19825407607395,0.0639182389435969,-34.3916558466785,3.36051467855691e-259,1.24473965731422e-258,"Signifikan","Turun"
"Rv0339c",4635.57658894526,-1.14302390447946,0.0332499479509602,-34.3767125941156,5.62004434224803e-259,2.07973096135242e-258,"Signifikan","Turun"
"Rv3006",4921.58904855071,1.24570760993164,0.0362382778296567,34.3754638613697,5.86675907927424e-259,2.16900589631695e-258,"Signifikan","Naik"
"Rv2904c",2241.77284765178,1.74571385408166,0.0507962402980772,34.3669894432668,7.85244266344266e-259,2.90043203406676e-258,"Signifikan","Naik"
"Rv2067c",2017.99753326216,-1.71912164347994,0.0501274044203716,-34.2950460603002,9.30192301782351e-258,3.43262591736799e-257,"Signifikan","Turun"
"Rv1781c",4455.89698914554,-1.16012933818668,0.0338515020151876,-34.2711333064686,2.11305649032428e-257,7.79042295271042e-257,"Signifikan","Turun"
"Rv2198c",3565.6127413972,1.35442566167432,0.0395301818987498,34.2630768849853,2.78553630070342e-257,1.02601880268249e-256,"Signifikan","Naik"
"Rv2850c",7600.68189608193,0.976541346681129,0.0285060033157093,34.2573925873,3.38499161492519e-257,1.24566435402674e-256,"Tidak Signifikan","Tidak Signifikan"
"Rv0997",2507.75582294568,1.65750973261034,0.0483983959065884,34.2472038910013,4.80008990916807e-257,1.76477818996012e-256,"Signifikan","Naik"
"Rv0845",2247.7087936615,-1.74024947740301,0.0508238566066604,-34.2407993724535,5.97830869349018e-257,2.19592135065514e-256,"Signifikan","Turun"
"Rv1867",2508.27041238776,-1.58506635224694,0.0463062350095933,-34.2300848237513,8.63019799326879e-257,3.16706710816811e-256,"Signifikan","Turun"
"Rv2837c",4499.16751670151,1.32749574631214,0.0388186360274037,34.1973825503556,2.64455662622645e-256,9.69589291704283e-256,"Signifikan","Naik"
"Rv3190c",2602.71425517483,-1.60787757225128,0.0470425996454716,-34.1791819408104,4.92972131086849e-256,1.80574371562468e-255,"Signifikan","Turun"
"Rv2001",906.726581237235,-2.86247169014806,0.0837930181672364,-34.161219547374,9.11194166759248e-256,3.33460079292798e-255,"Signifikan","Turun"
"Rv2294",2220.59238061266,-1.63673970365895,0.0479231765185563,-34.1534059835367,1.19019771105044e-255,4.35162610114018e-255,"Signifikan","Turun"
"Rv3784",1984.68664160033,-1.76137697410286,0.0515829138434009,-34.1465195132284,1.50605470139648e-255,5.50139871127058e-255,"Signifikan","Turun"
"Rv1774",2026.34986682214,-1.69955372697306,0.049806914846989,-34.1228468415327,3.38124816837126e-255,1.23398449714156e-254,"Signifikan","Turun"
"Rv0384c",10637.9879273529,0.781104110838814,0.0228999030399824,34.109494239999,5.33439389775141e-255,1.9449945397408e-254,"Tidak Signifikan","Tidak Signifikan"
"Rv3872",3302.73632283519,1.49534625419954,0.0438462607054941,34.1043051366104,6.36816513530284e-255,2.31978981558736e-254,"Signifikan","Naik"
"Rv1077",7112.64948540622,0.9371707658934,0.0274920446585287,34.0887983245242,1.08102441061224e-254,3.93433379531995e-254,"Tidak Signifikan","Tidak Signifikan"
"Rv0564c",2659.64668731298,-1.47761053211377,0.0433509158519077,-34.0848746347477,1.23586385474186e-254,4.49374144066081e-254,"Signifikan","Turun"
"Rv2068c",3716.60805780422,1.28317193562972,0.0376541462248465,34.0778390769355,1.57107113737687e-254,5.70736190656962e-254,"Signifikan","Naik"
"Rv3071",1866.61559055238,-1.84554914058022,0.0541728551401968,-34.0677842399855,2.21366341688657e-254,8.03440327062124e-254,"Signifikan","Turun"
"Rv2677c",5781.8315836363,1.0617408918757,0.0311670683697367,34.066113606843,2.34341935908832e-254,8.49757275822976e-254,"Signifikan","Naik"
"Rv0764c",2223.44996817347,-1.64025294068555,0.0481529811182889,-34.0633726633919,2.5729702905621e-254,9.32143665996332e-254,"Signifikan","Turun"
"Rv0441c",2087.71636298978,1.81869498825489,0.0534647851986894,34.0166893310453,1.26231462724835e-253,4.56898004223923e-253,"Signifikan","Naik"
"Rv3802c",4700.86727769307,1.3254078465616,0.0389641120124373,34.0161183742242,1.28709236685651e-253,4.65441697294418e-253,"Signifikan","Naik"
"Rv2622",1457.34757323145,-2.05236099639996,0.0603400253730075,-34.0132604140081,1.41861664191777e-253,5.12536631920563e-253,"Signifikan","Turun"
"Rv3021c",648.040278146632,-4.35563342526466,0.128149961949337,-33.9885658880384,3.28722476645109e-253,1.18657148758066e-252,"Signifikan","Turun"
"Rv0022c",705.63241325431,-3.6011722255479,0.105981778707009,-33.9791638664935,4.52599248506946e-253,1.63223747166096e-252,"Signifikan","Turun"
"Rv3714c",1129.58852474065,-2.43200603182856,0.0715744130968905,-33.9787072865878,4.59681834468825e-253,1.65627414835407e-252,"Signifikan","Turun"
"Rv2241",10701.5996205223,0.778516540382733,0.0229187462047508,33.9685484287686,6.49346418449176e-253,2.33752925770225e-252,"Tidak Signifikan","Tidak Signifikan"
"Rv0806c",2775.51622200142,-1.43703532917745,0.0423162273443573,-33.959438715632,8.85043095343369e-253,3.18310603737728e-252,"Signifikan","Turun"
"Rv3178",722.550271723801,-3.59939375576936,0.106059121017887,-33.9376163146054,1.85774082568313e-252,6.67541472417117e-252,"Signifikan","Turun"
"Rv0413",3493.81135122338,1.36032895989431,0.0401028688981308,33.9209886292628,3.26747045992584e-252,1.17303668004759e-251,"Signifikan","Naik"
"Rv3508",23277.4241971253,3.17656048514675,0.0937266756534462,33.8917438712119,8.81505120404847e-252,3.16178192825138e-251,"Signifikan","Naik"
"Rv3403c",2698.31158648388,-1.48984219728966,0.0439820345776432,-33.873880815122,1.6155127452549e-251,5.78928551077344e-251,"Signifikan","Turun"
"Rv2434c",2227.72869961867,-1.62249394477169,0.0479508121185613,-33.836631186975,5.70787295680725e-251,2.04360397289299e-250,"Signifikan","Turun"
"Rv0977",8230.4055696437,0.853836287815598,0.0252410356192233,33.8273080667627,7.8267006952864e-251,2.79968635330939e-250,"Tidak Signifikan","Tidak Signifikan"
"Rv3519",3756.46189623201,1.26615396349277,0.0375115689705499,33.7536924804937,9.43700099671939e-250,3.37266513098971e-249,"Signifikan","Naik"
"Rv3200c",5098.60170763477,1.09107532340054,0.0323514557519179,33.7256948116116,2.429084115291e-249,8.67342635945939e-249,"Signifikan","Naik"
"Rv0998",4681.89848063454,1.11843762060896,0.0331631054402474,33.7253585200017,2.45681512042217e-249,8.76455538013918e-249,"Signifikan","Naik"
"Rv1436",4027.08910579613,1.20590488037181,0.035818926141294,33.6666955233362,1.77664821996036e-248,6.33240205622889e-248,"Signifikan","Naik"
"Rv3099c",4007.52338287594,1.22049535172195,0.0362607427639047,33.6588624140618,2.31323060413132e-248,8.23750970070821e-248,"Signifikan","Naik"
"Rv0408",3723.11720325962,-1.2621353880363,0.0374979064463303,-33.6588227890206,2.31632061663929e-248,8.24111559301172e-248,"Signifikan","Turun"
"Rv1826",2592.04348152267,1.6355670695303,0.0486226763406893,33.6379482295505,4.67857928509144e-248,1.6630756293869e-247,"Signifikan","Naik"
"Rv2341",679.10681843843,-3.74212978464746,0.11140039354928,-33.5917106342364,2.21677041180969e-247,7.8728095108765e-247,"Signifikan","Turun"
"Rv3509c",6493.23296095607,0.980645931587111,0.029209750380687,33.5725543288278,4.22040197243057e-247,1.49752545837496e-246,"Tidak Signifikan","Tidak Signifikan"
"Rv0329c",1122.32391799279,-2.53655610053091,0.0755733875054359,-33.5641445257229,5.59841583960373e-247,1.98471095940197e-246,"Signifikan","Turun"
"Rv2964",1794.82904462797,-1.82482422565828,0.0543947488016913,-33.547801320144,9.69278716502995e-247,3.43315059675659e-246,"Signifikan","Turun"
"Rv1586c",1596.4868469371,-1.9088888024511,0.0569413997725035,-33.5237421292351,2.17353876694283e-246,7.69172907088511e-246,"Signifikan","Turun"
"Rv3641c",1051.42052499174,-2.52969791989992,0.0755560568665743,-33.4810738517914,9.08948249981722e-246,3.21372344712789e-245,"Signifikan","Turun"
"Rv1979c",3063.12012454363,-1.35068707878146,0.04036476725809,-33.4620306403663,1.72031369513598e-245,6.07701195779558e-245,"Signifikan","Turun"
"Rv3418c",2774.73673489378,1.47668429696726,0.0441426417950484,33.4525582728695,2.36247325145851e-245,8.3380172495871e-245,"Signifikan","Naik"
"Rv3150",4794.98461420383,1.09181304572568,0.0326465169124545,33.4434772522136,3.2018290086395e-245,1.12903606020203e-244,"Signifikan","Naik"
"Rv0974c",2530.44181539031,-1.47544900563953,0.0441207477008623,-33.4411605089525,3.46000014538406e-245,1.21898939402652e-244,"Signifikan","Turun"
"Rv3352c",673.970589737796,-3.69953210534347,0.110714850775112,-33.41495815099,8.31403503015482e-245,2.92651082206071e-244,"Signifikan","Turun"
"Rv3765c",3396.59880795443,1.32661387430269,0.0397203606702276,33.3988375714084,1.42529699318778e-244,5.01254713827654e-244,"Signifikan","Naik"
"Rv3639c",649.208933834689,-3.92676150099094,0.117616580435344,-33.3861219775009,2.18008863196829e-244,7.66024056954668e-244,"Signifikan","Turun"
"Rv3565",1572.87184156181,-1.92868618281259,0.0577805901328384,-33.3794822513669,2.72159127743252e-244,9.55447132528744e-244,"Signifikan","Turun"
"Rv3664c",951.8387665866,-2.65989512905626,0.0797503150067653,-33.3527852376585,6.63787286051958e-244,2.32824417662964e-243,"Signifikan","Turun"
"Rv3376",3199.680790842,1.50253468774364,0.0450685037871778,33.3389076956914,1.05483069507161e-243,3.69656657893028e-243,"Signifikan","Naik"
"Rv1185c",7637.06332874263,0.92981775972299,0.0279200451352678,33.3028745196573,3.5082497630919e-243,1.22835188086369e-242,"Tidak Signifikan","Tidak Signifikan"
"Rv3837c",4220.30463578294,1.1731974958338,0.0352462707942592,33.2857198618836,6.21386982403859e-243,2.17375851780962e-242,"Signifikan","Naik"
"Rv3822",5767.27842407108,1.01708205611313,0.0305576372036168,33.2840543048514,6.56840931105409e-243,2.29576032924684e-242,"Signifikan","Naik"
"Rv2308",1217.7592390614,-2.4128085105731,0.0725322897237056,-33.2653018367973,1.2265820572123e-242,4.28331956070526e-242,"Signifikan","Turun"
"Rv0913c",2598.72815447349,-1.52257259832925,0.0458480982391025,-33.2090676997959,7.96442494702296e-242,2.77879276735621e-241,"Signifikan","Turun"
"Rv2974c",2190.40588766772,-1.59634364554773,0.0481025130199631,-33.1862837370934,1.69801399142941e-241,5.91917531107247e-241,"Signifikan","Turun"
"Rv3087",2631.94268496118,-1.44849689251645,0.0436575720987511,-33.1785947519029,2.1920340686773e-241,7.63459100126677e-241,"Signifikan","Turun"
"Rv0300",1124.43587471981,2.62167418461578,0.0790564012577719,33.1620734425734,3.7937100110018e-241,1.32014452751264e-240,"Signifikan","Naik"
"Rv0019c",3349.95536807793,1.78531079494724,0.0538464515701508,33.1555885836107,4.70473756203653e-241,1.63573128033295e-240,"Signifikan","Naik"
"Rv0615",2743.98119675963,1.48294790749546,0.0447432895157821,33.1434707538073,7.0331539013135e-241,2.44312797955435e-240,"Signifikan","Naik"
"Rv2050",2061.59411598658,1.76071830396056,0.0531475145486186,33.128892647461,1.14059730292279e-240,3.95866098048531e-240,"Signifikan","Naik"
"Rv2739c",4370.88372415348,1.35898545884923,0.0410446309026883,33.1099446860959,2.13756773961866e-240,7.4123524677161e-240,"Signifikan","Naik"
"Rv1735c",757.092741866154,-3.20918551329636,0.0969813676730443,-33.0907429983414,4.03832551941453e-240,1.39912989829847e-239,"Signifikan","Turun"
"Rv2026c",1407.88731163889,-2.07202971884846,0.0626582921671372,-33.0687231838596,8.37209510262946e-240,2.8980891162418e-239,"Signifikan","Turun"
"Rv2687c",837.291450367781,-2.88223026725195,0.0871957483681021,-33.054711051787,1.33110212359306e-239,4.60373332545221e-239,"Signifikan","Turun"
"Rv2427A",653.365999656318,-3.73646337874785,0.113100017623814,-33.0368063352196,2.40661942533378e-239,8.31625371106195e-239,"Signifikan","Turun"
"Rv2419c",2442.50392790421,1.55279916914204,0.047007256999139,33.0331797315993,2.71322357867164e-239,9.36758741217614e-239,"Signifikan","Naik"
"Rv2048c",33115.505804211,0.769800249702537,0.0233124232620248,33.0210309348885,4.05416278294649e-239,1.39850989216946e-238,"Tidak Signifikan","Tidak Signifikan"
"Rv2316",1035.69568968414,-2.49080258278618,0.0755020276953433,-32.9898766803557,1.1346924035429e-238,3.91079475660703e-238,"Signifikan","Turun"
"Rv2107",607.562288998999,-4.60698397091452,0.139724084259279,-32.9720104829284,2.04653142998362e-238,7.0473873114106e-238,"Signifikan","Turun"
"Rv3137",3293.97581442725,1.33469451954781,0.0405095761818894,32.9476298037527,4.57436334233343e-238,1.57385077008124e-237,"Signifikan","Naik"
"Rv2406c",2681.18032842344,1.85143889058706,0.0562099775764585,32.9379048064674,6.30366064130083e-238,2.16695162600003e-237,"Signifikan","Naik"
"Rv2821c",1301.73894719558,-2.16867852952662,0.065923438824252,-32.896926619805,2.43192718409356e-237,8.3527750123802e-237,"Signifikan","Turun"
"Rv3328c",3711.06713344228,1.32524874374382,0.0402860755962621,32.8959503781197,2.51137024638619e-237,8.61817107907785e-237,"Signifikan","Naik"
"Rv0439c",1732.78041009494,-1.78374661170686,0.0542824753525182,-32.8604508199553,8.0773823586131e-237,2.76948797032136e-236,"Signifikan","Turun"
"Rv0095c",721.68152388737,-3.24133035483196,0.0986793107983593,-32.8471118070056,1.25247931462649e-236,4.29066100269714e-236,"Signifikan","Turun"
"Rv1467c",2923.64192657803,-1.36884428185543,0.0416868087304845,-32.8363893409385,1.7817490263477e-236,6.09853182702443e-236,"Signifikan","Turun"
"Rv0756c",3296.38968069655,1.30593936295739,0.0397916844432534,32.8194038837381,3.11337942253515e-236,1.06472208355146e-235,"Signifikan","Naik"
"Rv3157",5736.04257447745,1.00610175638034,0.0307142828331252,32.7568044432823,2.42916196046966e-235,8.3001597736289e-235,"Signifikan","Naik"
"Rv0470c",3919.30102888853,1.20233244171973,0.0367189444175441,32.7441995076869,3.67204400658946e-235,1.25361433512396e-234,"Signifikan","Naik"
"Rv0366c",747.880672163239,-3.20981290239685,0.0980444207285237,-32.7383534784151,4.44745996361904e-235,1.51703127047951e-234,"Signifikan","Turun"
"Rv1895",1500.30623984961,-2.02925017905533,0.0620006135886211,-32.7295176870275,5.94073456990607e-235,2.02464725419393e-234,"Signifikan","Turun"
"Rv1350",1126.98022979925,-2.30956149295637,0.070612896601999,-32.707360894341,1.22735237743957e-234,4.17931921141868e-234,"Signifikan","Turun"
"Rv1812c",5188.13953386569,1.21568568817335,0.0372040977355717,32.6761233887151,3.41105465587532e-234,1.16051919552808e-233,"Signifikan","Naik"
"Rv3302c",6518.44001903803,0.91868016683098,0.0281195992688036,32.6704572867147,4.10548882427339e-234,1.39558476143038e-233,"Tidak Signifikan","Tidak Signifikan"
"Rv2211c",4260.64044983135,1.14899572701797,0.0351962066743286,32.6454420969185,9.30018387795907e-234,3.15871827430339e-233,"Signifikan","Naik"
"Rv3001c",4601.99796600409,1.37596476943539,0.0421560396794688,32.639801553881,1.11822618463485e-233,3.79469912270869e-233,"Signifikan","Naik"
"Rv2344c",4719.70372656842,1.07350903434554,0.0329026495617128,32.6268263694705,1.70841116433402e-233,5.79253597342997e-233,"Signifikan","Naik"
"Rv1441c",3578.98224588158,1.28785767514791,0.0395007865586669,32.6033425495257,3.6774120145107e-233,1.24579790448881e-232,"Signifikan","Naik"
"Rv2984",4325.30584613986,-1.10774689621519,0.03398204139898,-32.5980091428069,4.37648199019502e-233,1.48135700128871e-232,"Signifikan","Turun"
"Rv2808",627.869662501643,-3.72125024900228,0.114222078262661,-32.5790802058864,8.11481551718369e-233,2.7443711131004e-232,"Signifikan","Turun"
"Rv1576c",2046.98798890511,-1.64253249894849,0.0504218497288549,-32.5758080629977,9.02853189063578e-233,3.05078245401637e-232,"Signifikan","Turun"
"Rv2125",3968.3024552902,1.18555053220354,0.0364007742214507,32.5693768212463,1.11347301080324e-232,3.75927441179271e-232,"Signifikan","Naik"
"Rv3018c",1313.44091157375,-2.52520047642661,0.0775648059502734,-32.5560084304924,1.72151469634598e-232,5.80718435408546e-232,"Signifikan","Turun"
"Rv1501",1691.32473591107,-1.92629110817645,0.0591823217887047,-32.5484207100522,2.20435357029441e-232,7.42962668934404e-232,"Signifikan","Turun"
"Rv3083",2698.0072661615,-1.39025841719502,0.0427867260024968,-32.4927506047995,1.34983485364805e-231,4.54566626860936e-231,"Signifikan","Turun"
"Rv0298",1643.99522383199,2.1198157122824,0.0652571730804797,32.4840260804447,1.79265188959084e-231,6.03176424597699e-231,"Signifikan","Naik"
"Rv2253",637.385591352804,-4.01656735296305,0.123765244265306,-32.4531121544353,4.89579801956575e-231,1.64590091047604e-230,"Signifikan","Turun"
"Rv1171",1963.82884891593,1.76646624167379,0.0544494879456303,32.4422930007656,6.95712819669799e-231,2.33691173211693e-230,"Signifikan","Naik"
"Rv3075c",4622.53324697746,1.08356709780923,0.0334028044775912,32.439404857043,7.64116033209625e-231,2.56450787118662e-230,"Signifikan","Naik"
"Rv2870c",5707.05561378363,1.06309829357054,0.0327938411345456,32.4176204064931,1.5497167949243e-230,5.19672571890505e-230,"Signifikan","Naik"
"Rv1542c",596.902686044979,-4.01461138964034,0.123919217980946,-32.3970039115131,3.02476182242698e-230,1.01344849236215e-229,"Signifikan","Turun"
"Rv2237A",1398.78360005453,2.1648377524448,0.0668318147158493,32.392323351522,3.52049544095958e-230,1.17854898010858e-229,"Signifikan","Naik"
"Rv1044",884.791344885402,-2.70975748339627,0.0837552739778355,-32.3532758559582,1.24769428662735e-229,4.17335854557396e-229,"Signifikan","Turun"
"Rv2785c",2120.09779747493,1.67923552392749,0.0519117671796711,32.3478782395426,1.48598791441655e-229,4.96622919670635e-229,"Signifikan","Naik"
"Rv3237c",2912.73006969894,1.40305955834564,0.0434045316735393,32.32518597133,3.0974199487838e-229,1.03429839535567e-228,"Signifikan","Naik"
"Rv1080c",2491.98188900518,1.53498642405369,0.0474995587940632,32.31580383112,4.19584452462326e-229,1.39990876612115e-228,"Signifikan","Naik"
"Rv2462c",5417.62832949916,1.01822747022591,0.0315153256874104,32.308962322819,5.23502385026918e-229,1.74515458941326e-228,"Signifikan","Naik"
"Rv3089",3559.56867313338,-1.18975658555126,0.0368334423785785,-32.300988143405,6.77489208692264e-229,2.25659084037129e-228,"Signifikan","Turun"
"Rv2564",4272.62768328494,1.34576361227721,0.0416670226979884,32.2980507158286,7.449833681074e-229,2.47931964872656e-228,"Signifikan","Naik"
"Rv2332",2222.80359110445,-1.52915366546041,0.0473614165394868,-32.2869073011257,1.06801257933878e-228,3.55138801528661e-228,"Signifikan","Turun"
"Rv0512",4622.61117619445,1.11203413275696,0.0344462142777921,32.2832031348623,1.2038241065168e-228,3.99964005908891e-228,"Signifikan","Naik"
"Rv2926c",5756.43813955688,1.05829645378381,0.0327878560839735,32.2770860977731,1.46689984317154e-228,4.86961646682972e-228,"Signifikan","Naik"
"Rv0159c",2875.50813079417,-1.32768320880036,0.0411362938270657,-32.2752266983956,1.55771964795891e-228,5.16678415004432e-228,"Signifikan","Turun"
"Rv1674c",1017.86620374381,-2.45391500743811,0.0760666196881844,-32.2600769890566,2.54094774175986e-228,8.42100224858928e-228,"Signifikan","Turun"
"Rv2311",945.165456678766,-2.53783475440299,0.0787295787380724,-32.2348321314685,5.73966522660697e-228,1.90060533839314e-227,"Signifikan","Turun"
"Rv2641",1482.60090636674,-1.91043499862253,0.0593071761823881,-32.2125436009185,1.17789011499282e-227,3.89715603517642e-227,"Signifikan","Turun"
"Rv3902c",846.779989130253,-2.74133348576674,0.0851099716854705,-32.2093102779721,1.30731225549992e-227,4.32175643130681e-227,"Signifikan","Turun"
"Rv1472",3330.86660750186,1.299663499005,0.0403729753338654,32.1914223130052,2.32687646343191e-227,7.68586089128593e-227,"Signifikan","Naik"
"Rv0676c",7040.33504168305,-0.871475629796094,0.0271016553174162,-32.1558081818,7.32627321054842e-227,2.41791396225005e-226,"Tidak Signifikan","Tidak Signifikan"
"Rv0457c",3815.14930142272,-1.14500094804887,0.0356132824309111,-32.1509523945215,8.56554414207946e-227,2.82456472249619e-226,"Signifikan","Turun"
"Rv2495c",7636.03844802326,0.833333720573794,0.0259203168822043,32.1498276568494,8.88125904906151e-227,2.92624208036769e-226,"Tidak Signifikan","Tidak Signifikan"
"Rv0303",1569.56414625078,-1.83511503481245,0.0571391923968399,-32.1165728431601,2.588231273907e-226,8.52075806106977e-226,"Signifikan","Turun"
"Rv2405",2628.77357934329,1.45737397367908,0.0454024502644484,32.0990159163337,4.55048895285485e-226,1.49683164809081e-225,"Signifikan","Naik"
"Rv2226",5421.84975760588,0.983871342268758,0.0306596046330951,32.0901509997533,6.04980580337438e-226,1.98836616586463e-225,"Tidak Signifikan","Tidak Signifikan"
"Rv1167c",2904.3268835002,1.36314790902501,0.0424974237522676,32.0760128183599,9.52635746188654e-226,3.12839901086953e-225,"Signifikan","Naik"
"Rv2914c",2956.20609862697,-1.30471433834688,0.0406800108812612,-32.0726152742471,1.06242810402441e-225,3.48606475489232e-225,"Signifikan","Turun"
"Rv2193",4827.36181957218,1.04977416245932,0.0327415831570899,32.0624130306297,1.47408149034487e-225,4.83279443983313e-225,"Signifikan","Naik"
"Rv2624c",3276.33839867593,1.42626647479206,0.0444936555189084,32.0555022543818,1.840067963389e-225,6.02770405513142e-225,"Signifikan","Naik"
"Rv2544",616.261253564636,-5.64857750886149,0.176274215201259,-32.0442641166338,2.63882429560572e-225,8.63714189824084e-225,"Signifikan","Turun"
"Rv0098",563.993914155083,-4.57319257172905,0.142721773261589,-32.0427112641533,2.77358484562793e-225,9.07074285458039e-225,"Signifikan","Turun"
"Rv1378c",4820.31627810959,-1.02943375187673,0.0321351436982863,-32.0345152815243,3.60738772734974e-225,1.17878971288274e-224,"Signifikan","Turun"
"Rv1530",1757.78549241813,-1.77094474508591,0.0553016982555732,-32.0233338387116,5.16271139023737e-225,1.68563589177544e-224,"Signifikan","Turun"
"Rv1264",4601.32641681456,1.06823055211123,0.0333679640504711,32.0136568864514,7.0399776756916e-225,2.29667692758788e-224,"Signifikan","Naik"
"Rv3866",4689.94810138873,1.06438386986097,0.0332656727339185,31.9964630919879,1.22121285291654e-224,3.98073244660634e-224,"Signifikan","Naik"
"Rv3265c",3422.19005285017,1.24967762020834,0.0390928723385419,31.9668918002803,3.1471801229535e-224,1.02502984792747e-223,"Signifikan","Naik"
"Rv2017",1583.54278841849,-1.82204304223913,0.0570182335862206,-31.9554452609254,4.53901063922774e-224,1.47713332287256e-223,"Signifikan","Turun"
"Rv0787A",1460.70621879287,2.07153943872273,0.064967934771936,31.8855670261749,4.23277350846918e-223,1.37634528754895e-222,"Signifikan","Naik"
"Rv0650",1008.36229928082,-2.39418755050728,0.0750913882123944,-31.8836501428815,4.49981609952539e-223,1.46197956321189e-222,"Signifikan","Turun"
"Rv1303",2673.14133183406,1.42204788914056,0.0446350971438335,31.859410646248,9.75076194716051e-223,3.16540692670914e-222,"Signifikan","Naik"
"Rv1145",1534.35005199094,-1.85689550932209,0.0583147756565466,-31.8426245906963,1.66519006903849e-222,5.40131562050343e-222,"Signifikan","Turun"
"Rv1220c",2874.1572629867,1.36813540433086,0.0429749648507689,31.8356375411063,2.0805241929919e-222,6.74300610588142e-222,"Signifikan","Naik"
"Rv1729c",1329.12169996967,-2.01427065407907,0.0632760047507933,-31.8330884197269,2.25657787333956e-222,7.30762810084736e-222,"Signifikan","Turun"
"Rv3538",1507.84723191997,-1.85426323663673,0.0582933976427395,-31.8091466893194,4.83776566335047e-222,1.56536838389162e-221,"Signifikan","Turun"
"Rv2120c",2120.84690457724,1.67041919320046,0.0525296045161109,31.7995768022228,6.56083205112189e-222,2.12117528498782e-221,"Signifikan","Naik"
"Rv1411c",4158.29981655813,1.1158454610653,0.0351013726008838,31.7892258446101,9.12068444971897e-222,2.94639700423739e-221,"Signifikan","Naik"
"Rv2607",1233.57892304971,-2.16212306587772,0.0680493407033453,-31.7728730878274,1.53446388619867e-221,4.95298473275031e-221,"Signifikan","Turun"
"Rv3868",7652.285376921,0.876551724667302,0.0276414358295155,31.7115120239637,1.07816439562608e-220,3.4772993149989e-220,"Tidak Signifikan","Tidak Signifikan"
"Rv2374c",6793.17127260884,0.891198277031896,0.0281175057227251,31.6954955329346,1.79237766205583e-220,5.77608625944393e-220,"Tidak Signifikan","Tidak Signifikan"
"Rv1713",5504.32879829743,1.0295363767344,0.0324992538892049,31.6787696186583,3.04672152854246e-220,9.81034440237657e-220,"Signifikan","Naik"
"Rv1032c",2244.5368401859,-1.53487630213356,0.048454960192678,-31.676350491884,3.28962755513017e-220,1.05839030909987e-219,"Signifikan","Turun"
"Rv0089",984.31993177285,-2.49982737260287,0.0790175389924502,-31.6363607937944,1.16809953657006e-219,3.7551465652945e-219,"Signifikan","Turun"
"Rv3178a",659.198519079953,-3.5105897074377,0.110974766345535,-31.6341256940068,1.25377191237714e-219,4.02729811854261e-219,"Signifikan","Turun"
"Rv3111",553.175828252117,-4.342591815219,0.137486643840548,-31.5855540139258,5.83009389824542e-219,1.87119599468767e-218,"Signifikan","Turun"
"Rv1366",1305.25981137404,-2.00009123965813,0.0633903574513042,-31.5519791980125,1.68442618439601e-218,5.40187443290135e-218,"Signifikan","Turun"
"Rv2568c",1589.92736322117,-1.82566267514132,0.0578670147602901,-31.5492804096426,1.83429241554245e-218,5.87773668211382e-218,"Signifikan","Turun"
"Rv3820c",2886.17918580675,-1.36601419949152,0.0433062053911354,-31.5431515450009,2.2259753604165e-218,7.12707365195502e-218,"Signifikan","Turun"
"Rv2997",2478.87110180009,-1.45480404850202,0.0461262763739576,-31.5395944105167,2.49055266705027e-218,7.96776002434551e-218,"Signifikan","Turun"
"Rv0181c",1127.08985918443,-2.18317647810148,0.0692812037074387,-31.5118150562252,5.98435020478607e-218,1.91296674152992e-217,"Signifikan","Turun"
"Rv3578",1990.35245950457,-1.56930072562604,0.0498078315189019,-31.5071079741846,6.94217044443043e-218,2.217358305399e-217,"Signifikan","Turun"
"Rv3573c",3650.09821778596,-1.16819964404874,0.0370891300778552,-31.4970893519617,9.52137706557836e-218,3.03872106348748e-217,"Signifikan","Turun"
"Rv2707",4308.97403915555,1.10295381889176,0.0350185949011523,31.4962328444386,9.78199796733332e-218,3.11938793701055e-217,"Signifikan","Naik"
"Rv2208",3332.97385372645,1.36936502413805,0.0435083460549085,31.47361709429,1.99517291352915e-217,6.3573099983696e-217,"Signifikan","Naik"
"Rv1902c",2367.06467068591,-1.43032987578646,0.0454671431409078,-31.4585385616533,3.20807554294843e-217,1.0213832808087e-216,"Signifikan","Turun"
"Rv1290c",2345.80024661902,-1.63726862555888,0.0520462325629369,-31.4579662145385,3.26641951442284e-217,1.0391247966091e-216,"Signifikan","Turun"
"Rv3082c",1817.54764846541,-1.65512429181242,0.0526433447371364,-31.440333057805,5.6905208386906e-217,1.80883783390109e-216,"Signifikan","Turun"
"Rv3517",1090.68770798727,-2.2498717963847,0.0715650560381958,-31.4381336498066,6.09835643286587e-217,1.93692393668366e-216,"Signifikan","Turun"
"Rv0962c",1042.27355553061,-2.33792949885082,0.0744586902907619,-31.3990145370699,2.08703319152998e-216,6.62340853663954e-216,"Signifikan","Turun"
"Rv1368",3380.42660802298,1.3144852769828,0.0418752004512692,31.3905429184152,2.72366233647488e-216,8.63690526682323e-216,"Signifikan","Naik"
"Rv3566c",1104.55710159038,-2.20229780950965,0.0702222478078083,-31.3618244681818,6.71246493726e-216,2.12686488866697e-215,"Signifikan","Turun"
"Rv3239c",6196.27935543904,-0.884887159753426,0.0282193752989079,-31.3574326284846,7.70471486855952e-216,2.4393139571888e-215,"Tidak Signifikan","Tidak Signifikan"
"Rv2343c",6469.83937792564,0.878104235752822,0.0280232828977954,31.3348096636423,1.56691672512496e-215,4.95690482342161e-215,"Tidak Signifikan","Tidak Signifikan"
"Rv3412",2864.60701417091,1.3557800784972,0.0432696024968662,31.3333148506596,1.64213297475346e-215,5.19071036720876e-215,"Signifikan","Naik"
"Rv2398c",1046.6462017935,-2.31813965203666,0.0739961093453726,-31.3278586204698,1.94861074772428e-215,6.1545691371196e-215,"Signifikan","Turun"
"Rv3244c",10385.5567148802,0.746011418801093,0.0238145685075022,31.3258423542749,2.0757949380052e-215,6.55105689663217e-215,"Tidak Signifikan","Tidak Signifikan"
"Rv3104c",3242.9518320874,1.25007391080955,0.039926086798504,31.3097027794969,3.44289958306499e-215,1.08569019443711e-214,"Signifikan","Naik"
"Rv1727",733.416113951505,-2.93691893034302,0.093806222573352,-31.3083594006409,3.59094977479929e-215,1.13147718479974e-214,"Signifikan","Turun"
"Rv1138a",538.133008093845,-4.43266217307317,0.14161972151304,-31.2997520805394,4.70269221897099e-215,1.48060158989349e-214,"Signifikan","Turun"
"Rv2736c",2280.71829915768,1.79764690919708,0.0574557615075167,31.2874960148584,6.90373604292607e-215,2.17185732611322e-214,"Signifikan","Naik"
"Rv3378c",987.079599616317,-2.36164182749485,0.0755014256492949,-31.2794335628138,8.88657182505141e-215,2.7934255491267e-214,"Signifikan","Turun"
"Rv3346c",583.652861183306,-5.2561121090332,0.168059602979363,-31.275285766792,1.01189085301663e-214,3.17828267135152e-214,"Signifikan","Turun"
"Rv3051c",10486.7883903844,0.722604377936551,0.0231053952897085,31.2742703111602,1.04457621217317e-214,3.27834955197069e-214,"Tidak Signifikan","Tidak Signifikan"
"Rv2834c",882.794893575251,-2.54382429748743,0.0813883661510909,-31.2553798262153,1.88668618852432e-214,5.91658822915098e-214,"Signifikan","Turun"
"Rv0811c",6114.21403521623,0.904185827291707,0.0289512373914521,31.2313361624629,4.00200200437846e-214,1.25402385081906e-213,"Tidak Signifikan","Tidak Signifikan"
"Rv0980c",3704.77304489191,1.24099848168761,0.0397487132404044,31.2210982574938,5.51136858725848e-214,1.72561950952284e-213,"Signifikan","Naik"
"Rv2349c",2960.18618576597,-1.25889130858187,0.0404018335256997,-31.1592618137265,3.79960153676424e-213,1.18872391927001e-212,"Signifikan","Turun"
"Rv2305",1984.61518085829,-1.63686180801241,0.0525348179245539,-31.1576564396423,3.99470047953575e-213,1.24877673777134e-212,"Signifikan","Turun"
"Rv0746",5672.95857485245,1.14948217348241,0.0368989321583878,31.1521799207708,4.73870799199271e-213,1.48019327592402e-212,"Signifikan","Naik"
"Rv0924c",1688.67989998869,-1.69610329429663,0.0544643037899776,-31.1415583468587,6.59910221667471e-213,2.0596883157788e-212,"Signifikan","Turun"
"Rv1329c",3345.16920232179,-1.18597025161138,0.0381049206556847,-31.123808453186,1.14742385752829e-212,3.57848305252731e-212,"Signifikan","Turun"
"Rv3667",3851.31474689591,-1.10858083801376,0.0356205037559796,-31.1219865279885,1.21443787603209e-212,3.78450514864046e-212,"Signifikan","Turun"
"Rv0892",3163.04898564981,-1.25302385652025,0.0402780129544486,-31.1093761734803,1.79870242377485e-212,5.60082615001163e-212,"Signifikan","Turun"
"Rv0449c",1794.09129656654,-1.64199736044559,0.0527985567611816,-31.0992849269094,2.46273067115357e-212,7.66247260585586e-212,"Signifikan","Turun"
"Rv3923c",1655.6587603554,1.88737280102919,0.0606911223283242,31.09800459479,2.56287184024913e-212,7.96779983563347e-212,"Signifikan","Naik"
"Rv1298",1987.42246638149,1.66742039074454,0.0536802039151589,31.0621098492824,7.82944573665333e-212,2.43221701153514e-211,"Signifikan","Naik"
"Rv3721c",6398.70066030268,0.903795435074549,0.0291504986696941,31.0044588024206,4.69389080912409e-211,1.45701602815299e-210,"Tidak Signifikan","Tidak Signifikan"
"Rv3213c",4066.26309897005,1.10315175964135,0.0355904317505128,30.9957397362975,6.1523518767168e-211,1.90823924119903e-210,"Signifikan","Naik"
"Rv1754c",3230.06610482992,-1.26079230715147,0.040680125720788,-30.9928321216371,6.73317960716759e-211,2.08675964856514e-210,"Signifikan","Turun"
"Rv1817",2792.51080639743,-1.37332781456775,0.044318044267299,-30.9880058398942,7.82067908419442e-211,2.42190741038246e-210,"Signifikan","Turun"
"Rv3077",2779.31663638165,-1.29073327592216,0.041660770954635,-30.981982482457,9.42719953296102e-211,2.91713732817912e-210,"Signifikan","Turun"
"Rv1506c",789.588406442065,-2.85199821252507,0.0920994550652752,-30.9665047475441,1.52336815946454e-210,4.71021160451741e-210,"Signifikan","Turun"
"Rv3396c",6382.91832094219,0.915111034575124,0.029576582601364,30.940391150292,3.4214743004303e-210,1.05708633565475e-209,"Tidak Signifikan","Tidak Signifikan"
"Rv2875",769.043854797244,-2.76006941836146,0.0893460125611969,-30.8919149186537,1.5338022293772e-209,4.73509217427186e-209,"Signifikan","Turun"
"Rv3681c",2673.86426173482,1.45748533354788,0.0471870361498338,30.8874100276166,1.76305811665435e-209,5.43860929142131e-209,"Signifikan","Naik"
"Rv0843",1254.5530773668,-2.1720775461103,0.0703792139185292,-30.8624865947592,3.8089940369816e-209,1.17406987915354e-208,"Signifikan","Turun"
"Rv2822c",577.055276673701,-3.61387155928821,0.117354806599245,-30.7944059899414,3.11367296081656e-208,9.59001602139697e-208,"Signifikan","Turun"
"Rv2216",3801.74405488633,1.13031974619343,0.0367100906525257,30.790437345751,3.51885560453527e-208,1.08295579388607e-207,"Signifikan","Naik"
"Rv0766c",1607.57857282539,-1.72028388684344,0.0560111290415282,-30.7132513891654,3.78734762272627e-207,1.16468279219807e-206,"Signifikan","Turun"
"Rv0964c",860.943715672979,-2.5478532361289,0.0829719256800559,-30.7074135648431,4.53188132339325e-207,1.39256182880721e-206,"Signifikan","Turun"
"Rv1964",1224.41770147327,-2.01753484973245,0.0657292532217311,-30.6946260735155,6.7136436321066e-207,2.06137958889837e-206,"Signifikan","Turun"
"Rv2049c",2066.62477336538,1.88899078494015,0.0615758602102749,30.6774566930848,1.13766211427646e-206,3.49041423614439e-206,"Signifikan","Naik"
"Rv0305c",7278.27226768965,-0.821883151463874,0.0268375048715361,-30.6244248635634,5.79026100053475e-206,1.77511324490892e-205,"Tidak Signifikan","Tidak Signifikan"
"Rv1651c",8743.14362558965,0.818079155573875,0.0267158481389453,30.6214929550116,6.33478973706355e-206,1.94054910323792e-205,"Tidak Signifikan","Tidak Signifikan"
"Rv0043c",1528.48039564868,-1.80535389969492,0.058960599236092,-30.6196667450047,6.69951908389951e-206,2.05069384304239e-205,"Signifikan","Turun"
"Rv2083",3117.11895182918,1.27866064935176,0.0417605566605839,30.6188602739252,6.8671939882703e-206,2.10039772948869e-205,"Signifikan","Naik"
"Rv2181",5582.06269188751,0.920063841590069,0.0300537907338336,30.6139032423052,7.99393808638039e-206,2.4431396293275e-205,"Tidak Signifikan","Tidak Signifikan"
"Rv2222c",5564.03083753276,0.944944033694646,0.030881468304666,30.5990642793325,1.25954519892459e-205,3.8465094720045e-205,"Tidak Signifikan","Tidak Signifikan"
"Rv3528c",1427.15037260027,-1.83489605706031,0.060030106134065,-30.5662637504329,3.43820143703292e-205,1.04918039236228e-204,"Signifikan","Turun"
"Rv1348",4156.98862898331,-1.1371092041705,0.0372256017310419,-30.5464291050607,6.30706558174282e-205,1.92314597715402e-204,"Signifikan","Turun"
"Rv3849",2331.9867695863,1.49789254023763,0.0490459029543983,30.5406252104347,7.53178114924707e-205,2.2948214914795e-204,"Signifikan","Naik"
"Rv3729",4286.44078990874,-1.065604445632,0.0349239311070592,-30.5121563310097,1.79773799907177e-204,5.47323610308344e-204,"Signifikan","Turun"
"Rv0558",3519.41402794579,1.18412834340902,0.0388240637865559,30.4998557059621,2.6173818049063e-204,7.96254111968044e-204,"Signifikan","Naik"
"Rv1109c",2782.00327380774,1.39665161580057,0.0458066302023614,30.4901628788352,3.51863992503819e-204,1.06961261169552e-203,"Signifikan","Naik"
"Rv3691",4268.24250656422,1.16987067626453,0.038429962394737,30.4416294829564,1.54603325974558e-203,4.69610562129457e-203,"Signifikan","Naik"
"Rv1957",513.13840312372,-4.36923898791775,0.143607689619734,-30.4248261321331,2.57957232400233e-203,7.82950528639421e-203,"Signifikan","Turun"
"Rv1888A",864.753785259479,-2.47705544419035,0.0814793480896418,-30.4010218818288,5.32472726975855e-203,1.61492301828227e-202,"Signifikan","Turun"
"Rv2169c",3464.40170656712,1.17402906984318,0.038635667230975,30.387182465997,8.11287628210874e-203,2.45865395042974e-202,"Signifikan","Naik"
"Rv2685",1953.79841978929,-1.59936755782923,0.0526397841355327,-30.383246893857,9.14461253467625e-203,2.76921205534814e-202,"Signifikan","Turun"
"Rv3769",2799.67104889389,1.34040611953488,0.0441184787764762,30.3819659405297,9.50792520113206e-203,2.87703579503363e-202,"Signifikan","Naik"
"Rv3387",1154.7505692569,-2.12014259221959,0.0697885508141437,-30.3795188105542,1.02425609692489e-202,3.09696946379652e-202,"Signifikan","Turun"
"Rv1312",2270.3398060216,1.90209151741332,0.0626292372048733,30.3706639630814,1.34074345788475e-202,4.05082200870434e-202,"Signifikan","Naik"
"Rv1702c",2632.99798423257,-1.36861163810201,0.0450800975949557,-30.3595535750382,1.87940929874878e-202,5.67398530299574e-202,"Signifikan","Turun"
"Rv3808c",6728.27735258272,0.844292599879389,0.0278190599859966,30.349429502808,2.55640352438527e-202,7.71197930132044e-202,"Tidak Signifikan","Tidak Signifikan"
"Rv0176",3940.29629475399,1.09798628473951,0.036185986795957,30.3428587129806,3.12119391197785e-202,9.4086445659697e-202,"Signifikan","Naik"
"Rv1922",1909.54352973022,-1.57714338811782,0.0519837323365684,-30.3391718375783,3.49104244905126e-202,1.05155394042417e-201,"Signifikan","Turun"
"Rv3167c",849.7242760997,-2.51854788037215,0.0830882763008682,-30.311711742007,8.0352930663684e-202,2.41851347452833e-201,"Signifikan","Turun"
"Rv1658",3767.17767546263,1.11433763256214,0.0367922538348008,30.2872892094508,1.68548474865896e-201,5.06923275051561e-201,"Signifikan","Naik"
"Rv3746c",2016.21958979034,1.58221964770746,0.0522637725860673,30.273735886591,2.54187345854504e-201,7.63910000761226e-201,"Signifikan","Naik"
"Rv3269",2812.34767574867,-1.31860053998374,0.0436527878403445,-30.2065596544803,1.94245391460958e-200,5.83324351192749e-200,"Signifikan","Turun"
"Rv0395",528.254605742022,-3.85082912678855,0.127514270946009,-30.1992012205367,2.42647862554347e-200,7.28127133701282e-200,"Signifikan","Turun"
"Rv0828c",525.477003239289,-3.89855480034475,0.129157229287099,-30.1845651371073,3.77656819811174e-200,1.13239954965301e-199,"Signifikan","Turun"
"Rv0730",3051.63867824221,1.25625611526836,0.0416565813008995,30.1574463394872,8.56696891171782e-200,2.56685541335231e-199,"Signifikan","Naik"
"Rv0066c",4662.20572175736,-0.973945053980817,0.0323125585653741,-30.1413783749235,1.39138598079549e-199,4.16575712137035e-199,"Tidak Signifikan","Tidak Signifikan"
"Rv3715c",2963.51445310442,1.27040183182853,0.042150322996301,30.1397887731494,1.45974900721533e-199,4.36713748991192e-199,"Signifikan","Naik"
"Rv2404c",3275.68501460129,-1.15038040754757,0.0381702661548078,-30.1381290578889,1.53471016604027e-199,4.58793913239016e-199,"Signifikan","Turun"
"Rv2546",496.963013076557,-4.75655631806798,0.157947832703178,-30.1147298868399,3.10821939237702e-199,9.28486922406599e-199,"Signifikan","Turun"
"Rv1724c",514.374975036143,-4.44323329883154,0.147545518533233,-30.1143222986523,3.14664828428186e-199,9.39259122930485e-199,"Signifikan","Turun"
"Rv1898",2117.207015099,1.54095903243749,0.051186680038697,30.1046880022796,4.20696303947028e-199,1.25481371259989e-198,"Signifikan","Naik"
"Rv3774",3503.65030511637,1.15099317849696,0.0382448884383349,30.0953467377161,5.57461303527541e-199,1.6614943584476e-198,"Signifikan","Naik"
"Rv0790c",958.606138611731,-2.28651456998642,0.0760667522866289,-30.0593163406077,1.64959747259015e-198,4.91287775808192e-198,"Signifikan","Turun"
"Rv3496c",4348.08300415665,1.03513478724644,0.0344480284056403,30.0491736437652,2.23826079718661e-198,6.66105069950435e-198,"Signifikan","Naik"
"Rv3128c",4510.03162455306,1.06260949243313,0.0353716616397938,30.0412658939855,2.83928377792764e-198,8.44335738158842e-198,"Signifikan","Naik"
"RVnc0008",1098.59975432614,2.41540772684031,0.0804759499748858,30.0140318641046,6.43808207159583e-198,1.91309899460829e-197,"Signifikan","Naik"
"Rv2634c",7052.04491514062,0.860663077774903,0.0287019675430647,29.9862048301587,1.48495640325964e-197,4.40929794291241e-197,"Tidak Signifikan","Tidak Signifikan"
"Rv0036c",3301.76254994886,1.21568254538654,0.0405517630816254,29.9785373804717,1.8692343374494e-197,5.54618744701704e-197,"Signifikan","Naik"
"Rv2757c",504.961962492823,-4.29366302469638,0.143247935562213,-29.9736467952911,2.16472281219266e-197,6.41812809863101e-197,"Signifikan","Turun"
"Rv2853",5467.01048103345,0.926459123537884,0.0309147798632569,29.9681617542102,2.55197245028693e-197,7.56062338333699e-197,"Tidak Signifikan","Tidak Signifikan"
"Rv1039c",1719.36484238117,-1.64909285469169,0.055072307117239,-29.9441396413821,5.24500782591247e-197,1.55275716756677e-196,"Signifikan","Turun"
"Rv3288c",2091.18496859533,-1.51545941685255,0.0506153868872728,-29.9406862230981,5.81706296791584e-197,1.72082690482641e-196,"Signifikan","Turun"
"Rv0628c",7389.10581942554,0.822618206585773,0.0274765917702555,29.9388735496769,6.14185579083637e-197,1.8155545396608e-196,"Tidak Signifikan","Tidak Signifikan"
"Rv1190",1073.46077535026,-2.12647994358937,0.0711585100416907,-29.8837052988251,3.20443460269783e-196,9.46537011831892e-196,"Signifikan","Turun"
"Rv0678",1759.42803469336,-1.59811247659101,0.05349153374248,-29.8759890543552,4.03640133554374e-196,1.19139911444211e-195,"Signifikan","Turun"
"Rv3834c",2226.12715976203,-1.39680492511634,0.0467536028612967,-29.8758777855093,4.0498567623836e-196,1.19448191645916e-195,"Signifikan","Turun"
"Rv2734",1494.79018421556,-1.73262481563154,0.0580048936523364,-29.8703213907496,4.78197591579398e-196,1.40936838469203e-195,"Signifikan","Turun"
"Rv1955",560.719759874899,-3.49278255192012,0.116970392565782,-29.8603986470836,6.43358324558819e-196,1.89473086378978e-195,"Signifikan","Turun"
"Rv3471c",588.761022910124,-3.30010098049263,0.110545307631079,-29.8529268334573,8.04350368718999e-196,2.36710527648982e-195,"Signifikan","Turun"
"Rv0887c",529.597033655185,-3.70914454074093,0.124328507183663,-29.833419742277,1.44063699498455e-195,4.23647661905389e-195,"Signifikan","Turun"
"Rv1985c",1642.17659508704,-1.66859663838027,0.0559531442155273,-29.8213203524893,2.06758878540639e-195,6.0756479345979e-195,"Signifikan","Turun"
"Rv3442c",1920.43143967323,1.58233011139574,0.0530671721627916,29.8174944491428,2.3177509013911e-195,6.80571267640156e-195,"Signifikan","Naik"
"Rv3359",1529.72073757995,-1.7760726957434,0.0595748648601245,-29.8124502659541,2.69435343592727e-195,7.90569532568305e-195,"Signifikan","Turun"
"Rv0745",554.991858256042,-3.8677262992116,0.129845531951551,-29.7871343055127,5.73401657442979e-195,1.68121535482358e-194,"Signifikan","Turun"
"Rv1243c",2115.5637534989,-1.42893915966778,0.0480294068509316,-29.7513388850037,1.66634605583388e-194,4.8821231931263e-194,"Signifikan","Turun"
"Rv0652",1585.6337081253,1.7733897503093,0.0597815406777498,29.6645039623301,2.20482816470233e-193,6.4550209072872e-193,"Signifikan","Naik"
"Rv2715",3825.95802996593,1.08954166366667,0.0367781108097211,29.624731659101,7.17801516454571e-193,2.09993998213516e-192,"Signifikan","Naik"
"Rv1440",2419.82507690272,2.21717950208898,0.0749715183113907,29.5736241178953,3.26383130137331e-192,9.54135502766979e-192,"Signifikan","Naik"
"Rv3430c",1776.15481240975,-1.55771948777966,0.0527468025077919,-29.532017368248,1.1177504560414e-191,3.26518119228001e-191,"Signifikan","Turun"
"Rv0817c",1075.90808368041,-2.07386114857922,0.0703564349051064,-29.476495666336,5.76221645164731e-191,1.68202447856401e-190,"Signifikan","Turun"
"Rv1793",1974.6476427729,2.0775426621886,0.0705131614379417,29.4631898474306,8.53259098138293e-191,2.48888150170192e-190,"Signifikan","Naik"
"Rv3074",3519.16480126873,-1.1045925473224,0.0375202582946894,-29.4398972055783,1.69570959626145e-190,4.94260100541452e-190,"Signifikan","Turun"
"Rv0785",2837.75742900956,-1.2184406658548,0.041401601287882,-29.4297956589287,2.28366398496009e-190,6.65146477851445e-190,"Signifikan","Turun"
"Rv1900c",5515.26476008165,0.91248644271656,0.0310932397535621,29.3467792339659,2.62669116497818e-189,7.64496247356452e-189,"Tidak Signifikan","Tidak Signifikan"
"Rv3897c",2714.76986827374,1.28882954891754,0.0439447193534648,29.3284282589445,4.50290453468613e-189,1.30960573967008e-188,"Signifikan","Naik"
"Rv0794c",2681.97314194868,-1.28613661666738,0.0438533973786412,-29.3280952798834,4.54714546182953e-189,1.32150373971266e-188,"Signifikan","Turun"
"Rv0149",3983.5935655264,1.05799084442443,0.0361017932074254,29.3057698919737,8.75628137389472e-189,2.54291128918304e-188,"Signifikan","Naik"
"Rv0288",1389.61432101666,2.40416740818119,0.0820857680494536,29.2884803944671,1.45398428252905e-188,4.21942622442777e-188,"Signifikan","Naik"
"Rv3217c",2352.63256379832,1.37949186384703,0.0471683111611037,29.2461576403566,5.02499186181535e-188,1.45717417513315e-187,"Signifikan","Naik"
"Rv1189",1413.12249519344,-1.74384071080293,0.0596358983011249,-29.2414595986732,5.7659662364373e-188,1.67082454784125e-187,"Signifikan","Turun"
"Rv2646",1449.79295579186,-1.71983439506753,0.0588206500434032,-29.2386159248236,6.2665057389076e-188,1.81454220921507e-187,"Signifikan","Turun"
"Rv2471",3218.13167120599,-1.17143810595694,0.0400652916119113,-29.2382273740565,6.33818703021027e-188,1.83395973368666e-187,"Signifikan","Turun"
"Rv2650c",2291.73303724518,-1.60459604382313,0.0549008633683676,-29.2271550095085,8.76394081889899e-188,2.5340053373595e-187,"Signifikan","Turun"
"Rv0982",11093.7894798179,0.697711658528476,0.02388519495932,29.2110514365398,1.40374320281766e-187,4.05582613661884e-187,"Tidak Signifikan","Tidak Signifikan"
"Rv0844c",3039.73442849563,1.21343358239134,0.0415475524700412,29.205898067433,1.63205581964351e-187,4.71205635846127e-187,"Signifikan","Naik"
"Rv3353c",499.941297873989,-3.86051201372528,0.132199701811416,-29.202123460402,1.82248885893291e-187,5.2580460388268e-187,"Signifikan","Turun"
"Rv2251",4927.9962973201,1.03018302900734,0.0352998125806179,29.1838101591787,3.11256928551228e-187,8.97351915379885e-187,"Signifikan","Naik"
"Rv2429",1890.55471777574,1.55364143350948,0.0532654037390531,29.1679274810486,4.94997517404699e-187,1.42603859952392e-186,"Signifikan","Naik"
"Rv3339c",2146.53026178,-1.41984854368149,0.0487252513166096,-29.1398916437705,1.12199812109382e-186,3.23001926442611e-186,"Signifikan","Turun"
"Rv3579c",3389.05109022998,1.15314409272239,0.0395751674831723,29.1380723331801,1.18315698912402e-186,3.40361405065627e-186,"Signifikan","Naik"
"Rv1669",525.080073473204,-3.61953932378692,0.124270004465577,-29.1264117946461,1.66243473591282e-186,4.7788975343233e-186,"Signifikan","Turun"
"Rv3569c",3455.90507062867,1.12433374627549,0.0386122154090973,29.1186023480691,2.0875297500014e-186,5.99654635644863e-186,"Signifikan","Naik"
"Rv0105c",481.185628547675,-5.23469440649136,0.179796545158276,-29.1145438967318,2.3497024042726e-186,6.74476804468118e-186,"Signifikan","Turun"
"Rv1930c",576.02373473311,-3.22226153583218,0.110751027102553,-29.0946424618566,4.19626160371222e-186,1.20365652797732e-185,"Signifikan","Turun"
"RVnc0013",2070.81391868309,2.12425899386214,0.0730242967055266,29.0897562824644,4.83804783754134e-186,1.38674391412764e-185,"Signifikan","Naik"
"Rv3306c",4938.85264993042,0.951617025582719,0.0327150346966182,29.0880640784125,5.08245142161225e-186,1.45574619419031e-185,"Tidak Signifikan","Tidak Signifikan"
"Rv1325c",4283.48305809023,1.04477367051721,0.0359315745792745,29.0767572184225,7.06400609982831e-186,2.0218551369422e-185,"Signifikan","Naik"
"Rv1758",785.582539467988,-2.54569545112145,0.0875763019585507,-29.0683140780061,9.03192534095123e-186,2.58324786067437e-185,"Signifikan","Turun"
"Rv3777",3635.60759123516,1.088534917515,0.0374967774220219,29.0300925133822,2.74504953811153e-185,7.84554143925681e-185,"Signifikan","Naik"
"Rv1040c",1013.02069061002,-2.12905223040819,0.073400023115596,-29.006152042421,5.50319980156763e-185,1.57172020250675e-184,"Signifikan","Turun"
"Rv2854",1546.37246713083,-1.68435430950997,0.0580971521942817,-28.992028798199,8.29270998379775e-185,2.36670363350544e-184,"Signifikan","Turun"
"Rv3839",1195.33163356011,-1.90061577499426,0.0656177461364479,-28.9649658347309,1.81841896311771e-184,5.18595832256502e-184,"Signifikan","Turun"
"Rv2516c",1625.10106301766,-1.60878718978043,0.0555775529858336,-28.9467078586655,3.08722135504993e-184,8.79813729560565e-184,"Signifikan","Turun"
"Rv2352c",8315.05608219479,0.71853356199944,0.0248251597906271,28.9437638290943,3.36217655253807e-184,9.57484162521073e-184,"Tidak Signifikan","Tidak Signifikan"
"Rv1147",1156.09296213944,-2.06959167684629,0.071602256033841,-28.9040009558937,1.06340029324817e-183,3.02619007411441e-183,"Signifikan","Turun"
"Rv2023A",524.089808970139,-3.4629661695926,0.119813547266673,-28.9029600457864,1.09591918604792e-183,3.11649563516281e-183,"Signifikan","Turun"
"Rv0173",4154.2582342125,1.32056873456053,0.0456968679938004,28.8984517437757,1.24862404676306e-183,3.54820314721279e-183,"Signifikan","Naik"
"Rv0656c",784.541783191262,-2.52160109610724,0.0872828844627143,-28.8899835475124,1.59522767059473e-183,4.52989847476684e-183,"Signifikan","Turun"
"Rv1419",2884.69355294594,1.22066815665963,0.0422931429786037,28.8620819047941,3.5739419231442e-183,1.0141507588779e-182,"Signifikan","Naik"
"Rv1610",3029.23098556747,1.18414354286518,0.0410387285132118,28.8542941208318,4.47577589147091e-183,1.26914960410759e-182,"Signifikan","Naik"
"Rv1179c",8530.40293300958,0.706468774531162,0.0244934075763635,28.8432212761166,6.16261032336392e-183,1.74621965377033e-182,"Tidak Signifikan","Tidak Signifikan"
"Rv0608",1116.48688853637,2.13345384168864,0.0740104731646387,28.8263775444686,1.00218610725126e-182,2.83773896321609e-182,"Signifikan","Naik"
"Rv0347",1880.30057790873,-1.48849706486807,0.0516397110696911,-28.8246590469735,1.05314379024425e-182,2.97990115256701e-182,"Signifikan","Turun"
"Rv2729c",3915.21152418364,1.03620114104561,0.0359569338470545,28.8178392922257,1.28219016709865e-182,3.62540869057757e-182,"Signifikan","Naik"
"Rv0696",4765.03326275046,0.956549950166162,0.0332074358217738,28.8052939498255,1.84126905296953e-182,5.20250308627501e-182,"Tidak Signifikan","Tidak Signifikan"
"Rv3887c",5392.43009255566,1.07024194217123,0.0371951227843905,28.7737171449901,4.57510578268855e-182,1.29177541921178e-181,"Signifikan","Naik"
"Rv3180c",632.128553493799,-2.92355654147781,0.101687158770362,-28.7504988518759,8.92844446245379e-182,2.51914218937085e-181,"Signifikan","Turun"
"Rv2560",1744.26770185987,-1.5238183045773,0.0530709314982498,-28.7128614772393,2.636227481779e-181,7.43277499660078e-181,"Signifikan","Turun"
"Rv3512",1046.38076150549,-2.08112678585388,0.072481046985038,-28.7127031468444,2.64825390263716e-181,7.46138013619434e-181,"Signifikan","Turun"
"Rv3164c",1254.23188374932,-1.88843036304313,0.0657990766875351,-28.6999523110463,3.82046942007831e-181,1.07564245489359e-180,"Signifikan","Turun"
"Rv1975",1086.95386271451,-1.98711400455867,0.0693191998591872,-28.6661416836206,1.00879438653812e-180,2.8382179655296e-180,"Signifikan","Turun"
"Rv1068c",1197.46152009456,-2.10341047313129,0.073466987202406,-28.6306891466267,2.78890614301229e-180,7.84095724261499e-180,"Signifikan","Turun"
"Rv0598c",636.300096840131,-2.92207641755664,0.102072675124115,-28.627410950125,3.06367548928535e-180,8.60736591076131e-180,"Signifikan","Turun"
"Rv2670c",1576.74489437321,-1.61894899830992,0.0565561788931221,-28.6255017576303,3.23599120904999e-180,9.08505104479923e-180,"Signifikan","Turun"
"Rv0640",2345.64891953207,1.5637415216461,0.05466106514322,28.6079592036647,5.34925527724832e-180,1.50074226908374e-179,"Signifikan","Naik"
"Rv3367",5537.47862173384,0.910787716205499,0.0318412642244253,28.604006103088,5.99051588573864e-180,1.67946123807245e-179,"Tidak Signifikan","Tidak Signifikan"
"Rv3877",5907.10437291622,0.912866071047461,0.0319531177866082,28.5689201643431,1.63525656227568e-179,4.58125902722289e-179,"Tidak Signifikan","Tidak Signifikan"
"Rv2686c",1001.6750206216,-2.07597592713884,0.0726993760387016,-28.5556223485837,2.39188072335865e-179,6.6962532318728e-179,"Signifikan","Turun"
"Rv3220c",6288.47257275785,0.858625253473916,0.0300759326392283,28.5485828078363,2.92507350141691e-179,8.18319222857607e-179,"Tidak Signifikan","Tidak Signifikan"
"Rvnt11",990.653742143951,2.28078068165856,0.079936166383356,28.5325251991751,4.62822723191859e-179,1.29388142558288e-178,"Signifikan","Naik"
"Rv1804c",651.174953741635,-2.8199590262361,0.0989406462032669,-28.5015222201267,1.12163340498071e-178,3.1334645898299e-178,"Signifikan","Turun"
"Rv1845c",5295.99613804826,0.99083049972405,0.03478696273405,28.4828114284956,1.91276934017793e-178,5.3398704943602e-178,"Tidak Signifikan","Tidak Signifikan"
"Rv1520",1887.32035103182,-1.45433636589742,0.051069612155959,-28.477529092175,2.22371443296426e-178,6.20356902641999e-178,"Signifikan","Turun"
"Rv3513c",509.972390627841,-3.47972263255922,0.122203526746071,-28.474813495275,2.40272593305683e-178,6.69825282954073e-178,"Signifikan","Turun"
"Rv1921c",2310.9550269783,-1.31140652839968,0.0460631521708243,-28.4697522118407,2.77565711591519e-178,7.73246613682273e-178,"Signifikan","Turun"
"Rv3562",1640.61745998942,-1.55715735845508,0.0547395753010424,-28.4466466882769,5.36147451795102e-178,1.4925592570324e-177,"Signifikan","Turun"
"Rv1537",2023.87616421147,-1.5166501070327,0.0533314462587029,-28.4381957255697,6.82028506945995e-178,1.89734017325019e-177,"Signifikan","Turun"
"Rv2697c",2070.22946154782,1.43623853845546,0.0505106707718977,28.4343588494677,7.60755886116302e-178,2.11486937647048e-177,"Signifikan","Naik"
"Rv2514c",695.438158369201,-2.65547291623007,0.0934153251168856,-28.4265233023321,9.50849231823527e-178,2.64146981977866e-177,"Signifikan","Turun"
"Rv2285",2119.60156948859,-1.36843376325062,0.0482020679545981,-28.3895239627386,2.72366272900832e-177,7.5610707109699e-177,"Signifikan","Turun"
"Rv2415c",1302.12071365105,-2.3760851274298,0.0837162278866957,-28.3826109633806,3.31498588710898e-177,9.19618812179115e-177,"Signifikan","Turun"
"Rv2177c",736.086546169816,-3.11820844082263,0.109865062240803,-28.3821660610188,3.35716341149432e-177,9.30668571166875e-177,"Signifikan","Turun"
"Rv1762c",1183.23194383926,-1.93997842929712,0.0683547624470634,-28.3810280344331,3.46750531160289e-177,9.60586143235241e-177,"Signifikan","Turun"
"Rv0090",1514.21933288484,-1.69187758206869,0.0596131831365139,-28.3809300737104,3.47717112942424e-177,9.62591616917372e-177,"Signifikan","Turun"
"Rv0841",471.876545255826,-3.85777011914825,0.136083887007597,-28.3484709613922,8.74125341883666e-177,2.41816961733089e-176,"Signifikan","Turun"
"Rv3830c",1075.61825079251,-2.03132257459578,0.0717024022739982,-28.3299096009843,1.48013866074012e-176,4.09178401892408e-176,"Signifikan","Turun"
"Rv2275",883.426357195253,-2.22693919338015,0.0786870064211578,-28.3012316094587,3.33735893304567e-176,9.21957025584414e-176,"Signifikan","Turun"
"Rv0699",492.797710614961,-5.42250447136395,0.191657702367233,-28.2926509312626,4.25582735775655e-176,1.17486897204038e-175,"Signifikan","Turun"
"Rv3391",3443.77905511955,-1.07627029492007,0.0380614739900238,-28.2771575058329,6.59997356205316e-176,1.82072984149269e-175,"Signifikan","Turun"
"Rv0460",1932.68930493991,2.69474326565349,0.0953010419962646,28.2761154464514,6.79759136423463e-176,1.87394335941062e-175,"Signifikan","Naik"
"Rv2227",1346.50968375787,-1.72491986713299,0.0610238603033802,-28.2663184295053,8.97001730031064e-176,2.47111518266196e-175,"Signifikan","Turun"
"Rv3463",1390.58247843986,-1.73589726936033,0.061430010623043,-28.2581307044276,1.13087856447025e-175,3.1132513985104e-175,"Signifikan","Turun"
"Rv0978c",870.983571699114,-2.25481339599666,0.0798845411935096,-28.2259040649013,2.81307553183549e-175,7.73888393536158e-175,"Signifikan","Turun"
"Rv0770",1098.13339642496,-1.93529349626104,0.0685994195504741,-28.2115141635724,4.22429122350584e-175,1.16131415687094e-174,"Signifikan","Turun"
"Rv0161",2390.97803369881,-1.26335117844341,0.0447932441338318,-28.2040562784158,5.2147212856561e-175,1.43260383242367e-174,"Signifikan","Turun"
"Rv1120c",510.841556658497,-3.53931738238572,0.125521580863918,-28.1968834205714,6.38542034422364e-175,1.75300778585019e-174,"Signifikan","Turun"
"Rv0708",1399.09977656958,1.81763493982836,0.0644692516075134,28.1938272045418,6.96081482864157e-175,1.90965092843853e-174,"Signifikan","Naik"
"Rv2389c",2273.00194081752,1.34568769537416,0.0477549319531895,28.1790307374585,1.05685197323749e-174,2.89739583817077e-174,"Signifikan","Naik"
"Rv3110",502.873753237542,-3.881674132559,0.137770316315709,-28.1749671218284,1.18523255294878e-174,3.24711155907998e-174,"Signifikan","Turun"
"Rv1698",3691.76052557241,1.09087351726762,0.0387423803558547,28.1571113402888,1.96108522234527e-174,5.36896140582724e-174,"Signifikan","Naik"
"Rv1394c",2605.5082533264,-1.2025263209455,0.0427807829528192,-28.1090302220906,7.59790290427908e-174,2.07868143595001e-173,"Signifikan","Turun"
"Rv0234c",2479.13932572115,-1.27743803537399,0.0454831078949956,-28.0859882821364,1.45284878710987e-173,3.9720545406374e-173,"Signifikan","Turun"
"Rv0826",1725.34878923446,-1.51328879049863,0.0538809548633792,-28.0857827099712,1.46127199664992e-173,3.99233196329905e-173,"Signifikan","Turun"
"Rv3563",1148.50905318543,-1.93511329125041,0.0689474750561541,-28.0664852436491,2.51378888349715e-173,6.86317997304418e-173,"Signifikan","Turun"
"Rv1981c",2341.23472785147,-1.34276637270315,0.0478441546993809,-28.0654215993604,2.59006021319874e-173,7.06655355279189e-173,"Signifikan","Turun"
"Rv2427c",4639.07817369841,0.924895831601326,0.032955271966924,28.0651858230638,2.60727766548157e-173,7.10863951818928e-173,"Tidak Signifikan","Tidak Signifikan"
"Rv3192",703.601325883524,-2.57332130090503,0.0917691804163197,-28.0412366028651,5.1090359177289e-173,1.39200175038671e-172,"Signifikan","Turun"
"Rv2783c",7611.92142735031,0.818948607290616,0.0292194946433238,28.0274733457012,7.51833315612952e-173,2.04703003640122e-172,"Tidak Signifikan","Tidak Signifikan"
"Rv0069c",2031.54321089992,-1.38104353028354,0.0492787971942347,-28.0251063117489,8.03468570064827e-173,2.18611784461397e-172,"Signifikan","Turun"
"Rv1345",4906.66209137512,0.917983786376213,0.0327935300157057,27.9928323037064,1.98634018989165e-172,5.40083038608649e-172,"Tidak Signifikan","Tidak Signifikan"
"Rv3780",2058.07859674849,1.41290304165586,0.0504839285735669,27.9871848641281,2.32696997575176e-172,6.32266431082686e-172,"Signifikan","Naik"
"Rv3191c",2140.10144020004,-1.4329032514208,0.0512676320083821,-27.9494721189098,6.69040500825658e-172,1.81662126404886e-171,"Signifikan","Turun"
"Rv1946c",842.529910570064,-2.27202007558376,0.0813745695242655,-27.9205172926445,1.50377122795526e-171,4.08034231278969e-171,"Signifikan","Turun"
"Rv3000",1059.55920144229,-1.97838952380806,0.0708877494738159,-27.9087647512188,2.0885374227169e-171,5.66317700336155e-171,"Signifikan","Turun"
"Rv0906",3711.23792499308,1.02295719525537,0.0367346191887564,27.8472247118999,1.16380365732082e-170,3.15355813428394e-170,"Signifikan","Naik"
"Rv2249c",2550.77254148833,-1.202725437263,0.0432023959223656,-27.8393226020217,1.45062912682289e-170,3.92808583351972e-170,"Signifikan","Turun"
"Rv0888",5941.91685732724,0.842773513961562,0.0302780077746144,27.8345101248095,1.65886611599651e-170,4.48889623612425e-170,"Tidak Signifikan","Tidak Signifikan"
"Rv0392c",2854.82271306743,-1.14991970081486,0.0413357296402983,-27.8190251102717,2.55381228992777e-170,6.90591230684626e-170,"Signifikan","Turun"
"Rv3033",1052.0988014914,-1.96775648409344,0.0708764799631951,-27.7631801849536,1.20803914185309e-169,3.26450359382234e-169,"Signifikan","Turun"
"Rv1193",4675.9556646934,0.913062922688288,0.0328940413538028,27.7576997264501,1.40682494201537e-169,3.79909771611638e-169,"Tidak Signifikan","Tidak Signifikan"
"Rv2183c",1980.76580823639,1.53199936102066,0.0552437022418747,27.7316562585375,2.90037268953913e-169,7.82706017646376e-169,"Signifikan","Naik"
"Rv0461",2477.21741257046,1.43070824034924,0.0516234857639115,27.7142897109324,4.69696419701927e-169,1.26667960364211e-168,"Signifikan","Naik"
"Rv1188",1408.76400485353,-1.68178766141239,0.0607701732770276,-27.6745576114416,1.41357199643959e-168,3.80953811812218e-168,"Signifikan","Turun"
"Rv0890c",4447.7069144184,-0.982135072836506,0.0355822940487482,-27.6017918207007,1.05894627085167e-167,2.85189399624479e-167,"Tidak Signifikan","Tidak Signifikan"
"Rv2678c",4987.64786488969,0.885513467893234,0.0320861282901925,27.598015562504,1.17543131480744e-167,3.16345727669003e-167,"Tidak Signifikan","Tidak Signifikan"
"Rv1903",798.417476519953,-2.3351107413411,0.0846432249169829,-27.5876863580204,1.56364670252778e-167,4.20541455520521e-167,"Signifikan","Turun"
"Rv2891",479.272468260252,-3.47104553750988,0.125832344459849,-27.5846846246866,1.69882294239696e-167,4.5658743987051e-167,"Signifikan","Turun"
"Rv2998",1010.11574696935,-2.32808262726121,0.0844059270788496,-27.581980411001,1.83056494375405e-167,4.91662229646062e-167,"Signifikan","Turun"
"Rv3253c",2658.98846856402,-1.21696442885952,0.0441478557191349,-27.5656520353276,2.87327037281085e-167,7.71195099387052e-167,"Signifikan","Turun"
"Rv3333c",1325.63049054872,-1.78711575413598,0.0648941447818786,-27.5389368354081,6.00434286354297e-167,1.61049547935598e-166,"Signifikan","Turun"
"Rv2091c",3454.73513655124,1.11788506101011,0.0406134619791043,27.524988182127,8.82000224078018e-167,2.3641181681875e-166,"Signifikan","Naik"
"Rv0946c",2861.81531724733,-1.14275788320144,0.0415202456693078,-27.5229075546193,9.34054500470207e-167,2.50195422239386e-166,"Signifikan","Turun"
"Rv3053c",2302.68199132284,1.40043832877133,0.0508849636004712,27.5216533466945,9.66903697503263e-167,2.58819633467979e-166,"Signifikan","Naik"
"Rv3600c",2960.06608113069,1.23793314528626,0.0450315449749491,27.4903547274454,2.28960305707592e-166,6.12464958018892e-166,"Signifikan","Naik"
"Rv0047c",5264.05171783523,0.863365188369661,0.0314381645563896,27.4623280510245,4.95038989104257e-166,1.32332861844784e-165,"Tidak Signifikan","Tidak Signifikan"
"Rv3591c",1194.82672753708,-1.81199660749588,0.0659998044460484,-27.4545753991908,6.12650078550259e-166,1.63662145562887e-165,"Signifikan","Turun"
"Rv1835c",3625.14054177648,-0.999511431853888,0.036406996125075,-27.4538286108555,6.253575373655e-166,1.66944370843132e-165,"Tidak Signifikan","Tidak Signifikan"
"Rv2313c",4085.81871854633,1.18884169134634,0.0433120872042344,27.4482660173004,7.28672705388431e-166,1.94394392890108e-165,"Signifikan","Naik"
"Rv2051c",11520.3313566673,0.643297605838582,0.0234510436224513,27.4315129081381,1.15463211656695e-165,3.07824301506795e-165,"Tidak Signifikan","Tidak Signifikan"
"Rv3183",521.513129088743,-3.13455427570334,0.114283971510646,-27.4277681661714,1.27971176209088e-165,3.40941340511384e-165,"Signifikan","Turun"
"Rv1515c",1191.72012033996,-1.81565797974989,0.0662611983519382,-27.4015264575543,2.63003390511591e-165,7.00224463194282e-165,"Signifikan","Turun"
"Rv0035",2752.93278603527,-1.69471174477063,0.0618527912493405,-27.3991150688563,2.80992371294556e-165,7.47616859104966e-165,"Signifikan","Turun"
"Rv2330c",879.628863787951,-2.1549825495007,0.0786799712386692,-27.389213742386,3.68679081592166e-165,9.80261338254774e-165,"Signifikan","Turun"
"Rv0252",4436.78060923835,-1.03608182549423,0.0378285976985927,-27.3888509891227,3.72365254061543e-165,9.8873692293316e-165,"Signifikan","Turun"
"Rv0755c",6537.94298226615,-0.746641408542073,0.0272607657121025,-27.3888641437023,3.72230940851213e-165,9.8873692293316e-165,"Tidak Signifikan","Tidak Signifikan"
"Rv3651",1980.15649906349,-1.38491723962104,0.0505685343550072,-27.3869365067707,3.92438012536418e-165,1.04133886002138e-164,"Signifikan","Turun"
"Rv1720c",539.855794327181,-3.10641564149778,0.113664432709142,-27.329706993276,1.88214683364382e-164,4.99096021996326e-164,"Signifikan","Turun"
"Rv1676",2564.21835425806,1.21824570407278,0.0446188788956198,27.3033687583838,3.86841192875338e-164,1.02511624057212e-163,"Signifikan","Naik"
"Rv1769",4657.34928410198,0.944733930315579,0.0346058379004173,27.2998426749317,4.25987840888527e-164,1.1280999765052e-163,"Tidak Signifikan","Tidak Signifikan"
"Rv0535",1131.63833561154,-1.82868522163231,0.0670586722742938,-27.2699288490582,9.64586537406878e-164,2.55271167037564e-163,"Signifikan","Turun"
"Rv2572c",6494.49957947458,0.837086238107677,0.030717708041504,27.2509341184132,1.62002851354922e-163,4.28443540883318e-163,"Tidak Signifikan","Tidak Signifikan"
"Rv2505c",3097.75821375916,-1.07948220142268,0.0396180749509224,-27.2472148825985,1.79306349910867e-163,4.7388960033072e-163,"Signifikan","Turun"
"Rv3762c",3651.28149630326,-0.996996728519766,0.0366051978939457,-27.236479677239,2.40311412751217e-163,6.34697319829612e-163,"Tidak Signifikan","Tidak Signifikan"
"Rv0106",2297.43870408358,-1.25630637246735,0.046145279781397,-27.2250244969544,3.28418383007924e-163,8.66823503255112e-163,"Signifikan","Turun"
"Rv0733",2140.94117631003,1.43918040903912,0.0529430398886343,27.1835620332047,1.01613897030811e-162,2.6802016590507e-162,"Signifikan","Naik"
"Rv3323c",849.179751561812,-2.18356156911869,0.0804304176725068,-27.1484549291989,2.64063348691358e-162,6.96039404823002e-162,"Signifikan","Turun"
"Rv2217",3898.63858877119,1.02733807178098,0.0378575669867776,27.1369280582609,3.61218437347525e-162,9.5149637513787e-162,"Signifikan","Naik"
"Rv2224d",420.04203510726,-4.82217295149373,0.17776057673893,-27.1273475815499,4.68611389407928e-162,1.23356428784423e-161,"Signifikan","Turun"
"Rv3601c",1444.17575255553,1.69598040951491,0.0625793560084918,27.1012761666128,9.51120958696619e-162,2.50205360951558e-161,"Signifikan","Naik"
"Rv1910c",908.27085282629,-2.07836729455636,0.0767668861008148,-27.0737475508245,2.00687985723476e-161,5.2758730242878e-161,"Signifikan","Turun"
"Rv2775",1037.50821956879,-1.90807679798427,0.0704772007532645,-27.0736745726367,2.01085435652197e-161,5.2828206836574e-161,"Signifikan","Turun"
"Rv1263",1963.33056115407,-1.34021037553439,0.0495505313548729,-27.0473461916285,4.10411208153302e-161,1.07749918116754e-160,"Signifikan","Turun"
"Rv2788",3502.05964896068,1.16782745444317,0.0431844601378905,27.0427707261878,4.64551328112014e-161,1.21883275041029e-160,"Signifikan","Naik"
"Rv1874",1007.90519701685,-1.93502228674882,0.0715679270877288,-27.0375622920704,5.3491137282499e-161,1.40250721480287e-160,"Signifikan","Turun"
"Rv2716",1112.67913588975,-1.83111137798869,0.0677900907100903,-27.0114903049707,1.08316902369774e-160,2.83813178137975e-160,"Signifikan","Turun"
"Rv2684",2368.80382421894,-1.22859993158109,0.0454869814720383,-27.0099244184039,1.130030410738e-160,2.95896411841429e-160,"Signifikan","Turun"
"Rv1218c",1232.74689305174,-1.72109619057787,0.0637284719698704,-27.0067073221459,1.23275522806991e-160,3.22581793519348e-160,"Signifikan","Turun"
"Rv1117",1712.33855781348,1.51431365638183,0.0561018585352417,26.9922190800609,1.82387178543619e-160,4.76947882190202e-160,"Signifikan","Naik"
"Rv1940",1464.07246393942,-1.59999575018084,0.0592800968339356,-26.9904375268311,1.91384423712603e-160,5.00146250901116e-160,"Signifikan","Turun"
"Rv1857",2975.00123595931,1.12890023526072,0.0418999379260873,26.942766293643,6.9338002284399e-160,1.81082195564326e-159,"Signifikan","Naik"
"Rv0316",2080.22856033649,1.35417831086784,0.0502757549990988,26.9350169061034,8.54592725781169e-160,2.23037456787756e-159,"Signifikan","Naik"
"Rv3760",520.244687164514,-3.02733247480763,0.112488231814238,-26.9124372032707,1.57087980032581e-159,4.09709412747699e-159,"Signifikan","Turun"
"Rv0883c",3280.57389165072,1.12670068038873,0.0418700166178589,26.9094872990368,1.7008530559135e-159,4.43316956163526e-159,"Signifikan","Naik"
"Rv2761c",1709.34921146293,-1.43649533292832,0.0534498419626412,-26.8755768058652,4.23899599435668e-159,1.10414294875988e-158,"Signifikan","Turun"
"Rv1267c",2250.01301967584,-1.26537494616715,0.0470980108034516,-26.8668447898529,5.3617496792197e-159,1.39567329248455e-158,"Signifikan","Turun"
"Rv3787c",1461.65077886693,-1.58610744248857,0.0590798667795545,-26.8468351224764,9.18369644418862e-159,2.38896549469484e-158,"Signifikan","Turun"
"Rv2127",5929.28151178167,0.82968410765152,0.0309245961764969,26.8292624717309,1.47272335952037e-158,3.82850168231803e-158,"Tidak Signifikan","Tidak Signifikan"
"Rv1397c",3599.0825165557,1.04961157813657,0.0391746127488668,26.7931577234783,3.88245704173911e-158,1.00862521837453e-157,"Signifikan","Naik"
"Rv2767c",443.238408741447,-3.51771054718665,0.13129424156204,-26.7925729669145,3.94384951254564e-158,1.02390386232124e-157,"Signifikan","Turun"
"Rv0574c",4313.2147187646,0.949430513003555,0.0354462068355833,26.7851089795722,4.8181339305882e-158,1.2500678418995e-157,"Tidak Signifikan","Tidak Signifikan"
"Rv0830",1358.67451205898,-1.6906351536379,0.0631375205378039,-26.7770279738119,5.98409776339103e-158,1.55156312597204e-157,"Signifikan","Turun"
"Rv3356c",4053.18379106558,0.959700667731178,0.0358410938933511,26.7765451184852,6.0620793887166e-158,1.57075564565897e-157,"Tidak Signifikan","Tidak Signifikan"
"Rv2731",4739.64748644144,0.884156090065422,0.0330557838222954,26.7473944898284,1.32403283977009e-157,3.42848451394775e-157,"Tidak Signifikan","Tidak Signifikan"
"Rv3402c",2047.32920885527,-1.37579798545508,0.0514472489049018,-26.7419155492295,1.53329486909295e-157,3.96776304350405e-157,"Signifikan","Turun"
"Rv1699",7286.03853021048,0.724976926711183,0.0271321792755573,26.720187838516,2.74295019528895e-157,7.09340510085481e-157,"Tidak Signifikan","Tidak Signifikan"
"Rv0053",1935.17706843594,1.40526681321846,0.0526177796757595,26.7070716757335,3.89581926990261e-157,1.00682182695138e-156,"Signifikan","Naik"
"Rv3577",1353.305260444,-1.69605807046834,0.0635086576097093,-26.7059348174452,4.01608663934101e-157,1.03722758452251e-156,"Signifikan","Turun"
"Rv2310",456.538579711162,-5.99728480463772,0.224677555020567,-26.6928523594122,5.69785778772797e-157,1.47061820715139e-156,"Signifikan","Turun"
"Rv0581",1492.90194119057,2.28965129131207,0.0857804390384468,26.691997814162,5.82950498102154e-157,1.503618092309e-156,"Signifikan","Naik"
"Rv1256c",1922.21920671952,-1.34827256422163,0.0505630697063191,-26.6651643591396,1.19390386793035e-156,3.07746370635458e-156,"Signifikan","Turun"
"Rv3537",3389.4227415523,-1.0000721791339,0.0375052243041334,-26.6648766322318,1.20311196396085e-156,3.09918516950174e-156,"Signifikan","Turun"
"Rv3098c",558.910641379653,-2.85668304294269,0.107278324921294,-26.6287066379768,3.15844365998424e-156,8.13078909744158e-156,"Signifikan","Turun"
"Rv0107c",14760.8964842163,0.565682139107883,0.021243676589796,26.6282597890611,3.19630366133212e-156,8.22291609890048e-156,"Tidak Signifikan","Tidak Signifikan"
"Rv3647c",3000.17646393052,1.53263676991352,0.0575707585309202,26.6217921914364,3.79785800478883e-156,9.76416247893537e-156,"Signifikan","Naik"
"Rv1814",2172.59098898155,-1.24795810280686,0.0468870791738624,-26.6162474778881,4.40279593934357e-156,1.13121058881968e-155,"Signifikan","Turun"
"Rv3883c",4440.28569293145,0.900275850044664,0.0338302474640746,26.6115656115343,4.98791485773533e-156,1.28071574373049e-155,"Tidak Signifikan","Tidak Signifikan"
"Rv3199c",3780.21321354545,0.983517164087255,0.036970521928996,26.6027395008422,6.31032020434956e-156,1.61921347028814e-155,"Tidak Signifikan","Tidak Signifikan"
"Rv3149",2451.3949051848,1.24060232219007,0.0466467219207039,26.5957021438506,7.61133406582977e-156,1.95178812147038e-155,"Signifikan","Naik"
"Rv0634A",1566.2093298449,1.55172579501889,0.0583810872161816,26.5792548410917,1.17934895019662e-155,3.0222721482106e-155,"Signifikan","Naik"
"Rv0016c",5468.04097728904,0.816792158417976,0.0307340736426931,26.5761111889625,1.28226941430855e-155,3.28390107589543e-155,"Tidak Signifikan","Tidak Signifikan"
"Rv2400c",1703.28748255366,-1.42300186289675,0.0535479488893022,-26.5743486429045,1.34384873997169e-155,3.43938577514046e-155,"Signifikan","Turun"
"Rv1912c",2024.20435671808,-1.29125132808275,0.0485929206857892,-26.5728280963438,1.39934060438151e-155,3.57910005002027e-155,"Signifikan","Turun"
"Rv1873",497.140049138715,-3.22891500740831,0.121559079147896,-26.5625161858935,1.84107866390814e-155,4.70590145600747e-155,"Signifikan","Turun"
"Rv2307A",526.494145895368,-2.96394702161814,0.111600930601439,-26.5584436047698,2.05171132996867e-155,5.24091361621747e-155,"Signifikan","Turun"
"Rv0423c",5716.96722500944,0.851961679958852,0.0320858537948017,26.5525637998413,2.39896216766082e-155,6.12399158243917e-155,"Tidak Signifikan","Tidak Signifikan"
"Rv1248c",12387.1572499913,0.596884926850951,0.022482455322991,26.5489208485411,2.64295099905471e-155,6.74249942974278e-155,"Tidak Signifikan","Tidak Signifikan"
"Rv3410c",4304.94977248881,0.918877194519421,0.0346189719954777,26.5425904223688,3.12733073994276e-155,7.97308550472553e-155,"Tidak Signifikan","Tidak Signifikan"
"Rv0513",2074.85269257308,1.32877294887259,0.0500912033443413,26.5270718241329,4.72348282742712e-155,1.20347182892764e-154,"Signifikan","Naik"
"Rv1972",744.172884243089,-2.28721951544682,0.0862280029830053,-26.5252520796244,4.95742107250311e-155,1.26226504458407e-154,"Signifikan","Turun"
"Rv3234c",2830.92688853988,1.13619721970477,0.042835870422181,26.5244340434,5.06631990103126e-155,1.28916555788268e-154,"Signifikan","Naik"
"Rv1379",2036.71376913938,1.47840577912644,0.0557527368963201,26.517187521677,6.14151095204789e-155,1.56175474017782e-154,"Signifikan","Naik"
"Rv2557",5776.10188446298,0.843215139904458,0.0318029344659209,26.5137527107136,6.72798435100749e-155,1.70979589496776e-154,"Tidak Signifikan","Tidak Signifikan"
"Rv1439c",897.963040708637,-2.10896346687498,0.0795711508233594,-26.5041217206559,8.68802109994599e-155,2.20649037794403e-154,"Signifikan","Turun"
"Rv3009c",6120.06392815607,0.756594822988162,0.028570804242132,26.4813974635145,1.58763217276213e-154,4.02951812498233e-154,"Tidak Signifikan","Tidak Signifikan"
"Rv0607",633.997813898482,-2.5683910947953,0.097082521329817,-26.4557518656704,3.13306666201884e-154,7.94685130960918e-154,"Signifikan","Turun"
"Rv2886c",1565.52557522749,-1.50915055503549,0.0570769715966498,-26.440620670983,4.67755448586642e-154,1.18567786871771e-153,"Signifikan","Turun"
"Rv0725c",1358.51075939199,-1.73302657098267,0.0656101288402389,-26.4140095685926,9.45968900244626e-154,2.39633373388916e-153,"Signifikan","Turun"
"Rv3189",1138.05764248358,-1.77944582588883,0.067438370983379,-26.3862516241295,1.97055693294509e-153,4.9886403018463e-153,"Signifikan","Turun"
"Rv1687c",1080.66074267721,-1.82812137861845,0.0693666541976934,-26.3544695900763,4.56136392535197e-153,1.15401343698159e-152,"Signifikan","Turun"
"Rv0308",3314.90471814332,1.08135715365112,0.0410436240702078,26.3465319680687,5.62422055761263e-153,1.42200656163476e-152,"Signifikan","Naik"
"Rv1115",1209.26887655041,-1.7437095773042,0.0661882874139566,-26.3446849198354,5.90508526085526e-153,1.4920683585868e-152,"Signifikan","Turun"
"Rv2194",4459.35111596527,0.938398462348866,0.035625559785783,26.340595572153,6.57775101408268e-153,1.6609763381837e-152,"Tidak Signifikan","Tidak Signifikan"
"Rv0951",4642.68162008877,0.917713899477429,0.0348612710928195,26.3247400541989,9.99226588473662e-153,2.52158516315205e-152,"Tidak Signifikan","Tidak Signifikan"
"Rv0927c",1492.34199311113,-1.53884178863986,0.0584931978533394,-26.3080468347485,1.55140989812644e-152,3.91255121797049e-152,"Signifikan","Turun"
"Rv2156c",4082.08497941041,0.917917441381472,0.0348917554123548,26.3075741112311,1.57085234550167e-152,3.95906687077835e-152,"Tidak Signifikan","Tidak Signifikan"
"Rv2176",2268.82152515296,-1.26541645277905,0.0481328197949169,-26.2900959921049,2.48913491851351e-152,6.26945918840831e-152,"Signifikan","Turun"
"Rv1445c",2608.61226333478,1.18969521472739,0.0453138306328478,26.2545716862211,6.33816895386389e-152,1.59540077664835e-151,"Signifikan","Naik"
"Rv2660c",1005.1364067939,-2.05194037401272,0.0782915761011363,-26.2089547330359,2.10087078573582e-151,5.28481573050982e-151,"Signifikan","Turun"
"Rv2092c",8956.27951206027,0.63087919066912,0.0240717682991882,26.2082611808122,2.13946402755674e-151,5.37848783099973e-151,"Tidak Signifikan","Tidak Signifikan"
"Rv3107c",3249.86595324244,-1.02050243675777,0.0390040265578295,-26.1640278406826,6.82464467840498e-151,1.71458932484057e-150,"Signifikan","Turun"
"Rv3515c",2333.239785543,-1.25008202263406,0.0478075731702874,-26.1482007919823,1.0330675946784e-150,2.59378427094254e-150,"Signifikan","Turun"
"Rv0164",1950.48675538253,1.34866468316467,0.0515913543620395,26.1412924673482,1.23789516127876e-150,3.10609114787655e-150,"Signifikan","Naik"
"Rv3084",1289.35426807454,-1.6255112556446,0.0622353140169417,-26.1187925428014,2.23043145088788e-150,5.5929971970115e-150,"Signifikan","Turun"
"Rv1772",2392.27719284249,1.20952029268173,0.0463448222315945,26.0982831401858,3.81312404564095e-150,9.5556936759682e-150,"Signifikan","Naik"
"Rv0799c",1770.67728527832,-1.36560444552016,0.0524496858463756,-26.0364656810337,1.91486494217791e-149,4.7956245111236e-149,"Signifikan","Turun"
"Rv2257c",3130.44812973342,1.04382870465065,0.0401085241271008,26.0251088108563,2.57464168503151e-149,6.44391392083281e-149,"Signifikan","Naik"
"Rv0104",3614.79054974286,-0.964286202201771,0.0370645815063679,-26.016379060859,3.232317817614e-149,8.08487060685671e-149,"Tidak Signifikan","Tidak Signifikan"
"Rv2691",2725.34143088035,1.24900821035279,0.0480375951281046,26.0006398534729,4.87030310594683e-149,1.21742233278457e-148,"Signifikan","Naik"
"Rv0120c",4117.13724833084,-0.880267316869373,0.0338756885923308,-25.9852228382055,7.2752703542711e-149,1.81744316721621e-148,"Tidak Signifikan","Tidak Signifikan"
"Rv2573",1230.67584327074,-1.65127941867491,0.0636094313031409,-25.9596632896382,1.41442205747436e-148,3.53115940969212e-148,"Signifikan","Turun"
"Rv1330c",2322.08594971088,-1.17583379153855,0.0453252969025168,-25.9421089743211,2.2321059126252e-148,5.56903405999004e-148,"Signifikan","Turun"
"Rv3899c",1824.05966018938,-1.3735974983648,0.0529607726236051,-25.9361302775363,2.60714938781433e-148,6.50066726678783e-148,"Signifikan","Turun"
"Rv2885c",2792.06954275434,-1.10330343331413,0.0425440618655065,-25.9331945502049,2.8137198448087e-148,7.01132325650509e-148,"Signifikan","Turun"
"Rv0905",2360.03412922604,1.22876800832104,0.0474290374365043,25.9075046582182,5.48154260259195e-148,1.36505207184446e-147,"Signifikan","Naik"
"Rv0390",1536.94335679139,1.56179381339016,0.0603212985277819,25.8912498820106,8.35617590454257e-148,2.07960789293101e-147,"Signifikan","Naik"
"Rv0444c",3407.83061870245,1.01314007315836,0.0391900131259167,25.8519962701509,2.31054447037093e-147,5.74666452285986e-147,"Signifikan","Naik"
"Rv2307B",651.769652926998,-2.41817159997999,0.0936681838016737,-25.8163604954704,5.8094125729883e-147,1.44398118277222e-146,"Signifikan","Turun"
"Rv1349",2627.96820216778,-1.11745981628529,0.043360457145494,-25.7714030213221,1.85569611525649e-146,4.60960957371477e-146,"Signifikan","Turun"
"Rv0981",4517.19981606411,1.90245124588155,0.0738245370003783,25.7699041969177,1.92888778727413e-146,4.78842168467865e-146,"Signifikan","Naik"
"Rv0618",1639.10762497887,-1.41005086082482,0.0547318344557643,-25.7629015151038,2.31092631089371e-146,5.73323619469378e-146,"Signifikan","Turun"
"Rv2309A",452.804356549838,-3.25144920905411,0.126219525746003,-25.7602711611921,2.47319869799087e-146,6.13198702183112e-146,"Signifikan","Turun"
"Rv2437",596.424124938264,-2.63004487745333,0.102227960024487,-25.7272557999136,5.79346526353738e-146,1.43552009371972e-145,"Signifikan","Turun"
"Rv0661c",379.177706334584,-3.94350118733427,0.153397239974513,-25.7077714565756,9.56944131053778e-146,2.36966127833354e-145,"Signifikan","Turun"
"Rv0126",3855.17096340039,-0.927446943622102,0.0360837195801871,-25.7026424773389,1.09202103029358e-145,2.70246252475024e-145,"Tidak Signifikan","Tidak Signifikan"
"Rv1524",1964.25132554144,-1.28685968489,0.0500810933972644,-25.6955189592625,1.31176604882596e-145,3.24424932399788e-145,"Signifikan","Turun"
"Rv1829",2781.26304880821,1.36799181242613,0.0532427346335351,25.6934926772994,1.38198005778811e-145,3.41577251666381e-145,"Signifikan","Naik"
"Rv3026c",1242.82956914802,-1.76359909174148,0.0687022078890987,-25.6701952663346,2.51618079262311e-145,6.21524857057027e-145,"Signifikan","Turun"
"Rv1965",893.014961021413,-1.96032481069224,0.0763703337147534,-25.6686689102883,2.61687843172816e-145,6.45996063389273e-145,"Signifikan","Turun"
"Rv0396",366.590139352523,-4.12331035486544,0.160832323125796,-25.6373238583414,5.85499342778324e-145,1.44445018209055e-144,"Signifikan","Turun"
"Rv1008",1358.98368904246,-1.59486765541687,0.0622372087514481,-25.6256295456014,7.90497453061436e-145,1.94897662914526e-144,"Signifikan","Turun"
"Rv3112",405.56973243628,-3.80550230197777,0.148601875972981,-25.6087096953587,1.22018723740957e-144,3.00651103776631e-144,"Signifikan","Turun"
"Rv0973c",3821.39388381812,-0.915168398564708,0.0357566448453572,-25.5943588254069,1.76291283116212e-144,4.34107709572943e-144,"Tidak Signifikan","Tidak Signifikan"
"Rv1517",1266.58318020891,-1.65255097291301,0.0645761943372579,-25.5907148117516,1.93550633998201e-144,4.76312261210214e-144,"Signifikan","Turun"
"Rv3539",2402.515543027,-1.15894063047309,0.0453443241656166,-25.5586702812055,4.39798798002247e-144,1.08163783736821e-143,"Signifikan","Turun"
"Rv2916c",5587.87248530612,0.774165805941812,0.0303023281839811,25.5480635428885,5.7695775049796e-144,1.41808636693024e-143,"Tidak Signifikan","Tidak Signifikan"
"Rv0306",1067.39423654511,-1.77460793843538,0.0695568531514866,-25.5130567015517,1.41216646962804e-143,3.46877051703679e-143,"Signifikan","Turun"
"Rv2896c",4092.35845631637,0.894813936437145,0.0350758273929724,25.5108433056215,1.49433242608211e-143,3.66832718704687e-143,"Tidak Signifikan","Tidak Signifikan"
"Rv2202c",4099.5915560215,0.959400435249971,0.0376213450389961,25.5014921517429,1.89753784239468e-143,4.65524590029665e-143,"Tidak Signifikan","Tidak Signifikan"
"Rv1974",403.810715618597,-3.50858294340563,0.137591554778103,-25.4999876196182,1.97187067856977e-143,4.83461741772946e-143,"Signifikan","Turun"
"Rv2329c",5510.51914275387,0.801965015673152,0.0315104994440655,25.4507237213655,6.93045784445751e-143,1.6981548035184e-142,"Tidak Signifikan","Tidak Signifikan"
"Rv0952",3014.55650293784,1.03545134286803,0.0407706764194326,25.3969625673049,2.72444309076959e-142,6.6715220623969e-142,"Signifikan","Naik"
"Rv1997",8584.40652011557,0.71996389825137,0.028357753909334,25.3886080171671,3.36940892156823e-142,8.24580209244983e-142,"Tidak Signifikan","Tidak Signifikan"
"Rv2306A",1039.45126517346,-1.77286582904875,0.069859931234174,-25.3774344996993,4.47628654622904e-142,1.09478598821767e-141,"Signifikan","Turun"
"Rv1525",1250.20482804882,-1.59875466972311,0.0630039361546312,-25.3754728244165,4.70511979261008e-142,1.15004375953692e-141,"Signifikan","Turun"
"Rv2523c",1603.1621712365,1.4617103602885,0.0576062065037474,25.3741818634319,4.86204856411328e-142,1.18766912893087e-141,"Signifikan","Naik"
"Rv3365c",7974.41762933856,0.641149857577458,0.0253612821538359,25.2806563046926,5.21384210901139e-141,1.27281917824297e-140,"Tidak Signifikan","Tidak Signifikan"
"Rv2772c",2029.72411995335,1.28871471383773,0.0509810829050985,25.2782922684613,5.53544439819197e-141,1.35049864253552e-140,"Signifikan","Naik"
"Rv1931c",1198.12740476543,-2.01525327717027,0.0798374591138097,-25.2419515793644,1.38817672902471e-140,3.38469396683529e-140,"Signifikan","Turun"
"Rv0537c",5171.68225634105,0.941116161210226,0.0373629272913192,25.1885017967766,5.35404682997627e-140,1.30463782398746e-139,"Tidak Signifikan","Tidak Signifikan"
"Rv1712",2178.92209048913,1.21811097098944,0.048377067291653,25.1795125083909,6.71668562497011e-140,1.63567169271065e-139,"Signifikan","Naik"
"Rv1088a",409.125222606199,-3.62316310265962,0.143961890080431,-25.1675155184151,9.08910366987223e-140,2.21205363548363e-139,"Signifikan","Turun"
"Rv3917c",4643.91493620723,0.945769686357628,0.0376148864399713,25.1434943946185,1.66480269306597e-139,4.04921660539099e-139,"Tidak Signifikan","Tidak Signifikan"
"Rv0847",13103.5382542705,-0.668532872377424,0.0265990029611254,-25.1337568312049,2.12735986970707e-139,5.17110085975977e-139,"Tidak Signifikan","Tidak Signifikan"
"Rv1685c",687.995843063868,-2.25008225763651,0.0895673231918943,-25.1216869886332,2.88247180271604e-139,7.00230596532426e-139,"Signifikan","Turun"
"Rv2855",2245.90402847867,-1.15547646068636,0.0459973342641847,-25.1205092462513,2.96916600800371e-139,7.20849544293191e-139,"Signifikan","Turun"
"Rv0450c",6570.13201867545,-0.710055242045151,0.028266845496347,-25.1197199254834,3.02872051838728e-139,7.34858366754883e-139,"Tidak Signifikan","Tidak Signifikan"
"Rv2002",1392.16050680562,-1.49127527576251,0.0594427384813033,-25.0875937728133,6.79304899159537e-139,1.64718981354883e-138,"Signifikan","Turun"
"Rv2981c",4244.36362241277,0.89547090765454,0.0356997070619556,25.0834245250383,7.54325104993008e-139,1.82798270709057e-138,"Tidak Signifikan","Tidak Signifikan"
"Rv1533",3341.76388194724,0.968424825321837,0.0386361924506807,25.0652241821716,1.19142853313064e-138,2.88546824843055e-138,"Tidak Signifikan","Tidak Signifikan"
"Rv2539c",2043.49737449931,1.30145567565099,0.0519526940992711,25.0507831829505,1.71187648501835e-138,4.14338866142025e-138,"Signifikan","Naik"
"Rv3168",1973.0574533111,-1.28484735185508,0.0512918834974827,-25.0497206233055,1.75812833696156e-138,4.2527409223942e-138,"Signifikan","Turun"
"Rv2066",4541.70949300427,0.854012558647622,0.0341066177477538,25.0394971721834,2.27208758877483e-138,5.49260905829967e-138,"Tidak Signifikan","Tidak Signifikan"
"Rv0165c",2445.0711297801,1.14692545819919,0.0458237850624594,25.0290423769205,2.95306470369513e-138,7.13447483529755e-138,"Signifikan","Naik"
"Rv1033c",1567.94249670077,-1.39572912701217,0.0557646860538434,-25.0289067469067,2.96312245450514e-138,7.1544167845538e-138,"Signifikan","Turun"
"Rv2184c",4488.3494565608,0.835491155290156,0.0333812456075913,25.0287591155722,2.97410905070181e-138,7.1765757932689e-138,"Tidak Signifikan","Tidak Signifikan"
"Rv2152c",5190.26224503644,0.807392898341095,0.032262112335648,25.026039520945,3.18393297301146e-138,7.67821404494619e-138,"Tidak Signifikan","Tidak Signifikan"
"Rv1654",2527.21990795748,1.12262777212779,0.0449124216067893,24.9959305680834,6.76912476465653e-138,1.63141664285495e-137,"Signifikan","Naik"
"Rv1314c",930.871414639914,-1.8585331786024,0.0744185741633872,-24.9740498188256,1.17040516298318e-137,2.81906331606209e-137,"Signifikan","Turun"
"Rv0715",1112.55260665181,1.85981367136246,0.0745993258905289,24.9307034502114,3.45795206771231e-137,8.32384457076136e-137,"Signifikan","Naik"
"Rv0614",1067.71724054527,-1.73592852303414,0.069654459777402,-24.9220010977291,4.29710885472542e-137,1.03375565959344e-136,"Signifikan","Turun"
"Rv0314c",2862.71758636104,1.04547074641356,0.0419668094939066,24.9118472197741,5.53644197204183e-137,1.33109486685394e-136,"Signifikan","Naik"
"Rv0595c",402.564519286929,-3.35393816479144,0.134653639371407,-24.9078909448595,6.11081808515223e-137,1.46829893057534e-136,"Signifikan","Turun"
"Rv3552",1004.95712262607,-1.78287914679995,0.0716084078647733,-24.8976230579902,7.89453184904102e-137,1.8957389736771e-136,"Signifikan","Turun"
"Rv0926c",1801.80941547563,-1.28360677915404,0.0515596167844976,-24.8955841646204,8.30629367155362e-137,1.99266807865828e-136,"Signifikan","Turun"
"Rv2442c",1579.90100385783,1.51857387544206,0.0609977429820237,24.8955748393771,8.30822536450918e-137,1.99266807865828e-136,"Signifikan","Naik"
"Rv3493c",2093.48457232938,1.22549789480359,0.0492328020866292,24.8918981423649,9.10587656276771e-137,2.18265935495465e-136,"Signifikan","Naik"
"Rv1547",11056.2387093994,0.561199398474642,0.0225505711163098,24.8862609988956,1.04797943835681e-136,2.51046765215064e-136,"Tidak Signifikan","Tidak Signifikan"
"Rv2690c",4141.81720076662,-0.896298925816877,0.0360235022823763,-24.8809490757197,1.19632762374255e-136,2.86411085297929e-136,"Tidak Signifikan","Tidak Signifikan"
"Rv1215c",5295.34511049031,0.780726971932043,0.0313883958643243,24.8731083712184,1.45444465894585e-136,3.47996499519794e-136,"Tidak Signifikan","Tidak Signifikan"
"Rv1272c",3075.72260993308,-1.00451382350921,0.0404216336910626,-24.8508962103458,2.52882178082182e-136,6.04691742285724e-136,"Signifikan","Turun"
"Rv3908",2798.61271852705,1.08663713674321,0.0437585063413593,24.8325920511632,3.98762252840813e-136,9.52945696999702e-136,"Signifikan","Naik"
"Rv0152c",2532.46757760664,-1.55336802762374,0.0625541544916925,-24.8323718903439,4.00951855356646e-136,9.5760145105347e-136,"Signifikan","Turun"
"Rv3490",4796.41324320956,0.836968160526021,0.0337069996890096,24.8306929791476,4.18049016912139e-136,9.97834205830598e-136,"Tidak Signifikan","Tidak Signifikan"
"Rv1706A",354.879355306489,-4.67211013202946,0.188191993794053,-24.8262959429739,4.66354934246602e-136,1.11246543845837e-135,"Signifikan","Turun"
"Rv0687",4462.17235613887,0.826338845927489,0.0333021298939838,24.8133932741873,6.42718874017597e-136,1.53225106564171e-135,"Tidak Signifikan","Tidak Signifikan"
"Rv1125",1443.44255138199,-1.45125808442239,0.0585433246028228,-24.7894716309367,1.1643984186351e-135,2.77427539142669e-135,"Signifikan","Turun"
"Rv3875",1859.45058067423,1.39077578904394,0.0561037604925307,24.789350603853,1.16790276450622e-135,2.78095454189446e-135,"Signifikan","Naik"
"Rv2266",2635.5528869866,-1.09185202115076,0.0440467125029797,-24.7885020040236,1.19277154971726e-135,2.83846714920718e-135,"Signifikan","Turun"
"Rv0135c",4371.52197734235,0.895956345919617,0.0362177566471732,24.7380409186538,4.16990116883256e-135,9.91726495009519e-135,"Tidak Signifikan","Tidak Signifikan"
"Rv0889c",5325.92882503162,0.801170582377873,0.0324162908169856,24.7150603041257,7.36729078261411e-135,1.75111099668245e-134,"Tidak Signifikan","Tidak Signifikan"
"Rv1168c",3643.36943069578,0.914258076233356,0.0370600894886625,24.669613291491,2.26707947990733e-134,5.38533191424693e-134,"Tidak Signifikan","Tidak Signifikan"
"Rv1722",2719.17507296923,-1.05038297789422,0.0425947105342978,-24.6599393379711,2.8791331765058e-134,6.83514141902963e-134,"Signifikan","Turun"
"Rv1018c",5252.85846878022,0.787007029438093,0.0319515047570086,24.6312978190945,5.8388599118966e-134,1.38533237263719e-133,"Tidak Signifikan","Tidak Signifikan"
"Rv0132c",2002.41865701713,-1.2026716237881,0.0488298802434844,-24.6298294771792,6.05425339738781e-134,1.43557819649955e-133,"Signifikan","Turun"
"Rv1385",2947.57655312212,1.06722639353645,0.043338178852936,24.6255477683541,6.72870663763487e-134,1.59455073067488e-133,"Signifikan","Naik"
"Rv3032A",712.839158830877,-2.1601170395862,0.0877285529660881,-24.6227364586899,7.2118307018224e-134,1.70801984442564e-133,"Signifikan","Turun"
"Rv3252c",2359.01300824493,-1.10406253934224,0.0448544750258112,-24.6143230682539,8.87456007548556e-134,2.10055965509852e-133,"Signifikan","Turun"
"Rv1876",856.633358752726,-1.91344473000544,0.0778657379997185,-24.5736414905919,2.41759773395176e-133,5.71890889122637e-133,"Signifikan","Turun"
"Rv1038c",378.044537347508,-4.12011004017144,0.167759907105215,-24.5595631952002,3.41849857899172e-133,8.08175438787853e-133,"Signifikan","Turun"
"Rv0832",1988.35675678418,1.45502832321444,0.0592636660732583,24.551777161673,4.14005365422674e-133,9.78177060531119e-133,"Signifikan","Naik"
"Rv0217c",1312.93344862041,-1.49095509873138,0.0607555676934422,-24.5402216674919,5.50039066752987e-133,1.29881248679113e-132,"Signifikan","Turun"
"Rv0326",441.075778639073,-3.13500111937766,0.127805788362243,-24.5294141959522,7.17367094584361e-133,1.69291806318629e-132,"Signifikan","Turun"
"Rv3817",1255.10126604509,-1.52964801169105,0.0623984769308908,-24.5141882771466,1.042704936792e-132,2.45922145318303e-132,"Signifikan","Turun"
"Rv1280c",2852.39553888008,-1.02883688004095,0.0419889193215566,-24.502580601372,1.38649041690851e-132,3.26809713836962e-132,"Signifikan","Turun"
"Rv1148c",2398.59773222126,-1.11319753709037,0.045510330375418,-24.4603264337465,3.90766250251553e-132,9.20528334173343e-132,"Signifikan","Turun"
"Rv1624c",1168.64650015159,-1.58406571975582,0.0647904536060076,-24.4490604956799,5.14952043016123e-132,1.2123529701157e-131,"Signifikan","Turun"
"Rv3557c",1187.51358922773,-1.58036976545195,0.0647477938451382,-24.408086694534,1.40343349312437e-131,3.30214748945691e-131,"Signifikan","Turun"
"Rv3549c",1077.23217203467,-1.65457756140934,0.0678032065106857,-24.4026447502682,1.60312781968391e-131,3.76977359850982e-131,"Signifikan","Turun"
"Rv1433",3279.41922471107,0.998621125421271,0.040941778547242,24.3912492533508,2.11792634988344e-131,4.97737786136706e-131,"Tidak Signifikan","Tidak Signifikan"
"Rv0663",4515.44616829746,-0.816069156867614,0.0334876600632551,-24.3692499065666,3.62439134881327e-131,8.51270602767451e-131,"Tidak Signifikan","Tidak Signifikan"
"Rv0732",4975.18556876401,0.815383017754226,0.0334726931756617,24.3596478321947,4.5815089348926e-131,1.07543467128514e-130,"Tidak Signifikan","Tidak Signifikan"
"Rv3246c",4614.56268535777,0.808566233473285,0.0331989320388852,24.3551880682857,5.10815980936154e-131,1.19834831246228e-130,"Tidak Signifikan","Tidak Signifikan"
"Rv0559c",1396.74847796301,1.63977961064221,0.0673399872733606,24.3507561708569,5.69136705839412e-131,1.33437666197692e-130,"Signifikan","Naik"
"Rv2620c",1056.98651538831,-1.66560399150937,0.0684368383281861,-24.3378278745437,7.8006727490178e-131,1.82783631396064e-130,"Signifikan","Turun"
"Rv3530c",1271.87346354312,-1.51494917124322,0.0624418154506786,-24.2617733054198,4.96719395469366e-130,1.16321478266055e-129,"Signifikan","Turun"
"Rv0600c",915.933060773054,-1.81881200958837,0.0750053678698308,-24.2490912483071,6.75974355208003e-130,1.58205915463725e-129,"Signifikan","Turun"
"Rv0835",1224.68501308507,-1.55009550965678,0.0639519966948566,-24.238422406934,8.75895258435914e-130,2.04874793055146e-129,"Signifikan","Turun"
"Rv1138c",1592.53408054336,-1.33245859188717,0.054993960251044,-24.2291805464561,1.0961858260577e-129,2.56250393162693e-129,"Signifikan","Turun"
"Rv1633",8051.67209598598,0.628126900002444,0.0259302821615033,24.2236816433481,1.25267558686251e-129,2.9265983822636e-129,"Tidak Signifikan","Tidak Signifikan"
"Rv0897c",2816.03700082677,-0.998128993470861,0.0412412567669162,-24.2021963373231,2.10936822621516e-129,4.92516995491203e-129,"Tidak Signifikan","Tidak Signifikan"
"Rv3476c",2718.11356822953,-1.1082127714675,0.0457973680651684,-24.1981759713909,2.32529672548759e-129,5.42614830000546e-129,"Signifikan","Turun"
"Rv1637c",2654.90434263562,1.06602148628362,0.0440580612548857,24.195832860562,2.46117880598092e-129,5.7398567450478e-129,"Signifikan","Naik"
"Rv1578c",797.156918645209,-2.03440953159299,0.0841247620105865,-24.1832426383206,3.33913168592568e-129,7.78280575679623e-129,"Signifikan","Turun"
"Rv3748",1765.24354889012,1.30051357605147,0.0538457260234272,24.1525868828594,7.01366666162095e-129,1.63377660872873e-128,"Signifikan","Naik"
"Rv2910c",1052.85344320136,-1.66644234451004,0.0690176479463467,-24.1451627822134,8.39344201299778e-129,1.95403664704004e-128,"Signifikan","Turun"
"Rv2496c",6131.77613541969,0.700485850517263,0.0290374345147411,24.1235447353882,1.41551846856928e-128,3.29346731074154e-128,"Tidak Signifikan","Tidak Signifikan"
"Rv2375",1837.37032086875,1.38909220250392,0.0575867417710181,24.1217363543046,1.47874463815686e-128,3.43855801850425e-128,"Signifikan","Naik"
"Rv3400",2882.89208014471,0.999310748906087,0.0414675659372388,24.098611199378,2.5849363568175e-128,6.0072891197979e-128,"Tidak Signifikan","Tidak Signifikan"
"Rv3277",2369.21707291611,1.13536776262799,0.0471146013981047,24.0980020829309,2.62322572283291e-128,6.09270283517457e-128,"Signifikan","Naik"
"Rv1487",1658.28151781264,1.43636208989638,0.0596074573772419,24.0970199551707,2.68615876352056e-128,6.23522048852315e-128,"Signifikan","Naik"
"Rv0953c",1231.83910058138,-1.62087010405781,0.0672826935184609,-24.0904461354996,3.14801461103818e-128,7.30302570876518e-128,"Signifikan","Turun"
"Rv0728c",1391.94994753182,-1.42570805186231,0.0592385503738296,-24.0672339695226,5.51049642062825e-128,1.27762357104806e-127,"Signifikan","Turun"
"Rv3625c",1729.70797408925,-1.26326179544787,0.0524958051946029,-24.0640521802634,5.94980400393819e-128,1.37867245815554e-127,"Signifikan","Turun"
"Rv2653c",336.353080653903,-3.82339969823237,0.15894856883587,-24.0543197477947,7.52263003737697e-128,1.74210585862664e-127,"Signifikan","Turun"
"Rv2802c",3486.94101635982,0.915369972522493,0.0380996361883991,24.0256880143442,1.49903958064776e-127,3.46948075637669e-127,"Tidak Signifikan","Tidak Signifikan"
"Rv1579c",340.921794323906,-3.7435473792323,0.155863247202508,-24.0181533903783,1.7970264762799e-127,4.15673704454949e-127,"Signifikan","Turun"
"Rv3622c",438.947950652089,-2.8839477056381,0.120224906556048,-23.9879388410557,3.71593009837988e-127,8.59038152696561e-127,"Signifikan","Turun"
"Rv1453",2349.62620344641,-1.09153189675981,0.0455040603773688,-23.9875713883035,3.74888567311293e-127,8.66151978173499e-127,"Signifikan","Turun"
"Rv1615",2043.82873097624,1.22561343823789,0.0511084258297504,23.9806532551127,4.42677522022035e-127,1.02217795684599e-126,"Signifikan","Naik"
"Rv1690",1746.36965297866,1.31200198844533,0.0547110667297632,23.9805594529121,4.43676146028484e-127,1.02388788324316e-126,"Signifikan","Naik"
"Rv3275c",2216.69233342023,1.27234454211039,0.0530707505062126,23.9744968739691,5.13224065661143e-127,1.18369759795218e-126,"Signifikan","Naik"
"Rv3223c",3369.05774864577,0.995479250339415,0.0415336261693763,23.9680312592933,5.99424647644861e-127,1.38170690134059e-126,"Tidak Signifikan","Tidak Signifikan"
"Rv0428c",1227.68287915464,-1.53932918142725,0.0643678197160187,-23.9145770078674,2.16020793788352e-126,4.97650690452028e-126,"Signifikan","Turun"
"Rv3420c",2051.60466745914,1.2657564828688,0.0529857135572621,23.8886371040542,4.02003811841038e-126,9.25565363652581e-126,"Signifikan","Naik"
"Rv0139",3625.6182086539,0.882525267261102,0.0369484450938593,23.8853154718485,4.35260147910243e-126,1.00155278814381e-125,"Tidak Signifikan","Tidak Signifikan"
"Rv0330c",1263.95295786898,-1.47580481906923,0.061875147406498,-23.8513341935771,9.8086891289228e-126,2.25571418982242e-125,"Signifikan","Turun"
"Rv3542c",1331.8623200789,-1.43443098815624,0.0601567414975944,-23.8448917352613,1.14407130779598e-125,2.62950804057165e-125,"Signifikan","Turun"
"Rv3311",4110.29027281968,0.847111692298626,0.0355650071187586,23.8186847389051,2.13880794209222e-125,4.91294215766059e-125,"Tidak Signifikan","Tidak Signifikan"
"Rv1455",1027.37531275535,-1.653621231936,0.0694594084712779,-23.8070157568329,2.8252833926718e-125,6.48605278861633e-125,"Signifikan","Turun"
"Rv2098c",1842.31451187886,-1.29035543375201,0.0542103257060289,-23.8027611335401,3.1269797796634e-125,7.17451057601198e-125,"Signifikan","Turun"
"Rv3068c",2719.88449187193,-1.00777084195265,0.0423384536179801,-23.8027314612331,3.12919297771268e-125,7.17543846392265e-125,"Signifikan","Turun"
"Rv1862",4362.66855342167,0.804161442410758,0.0338186373583039,23.7786470782597,5.55538655346584e-125,1.27314953538989e-124,"Tidak Signifikan","Tidak Signifikan"
"Rv1927",1337.02579864004,-1.42872302513838,0.0601562304092716,-23.7502086719545,1.09329694225006e-124,2.5041044860889e-124,"Signifikan","Turun"
"Rv0084",3257.14551921397,0.947354246343337,0.0399108423911399,23.7367639865614,1.50529035807837e-124,3.44575121205823e-124,"Tidak Signifikan","Tidak Signifikan"
"Rv3795",9419.630351409,0.558039093487931,0.0235501952381529,23.6957310903253,3.9902592148366e-124,9.12881101802584e-124,"Tidak Signifikan","Tidak Signifikan"
"Rv2972c",1077.35083148622,-1.64750761929386,0.0695668788731803,-23.6823564026388,5.48080701674672e-124,1.25316204238814e-123,"Signifikan","Turun"
"Rv1592c",4712.53123641728,0.819781028457228,0.0346710385389869,23.6445478128785,1.34304728174403e-123,3.06904871352453e-123,"Tidak Signifikan","Tidak Signifikan"
"Rv1203c",538.534716161246,-2.42692533507303,0.102669718903311,-23.6381803807078,1.56165207668914e-123,3.56653643536317e-123,"Signifikan","Turun"
"Rv0493c",1543.4598698653,-1.32040370356355,0.0558726826961623,-23.6323662986429,1.79213352241598e-123,4.09056023211979e-123,"Signifikan","Turun"
"Rv2797c",2621.10621674313,-0.9994508272219,0.0422968556468242,-23.6294356149602,1.92088323168473e-123,4.38191131690243e-123,"Tidak Signifikan","Tidak Signifikan"
"Rv3516",1378.02104398111,-1.44784987908395,0.0612747688059732,-23.6288101497139,1.949534581728e-123,4.44471476190516e-123,"Signifikan","Turun"
"Rv0767c",904.196864392967,-1.88339784087129,0.0797256671941937,-23.6234817111503,2.21157706617997e-123,5.03924538859043e-123,"Signifikan","Turun"
"Rv2598",550.382450907242,-2.40469623450895,0.101850805450995,-23.6099874111056,3.04337325725015e-123,6.93057503531076e-123,"Signifikan","Turun"
"Rv3393",1546.49072833219,-1.34478446361495,0.0570979796782047,-23.5522249857867,1.19115581368707e-122,2.71102416115698e-122,"Signifikan","Turun"
"Rv3172c",871.525207977165,-1.81168154439904,0.0770208337522317,-23.521967448795,2.43118694611037e-122,5.53011388487377e-122,"Signifikan","Turun"
"Rv1725c",1177.56636335325,-1.51965170597715,0.0647716462814854,-23.4616810474916,1.00459964609027e-121,2.28380905217198e-121,"Signifikan","Turun"
"Rv1041c",337.961656846813,-3.77564769774408,0.16097765412296,-23.4544832841217,1.1897468513207e-121,2.70316481053221e-121,"Signifikan","Turun"
"Rv1459c",5102.36475862108,0.728473572266808,0.0310680832305922,23.4476509818763,1.39690018200337e-121,3.1720108883843e-121,"Tidak Signifikan","Tidak Signifikan"
"Rv1414",441.326397300803,-2.79777026127862,0.119332822043588,-23.4451026412223,1.48306853734234e-121,3.3657510798839e-121,"Signifikan","Turun"
"Rv1719",1391.67032804885,-1.38188348858139,0.0589519284123025,-23.4408530102131,1.63872402322387e-121,3.71687718703779e-121,"Signifikan","Turun"
"Rv1017c",3374.01649889343,0.895359160369601,0.0382037906640891,23.4363958341763,1.81952860107362e-121,4.12461140597661e-121,"Tidak Signifikan","Tidak Signifikan"
"Rv0271c",8236.8347280552,0.576702032127301,0.0246266324059906,23.4178194817662,2.81386151330637e-121,6.37497922517782e-121,"Tidak Signifikan","Tidak Signifikan"
"Rv1884c",1925.09051386822,1.20286145052759,0.0513834918233338,23.4094921898897,3.42083428325749e-121,7.7456904119192e-121,"Signifikan","Naik"
"Rv2387",2587.68772938587,-0.997369598011513,0.0426206586738451,-23.40108363045,4.16637843458916e-121,9.42842170565613e-121,"Tidak Signifikan","Tidak Signifikan"
"Rv1539",3814.02754670196,0.952413490283931,0.0406997506915327,23.4009662000724,4.17786424066635e-121,9.44902362755041e-121,"Tidak Signifikan","Tidak Signifikan"
"Rv1609",4889.74891229029,0.798569323419827,0.0341454066315006,23.3873133226392,5.75333093743274e-121,1.30048226944705e-120,"Tidak Signifikan","Tidak Signifikan"
"Rv3553",1814.72911267446,-1.22688244676285,0.0524856143746299,-23.3755946535303,7.57064206714963e-121,1.71029254444092e-120,"Signifikan","Turun"
"Rv2395B",7004.01370113572,3.45397890803653,0.147929806762742,23.3487691468172,1.41841383691066e-120,3.20253141208001e-120,"Signifikan","Naik"
"Rv1638",9615.2905301529,0.53863308847329,0.0230742025295613,23.3435191436508,1.60372752156744e-120,3.61887774633562e-120,"Tidak Signifikan","Tidak Signifikan"
"Rv1671",460.15258369982,-2.75356036804249,0.118097326634694,-23.3160262514661,3.04928672269742e-120,6.87693031776047e-120,"Signifikan","Turun"
"Rv0377",1452.63430831511,-1.51895462251386,0.0651966718180052,-23.2980393041225,4.64085676442125e-120,1.04603856729881e-119,"Signifikan","Turun"
"Rv1155a",1227.95001885052,1.53932820688098,0.0660848832590775,23.2931970363969,5.19610714552012e-120,1.17052566986248e-119,"Signifikan","Naik"
"Rv2019",541.831375834959,-2.37805352378428,0.102115276361532,-23.2879311354448,5.87543907160416e-120,1.32280742321531e-119,"Signifikan","Turun"
"Rv3815c",3283.32554860627,0.909825025688012,0.0390732065618337,23.2851384809743,6.27097299858596e-120,1.41105784942657e-119,"Tidak Signifikan","Tidak Signifikan"
"Rv3154",2435.55517474022,1.10009995816041,0.0472527491756346,23.2811842136725,6.87690421757279e-120,1.54652375459814e-119,"Signifikan","Naik"
"Rv1070c",2572.78196943248,1.02761477783697,0.0441524339569403,23.2742498146117,8.08396419448198e-120,1.81694538014221e-119,"Signifikan","Naik"
"Rv2378c",1792.00640236454,-1.19909100203008,0.0515732491427154,-23.2502512826351,1.41422971839135e-119,3.17681160411013e-119,"Signifikan","Turun"
"Rv0583c",2983.46385832843,0.962716143927413,0.0414082509908584,23.2493795533636,1.44323903208167e-119,3.24014105278325e-119,"Tidak Signifikan","Tidak Signifikan"
"Rv3560c",1683.28443098935,-1.23388443274413,0.0530860198012671,-23.2431144275518,1.66995904209118e-119,3.74701782804056e-119,"Signifikan","Turun"
"Rv0431",2005.08249216164,1.16273910896816,0.0500456157556773,23.2335858278706,2.08472420147725e-119,4.67501464514429e-119,"Signifikan","Naik"
"Rv0094c",293.924555277979,-4.61794168633079,0.198919021983761,-23.2151839491137,3.19887224554252e-119,7.16944982941649e-119,"Signifikan","Turun"
"Rv1502",2740.3143847245,-1.01187129029698,0.0436134017570086,-23.2009256222344,4.45629839500836e-119,9.98200775437502e-119,"Signifikan","Turun"
"Rv3045",3730.00893126203,0.840877585554193,0.0362808710025223,23.1768852929615,7.78983971720476e-119,1.74392179222073e-118,"Tidak Signifikan","Tidak Signifikan"
"Rv3865",1545.77301159113,1.34794339213461,0.0582216814448401,23.1519145219409,1.39060946734775e-118,3.11142005469179e-118,"Signifikan","Naik"
"Rv0548c",3978.95112052795,0.867349553526797,0.0374792292959701,23.1421395215311,1.7444251143169e-118,3.90086495405589e-118,"Tidak Signifikan","Tidak Signifikan"
"Rv0944",412.514664434727,-2.87334175563867,0.124225029550503,-23.1301354166353,2.30405496958115e-118,5.14940059962164e-118,"Signifikan","Turun"
"Rv0219",431.824846384805,-2.81503173711129,0.12170950590563,-23.1291033199493,2.3598240505054e-118,5.2710709506503e-118,"Signifikan","Turun"
"Rv2254c",346.283249802233,-3.61509716642997,0.156326574775137,-23.1252886569669,2.57789674531694e-118,5.75493325192589e-118,"Signifikan","Turun"
"Rv2324",750.564837575352,-1.97821257727001,0.0856656867536539,-23.0922397547421,5.54068411478268e-118,1.23621450412502e-117,"Signifikan","Turun"
"Rv0503c",2961.92418553328,0.941860113192641,0.0408391931475448,23.0626523347282,1.09813391468654e-117,2.44873369283953e-117,"Tidak Signifikan","Tidak Signifikan"
"Rv1998c",1320.20228587237,-1.39247776975112,0.0603863397491765,-23.0594829150928,1.18156451733771e-117,2.63329575296557e-117,"Signifikan","Turun"
"Rv0908",4284.54796115437,-0.815904957924073,0.0354099422986641,-23.041691258414,1.78196471564568e-117,3.96914880795419e-117,"Tidak Signifikan","Tidak Signifikan"
"Rv1554",329.129780841409,-5.79594866027267,0.251635032686646,-23.0331547972106,2.17003600699007e-117,4.8308265093881e-117,"Signifikan","Turun"
"Rv0143c",5111.03721121694,0.785033113722402,0.034083389869085,23.0327181872968,2.19201026937985e-117,4.87700770534486e-117,"Tidak Signifikan","Tidak Signifikan"
"Rv2436",1838.07701145249,-1.30402020166796,0.0566172216463005,-23.032218179381,2.21744825073601e-117,4.93083924364895e-117,"Signifikan","Turun"
"Rv1956",513.161654950943,-2.41724397522584,0.105032613413665,-23.0142228843308,3.35833541170748e-117,7.46359472170508e-117,"Signifikan","Turun"
"Rv0737",889.211774747197,-1.84909141888211,0.0804306518727293,-22.9898847743775,5.88452530300162e-117,1.30704993712248e-116,"Signifikan","Turun"
"Rv0551c",3221.39930207535,-0.907127559994133,0.0395643328153148,-22.9279124768407,2.44793743330689e-116,5.43422932172828e-116,"Tidak Signifikan","Tidak Signifikan"
"Rv1347c",896.566461200019,-1.73175005180494,0.075569571888398,-22.9159701256798,3.22040366863683e-116,7.14504549971046e-116,"Signifikan","Turun"
"Rv1612",3260.80881016017,0.897342869634135,0.0391590966519657,22.9153107797519,3.26952499549292e-116,7.24997521359441e-116,"Tidak Signifikan","Tidak Signifikan"
"Rv0374c",392.736438735459,-2.96241029688195,0.129381485386825,-22.8967095873488,5.01048549383233e-116,1.1104243549739e-115,"Signifikan","Turun"
"Rv2863",448.900179430814,-2.63124891002753,0.114962309615269,-22.8879266503362,6.12866421118138e-116,1.35747688027675e-115,"Signifikan","Turun"
"Rv1056",1532.82725111552,-1.36266563064003,0.0595895302669697,-22.8675343560369,9.78053528831137e-116,2.16514416789795e-115,"Signifikan","Turun"
"Rv2780",3374.26099992311,-0.874687261416625,0.0382726405111913,-22.8541132708326,1.33004268966586e-115,2.94271017841856e-115,"Tidak Signifikan","Tidak Signifikan"
"Rv3215",1918.07527956654,-1.13481864555039,0.0496862398782142,-22.8396966309373,1.85005479273612e-115,4.09095170723756e-115,"Signifikan","Turun"
"Rv1678",2942.94846726677,0.933218386299143,0.0408692309874017,22.8342536366005,2.09542043582601e-115,4.63093753143276e-115,"Tidak Signifikan","Tidak Signifikan"
"Rv1911c",2763.13992091369,1.08136346736502,0.0474101044723036,22.8087130243878,3.75746213491516e-115,8.29947232138555e-115,"Signifikan","Naik"
"Rv0437c",2281.34710842971,1.0709484474399,0.0470238416222541,22.7745843489969,8.19139534331191e-115,1.80830636209896e-114,"Signifikan","Naik"
"Rv0635",2142.91357039738,1.106196983745,0.0485950480227394,22.7635742478816,1.05302895939513e-114,2.3233403125253e-114,"Signifikan","Naik"
"Rv2333c",2809.64566404372,-0.979920915803798,0.0430749645702785,-22.7491984167513,1.46146888037103e-114,3.22270541880594e-114,"Tidak Signifikan","Tidak Signifikan"
"Rv1492",5247.70747812744,-0.684265168792445,0.0300983980574341,-22.7342720196179,2.05350484473411e-114,4.52569651058901e-114,"Tidak Signifikan","Tidak Signifikan"
"Rv1847",1579.85541146673,1.31309757126135,0.0577713125647321,22.72923208712,2.30328271548835e-114,5.07336065093963e-114,"Signifikan","Naik"
"Rv0201c",1782.77785496196,1.33391755339683,0.0587382553539849,22.7095194666237,3.60765556213576e-114,7.94204751109465e-114,"Signifikan","Naik"
"Rv3072c",917.256508092788,-1.68154924330286,0.0740851469030897,-22.6975218865731,4.73969057643173e-114,1.04283707802023e-113,"Signifikan","Turun"
"Rv2977c",4391.7312083994,1.0542348099806,0.0464898721872198,22.6766553742089,7.61628320932688e-114,1.67482236648557e-113,"Signifikan","Naik"
"Rv2774c",589.117310726316,-2.20737387191204,0.0974359804954747,-22.6546072681493,1.25659620077125e-113,2.76172694097482e-113,"Signifikan","Turun"
"Rv1327c",8513.23160063531,0.562244180925479,0.0248256562402602,22.6477066903745,1.46963809643409e-113,3.22815854294243e-113,"Tidak Signifikan","Tidak Signifikan"
"Rv2561",1707.58949913569,-1.27240745909334,0.0561970308986154,-22.6418983128999,1.67665585467154e-113,3.68084879661428e-113,"Signifikan","Turun"
"Rv0230c",1827.86591930051,-1.15547076920373,0.0510438030041296,-22.6368472018092,1.88019873863941e-113,4.12541393594168e-113,"Signifikan","Turun"
"Rv2131c",5435.39057256558,0.860501541753974,0.0380353777370387,22.6237148925702,2.53233901093218e-113,5.55322767073962e-113,"Tidak Signifikan","Tidak Signifikan"
"Rv3666c",3313.24609809961,-0.876515662834363,0.0387640095929196,-22.6115840966684,3.33358313171885e-113,7.30625651023683e-113,"Tidak Signifikan","Tidak Signifikan"
"Rv0577",2788.68018238255,0.950619847823332,0.0420665837900666,22.5979806814692,4.53647120549579e-113,9.93715144793031e-113,"Tidak Signifikan","Tidak Signifikan"
"Rv0543c",1536.19539603154,1.34534109116533,0.0596013797084917,22.5723145629405,8.10883754126536e-113,1.77526261182118e-112,"Signifikan","Naik"
"Rv1523",1671.3365772446,-1.21716054925681,0.0539960150485204,-22.5416736431953,1.62075090711546e-112,3.54634244265143e-112,"Signifikan","Turun"
"Rv0709",798.129343647751,2.83217870180638,0.125643663074653,22.54135729968,1.63237238259184e-112,3.5698022280826e-112,"Signifikan","Naik"
"Rv2109c",3667.01578253391,0.82816206140582,0.0367527811127238,22.5333168356914,1.95736743306787e-112,4.27816892946571e-112,"Tidak Signifikan","Tidak Signifikan"
"Rv1326c",5395.63817621234,-0.677960848513368,0.0300876272834741,-22.5328784528564,1.97683667141575e-112,4.31834310325236e-112,"Tidak Signifikan","Tidak Signifikan"
"Rv1092c",2067.41168800667,-1.14668794674794,0.0509348020406631,-22.5128576298872,3.10591923230407e-112,6.7810575644195e-112,"Signifikan","Turun"
"Rv2582",1671.6018703337,-1.20617201435801,0.0535874362800579,-22.5084851616027,3.4278402494769e-112,7.47978122644382e-112,"Signifikan","Turun"
"Rv3214",2470.40036082549,1.01079047656713,0.0449153942114531,22.5043216098365,3.76527629740962e-112,8.21157288170641e-112,"Signifikan","Naik"
"Rv1031",688.900180566249,-1.95458231517972,0.0868735244731717,-22.4991713762383,4.2288854923471e-112,9.21757623524228e-112,"Signifikan","Turun"
"Rv3382c",1912.85984750067,-1.1685434124426,0.051943316209879,-22.4965115380976,4.49019828347572e-112,9.78177736987819e-112,"Signifikan","Turun"
"Rv1341",2187.11258073186,1.07302236966485,0.0477103940584511,22.4903271255791,5.16176880777691e-112,1.12386042044188e-111,"Signifikan","Naik"
"Rv1516c",1663.86247321144,-1.19828619588522,0.0532943795300074,-22.4842883330788,5.91412163630023e-112,1.28696217944065e-111,"Signifikan","Turun"
"Rv0851c",1776.12181737831,-1.21036572672252,0.0538458960116394,-22.4783282733542,6.76388210985822e-112,1.47107019352015e-111,"Signifikan","Turun"
"Rv1634",5268.89238427379,0.686100252603737,0.0305508328036012,22.4576612040135,1.07710377615498e-111,2.34129900274346e-111,"Tidak Signifikan","Tidak Signifikan"
"Rv1152",2423.80629671184,1.09247195588257,0.0486767215119494,22.443416934199,1.48393785416228e-111,3.22386717823754e-111,"Signifikan","Naik"
"Rv2644c",790.105196621314,-1.79956234468849,0.0801992525633967,-22.4386423460237,1.65211761193903e-111,3.587274530138e-111,"Signifikan","Turun"
"Rv1324",3993.49786424182,0.787575757598717,0.0351004701078584,22.4377552545198,1.68539841026933e-111,3.65753582797508e-111,"Tidak Signifikan","Tidak Signifikan"
"Rv2151c",3683.7606201455,0.835267675643623,0.0372377962142709,22.4306419971093,1.97762777927614e-111,4.28936544581108e-111,"Tidak Signifikan","Tidak Signifikan"
"Rv1806",465.012540192815,-2.53735793121844,0.113126096200468,-22.4294660245505,2.03059201838836e-111,4.40183526609105e-111,"Signifikan","Turun"
"Rv2782c",4350.73655124412,0.765656637584975,0.0341859065926846,22.3968504538305,4.22405173326532e-111,9.15172759468243e-111,"Tidak Signifikan","Tidak Signifikan"
"Rv3007c",1198.24143741355,-1.43456035708009,0.0640572725610222,-22.3949646890367,4.40663815967718e-111,9.54210348222673e-111,"Signifikan","Turun"
"Rv3450c",2425.89432956391,-0.988356500499245,0.0441477763209219,-22.3874582790902,5.21491925042611e-111,1.12861891251721e-110,"Tidak Signifikan","Tidak Signifikan"
"Rv2779c",718.969731719508,-1.88494152534126,0.0842626875659322,-22.3698244120967,7.74409371027661e-111,1.67507196012363e-110,"Signifikan","Turun"
"Rv1096",2648.39489601474,1.05146628469362,0.047015525723795,22.3642353989771,8.77747659611532e-111,1.89756128919834e-110,"Signifikan","Naik"
"Rv1067c",1629.84407002446,-1.28907887554278,0.0576587729909441,-22.3570292719416,1.03154576402418e-110,2.22883553697382e-110,"Signifikan","Turun"
"Rv2016",855.871404278207,-1.80451175841964,0.0807298446378054,-22.3524740635336,1.14235501413996e-110,2.46691472024673e-110,"Signifikan","Turun"
"Rv0365c",1881.48852395132,-1.12990530954492,0.0505939058146774,-22.3328341892341,1.77317973533492e-110,3.82709684987684e-110,"Signifikan","Turun"
"Rv3461c",1844.28366931649,3.53534996908391,0.158419272637304,22.3164133392909,2.56022800425322e-110,5.52279744038744e-110,"Signifikan","Naik"
"Rv0705",1252.26314622019,1.46228625294854,0.0655886552053785,22.2948046178057,4.14978660488763e-110,8.94684970738546e-110,"Signifikan","Naik"
"Rv3540c",1943.187599356,-1.15992035949863,0.0520425129506962,-22.2879391046607,4.83753542494786e-110,1.04239560188855e-109,"Signifikan","Turun"
"Rv1828",3180.01827523599,1.08048154285155,0.0484876155701827,22.2836600675407,5.32258126998149e-110,1.1462909825199e-109,"Signifikan","Naik"
"Rv0369c",696.193011325296,-1.92225483063749,0.0862771470415241,-22.2799999368585,5.77579787226228e-110,1.24322247201652e-109,"Signifikan","Turun"
"Rv2054",1228.09981643487,-1.46480114427659,0.0658193645771665,-22.254866082143,1.0119528302522e-109,2.17701566030937e-109,"Signifikan","Turun"
"Rv0017c",2420.46716317337,-0.993607958312636,0.0446525054663815,-22.2520091075453,1.07851741641645e-109,2.3189585858667e-109,"Tidak Signifikan","Tidak Signifikan"
"Rv3675",4283.45301059526,0.852614434728691,0.0383204796828217,22.249576252327,1.13863388026333e-109,2.44689090086925e-109,"Tidak Signifikan","Tidak Signifikan"
"Rv2379c",8488.31834450031,-0.548967275554396,0.0246810081108453,-22.242498081477,1.33323370527809e-109,2.86352902481764e-109,"Tidak Signifikan","Tidak Signifikan"
"Rv2652c",830.904710888945,-1.95477462787407,0.0879339225107403,-22.2300401490144,1.75977031331116e-109,3.7776021823081e-109,"Signifikan","Turun"
"Rv3225c",5593.12607074055,0.66786280427592,0.0300581754145779,22.2190068114385,2.24990597260953e-109,4.82713736795134e-109,"Tidak Signifikan","Tidak Signifikan"
"Rv1047",301.213863173667,-5.50426061899579,0.248015312311762,-22.1932289893326,3.99270906619837e-109,8.56166317059943e-109,"Signifikan","Turun"
"Rv2288",1041.7979633226,1.73473725481601,0.0782344730479214,22.173566041065,6.18139378248505e-109,1.32477520989293e-108,"Signifikan","Naik"
"Rv1258c",2025.11615986131,-1.06797505464251,0.0481665440088075,-22.1725489469875,6.32266975552881e-109,1.35432132398395e-108,"Signifikan","Turun"
"Rv3108",992.735258130804,-1.62833876764704,0.0734431856843641,-22.1714070879923,6.48511865115515e-109,1.38836835883068e-108,"Signifikan","Turun"
"Rv2704",1246.56786484448,1.45341087309556,0.0655649168764602,22.1675088192993,7.07174840834613e-109,1.5131405574924e-108,"Signifikan","Naik"
"Rv1169c",662.500329427095,-1.96552367949721,0.0888020834915675,-22.1337563513794,1.49582634469254e-108,3.19889116409451e-108,"Signifikan","Turun"
"Rv3066",1697.42606165691,-1.18620428691029,0.0536136438287374,-22.1250450855286,1.81456531934585e-108,3.8784378350458e-108,"Signifikan","Turun"
"Rv3224",3630.06149927853,0.886459012690636,0.0400726623019412,22.121290719626,1.97204964184516e-108,4.2127737906299e-108,"Tidak Signifikan","Tidak Signifikan"
"Rv1131",4139.36304256309,-0.777756006005921,0.0351649081968343,-22.1173904863468,2.15011134862028e-108,4.59068445639217e-108,"Tidak Signifikan","Tidak Signifikan"
"Rv2259",3741.89332726955,0.88699696097895,0.0401194183143961,22.1089187791306,2.59409409289834e-108,5.53564887925106e-108,"Tidak Signifikan","Tidak Signifikan"
"Rv1599",8895.15986113312,0.549181104856705,0.0248472391930451,22.1022987942429,3.0037887607893e-108,6.40646774948987e-108,"Tidak Signifikan","Tidak Signifikan"
"Rv2274c",271.908818058912,-4.64885036980755,0.210387957377187,-22.0965611709087,3.41074653459011e-108,7.27051665917194e-108,"Signifikan","Turun"
"Rv2052c",7512.40601628845,0.581993102704944,0.0263409658659084,22.094599934856,3.56211419337865e-108,7.58910150651616e-108,"Tidak Signifikan","Tidak Signifikan"
"Rv3092c",4060.78489675111,0.810454215874624,0.0367295396223114,22.0654607764894,6.78736022377449e-108,1.44527418184184e-107,"Tidak Signifikan","Tidak Signifikan"
"Rv2314c",5054.07125211749,0.724799691502485,0.0328500463194024,22.063886438857,7.02777671309966e-108,1.49566471141987e-107,"Tidak Signifikan","Tidak Signifikan"
"Rv2856",2296.47256042088,-1.10910584771587,0.0503642603389461,-22.0216844296274,1.78504190231488e-107,3.79692290964242e-107,"Signifikan","Turun"
"Rv1667c",3242.00752667678,-0.882423660338724,0.0401159317903142,-21.9968381876594,3.08766026289005e-107,6.56417377432199e-107,"Tidak Signifikan","Tidak Signifikan"
"Rv0809",4305.78298183618,0.742007440728277,0.0337486744832585,21.9862691524777,3.8974470649005e-107,8.28129218342812e-107,"Tidak Signifikan","Tidak Signifikan"
"Rv0560c",1121.40069167842,-1.44248510222274,0.0656328077874389,-21.9781105037351,4.66475975303458e-107,9.90637148837697e-107,"Signifikan","Turun"
"Rv0881",1299.21191196557,-1.33156564106918,0.0605895277512333,-21.976828182855,4.7983715927809e-107,1.01846656546612e-106,"Signifikan","Turun"
"Rv3047c",716.755279047905,-1.84866827824063,0.0841590463255019,-21.9663643892843,6.04152912174573e-107,1.28164417251152e-106,"Signifikan","Turun"
"Rv0376c",2309.53928037097,-0.986709860334296,0.0449388769431409,-21.9567093673199,7.47178626355019e-107,1.58421037453253e-106,"Tidak Signifikan","Tidak Signifikan"
"Rv3208A",1212.91931884482,1.47359127991257,0.0671533765216796,21.9436662196254,9.95450697818236e-107,2.10948339649837e-106,"Signifikan","Naik"
"Rv1558",1535.15069991055,1.26568029229355,0.057707703100066,21.9326056020431,1.26946017294474e-106,2.68870715753965e-106,"Signifikan","Naik"
"Rv2382c",2101.03402993958,-1.03671296547883,0.0473084226344523,-21.9139195041316,1.91381916949266e-106,4.05129169977448e-106,"Signifikan","Turun"
"Rv0679c",1020.09840956249,-1.54264828326016,0.0703981721226515,-21.9131866175798,1.94486830582007e-106,4.11482270356704e-106,"Signifikan","Turun"
"Rv0270",6471.58832503912,0.611569338002911,0.0279200087979247,21.9043390146914,2.36182936162149e-106,4.99433746138191e-106,"Tidak Signifikan","Tidak Signifikan"
"Rv1896c",990.899032735958,-1.53556538782012,0.0701154426058587,-21.9005304787424,2.5677392718069e-106,5.42686291489503e-106,"Signifikan","Turun"
"Rv0086",2458.03184637732,-0.957165291851442,0.0437660441671251,-21.8700435478338,5.01096424401723e-106,1.05849281980918e-105,"Tidak Signifikan","Tidak Signifikan"
"Rv3242c",1484.73268889279,-1.28177150311378,0.0586208575617453,-21.8654512476841,5.54147524035066e-106,1.16993253211661e-105,"Signifikan","Turun"
"Rv1991c",476.378578680308,-2.40255254617821,0.110065487671815,-21.8283914149544,1.24733368119189e-105,2.63200676238736e-105,"Signifikan","Turun"
"Rv1257c",4483.53253218404,0.725746558488339,0.0332851496332182,21.803914553055,2.1299882782796e-105,4.49211244015693e-105,"Tidak Signifikan","Tidak Signifikan"
"Rv3261",3363.73765442437,0.839820043434401,0.0385584234464385,21.780455951499,3.55516917343662e-105,7.49381302392299e-105,"Tidak Signifikan","Tidak Signifikan"
"Rv0344c",1147.96796779818,-1.41220858158837,0.0648464069766172,-21.7777460221905,3.77177752518202e-105,7.9461717697276e-105,"Signifikan","Turun"
"Rv3116",2678.93360261866,-0.911502238041964,0.0419198014375757,-21.7439540928961,7.88083510509669e-105,1.6594093875753e-104,"Tidak Signifikan","Tidak Signifikan"
"Rv1294",4201.23994627251,0.776580399227723,0.0357202032048481,21.7406489759925,8.46928509855279e-105,1.78236891172196e-104,"Tidak Signifikan","Tidak Signifikan"
"Rv2364c",1798.38561307243,-1.12816029026626,0.0519656238257781,-21.7097420796597,1.65986460885849e-104,3.49134830505919e-104,"Signifikan","Turun"
"Rv1103c",1769.28287076493,1.15756312880153,0.0533201466445629,21.7096763915141,1.66223838988657e-104,3.49448844339165e-104,"Signifikan","Naik"
"Rv3268",2990.68956300968,0.888903613881343,0.0409534560891722,21.7052160859353,1.83160306609038e-104,3.84850072202359e-104,"Tidak Signifikan","Tidak Signifikan"
"Rv0320",969.030798182786,-1.55224663149662,0.0715365312342508,-21.6986566823277,2.11244134716151e-104,4.43623865759117e-104,"Signifikan","Turun"
"Rv1071c",3666.00740196297,0.809227497707093,0.0373160811188816,21.685757813878,2.79614413480806e-104,5.86609993639802e-104,"Tidak Signifikan","Tidak Signifikan"
"Rv2527",402.120660102326,-2.74337195318064,0.126505711006338,-21.6857557762211,2.79626795556558e-104,5.86609993639802e-104,"Signifikan","Turun"
"Rv1683",9066.5006814475,0.542062746963881,0.0250001534451518,21.6823767963313,3.00931010326565e-104,6.3096898412552e-104,"Tidak Signifikan","Tidak Signifikan"
"Rv2240c",2479.9354097065,1.01235940788273,0.0467047522577113,21.6757258939445,3.47711039556157e-104,7.28668618023916e-104,"Signifikan","Naik"
"Rv1573",513.666877850216,-2.351703218771,0.108585301752382,-21.657656983206,5.1475740710193e-104,1.07816400948963e-103,"Signifikan","Turun"
"Rv1061",1186.44092220898,-1.37978098169276,0.0637124769219532,-21.6563701232801,5.29336559375847e-104,1.10811510873034e-103,"Signifikan","Turun"
"Rv2452c",269.317061031599,-3.89920724972917,0.180099833834721,-21.6502545655178,6.04455328189784e-104,1.26470162812704e-103,"Signifikan","Turun"
"Rv1422",3362.41843495905,0.835933462593122,0.0386394908922162,21.6341738281422,8.56702244049301e-104,1.7915328424584e-103,"Tidak Signifikan","Tidak Signifikan"
"Rv2408",1117.31481595695,-1.44592031183261,0.0668495166876881,-21.6294804132655,9.48454301104636e-104,1.98235943755642e-103,"Signifikan","Turun"
"Rv0378",354.642004601097,-2.88738436220548,0.133511141464343,-21.626542403404,1.01081497151623e-103,2.11158662032906e-103,"Signifikan","Turun"
"Rv0490",6957.33853532406,0.653327180277949,0.030257008409507,21.5925901012959,2.10858254448328e-103,4.40249839682378e-103,"Tidak Signifikan","Tidak Signifikan"
"Rv1082",3435.950787646,0.816216654875283,0.0378031583021813,21.5912291864827,2.17159832764643e-103,4.53168362218485e-103,"Tidak Signifikan","Tidak Signifikan"
"Rv1824",1284.97705487247,1.37131477724367,0.0636115532469438,21.5576370525044,4.48951696537818e-103,9.36378223010265e-103,"Signifikan","Naik"
"Rv0753c",2980.3878059487,-0.885166394636788,0.0411106810913206,-21.5312996802592,7.92789104062045e-103,1.65265074924547e-102,"Tidak Signifikan","Tidak Signifikan"
"Rv0239",907.720049519646,1.68038334731093,0.0781607481889743,21.4990693698089,1.58841181723157e-102,3.30946936920045e-102,"Signifikan","Naik"
"Rv0596c",357.011533138297,-2.87233590060642,0.133735521403574,-21.4777335928468,2.51480444216095e-102,5.23686573336089e-102,"Signifikan","Turun"
"Rv0920c",2408.22278707839,-0.97554182582616,0.0454246036513584,-21.4760668758634,2.60665614777465e-102,5.42529115331692e-102,"Tidak Signifikan","Tidak Signifikan"
"Rv1704c",2810.44892801895,-0.912567886826722,0.0424978504521396,-21.4732716388666,2.7682756750941e-102,5.75865212537928e-102,"Tidak Signifikan","Tidak Signifikan"
"Rv0237",3991.61223802691,0.78871386178978,0.0367643689991977,21.4532136212372,4.26168763541274e-102,8.86064719585029e-102,"Tidak Signifikan","Tidak Signifikan"
"Rv3733c",2000.66187463839,1.21676923135342,0.0567909138173691,21.4254208915596,7.74318539948032e-102,1.6090736762566e-101,"Signifikan","Naik"
"Rv2898c",573.524577429835,-2.07290599358482,0.0968449773334709,-21.4043727476654,1.21646671742641e-101,2.5265567895448e-101,"Signifikan","Turun"
"Rv2609c",3440.41214679896,0.809993464667488,0.0378434193564432,21.4038128277534,1.23116533518164e-101,2.55574719239433e-101,"Tidak Signifikan","Tidak Signifikan"
"Rv2512a",395.924303132878,-2.75232270652648,0.128646160224481,-21.3945189014877,1.50271857881143e-101,3.11782667476201e-101,"Signifikan","Turun"
"Rv3710",7111.07365519055,0.615828428336801,0.0288219580831671,21.3666408978807,2.73087477356177e-101,5.66303200560353e-101,"Tidak Signifikan","Tidak Signifikan"
"Rv0131c",2758.04317713403,-0.924439574063206,0.0432988421834435,-21.3502146349929,3.88152018875463e-101,8.04492716237702e-101,"Tidak Signifikan","Tidak Signifikan"
"Rv3670",1573.09850408329,-1.20007301405884,0.0562448294659668,-21.3365926335503,5.19450954723974e-101,1.07606367487729e-100,"Signifikan","Turun"
"Rv0788",2669.16229329333,1.34027752923716,0.0628748510215829,21.3165917288152,7.96524027683456e-101,1.64917057297509e-100,"Signifikan","Naik"
"Rv0122",757.514190470776,-1.72647934383331,0.0811376280354445,-21.278405416031,1.79959229059336e-100,3.72403892372659e-100,"Signifikan","Turun"
"Rv0915c",1747.32082508148,-1.17135967313631,0.0550794767288346,-21.2667175271673,2.30882445576043e-100,4.7753423441093e-100,"Signifikan","Turun"
"Rv0223c",2733.14199599599,-0.890315662976454,0.0419590467244943,-21.2186818452364,6.41986721434866e-100,1.32712940277859e-99,"Tidak Signifikan","Tidak Signifikan"
"Rv2064",3382.18967347497,0.951160448366224,0.0448515046190962,21.2068793777155,8.250835990821e-100,1.70474304039515e-99,"Tidak Signifikan","Tidak Signifikan"
"Rv3694c",4164.49102904376,0.729235449115149,0.0343951738379635,21.2016794144026,9.21488540420723e-100,1.90293859440344e-99,"Tidak Signifikan","Tidak Signifikan"
"Rv1718",1169.34278558909,-1.35379617862461,0.0639125003463324,-21.1820249761563,1.39888064864186e-99,2.88728383619264e-99,"Signifikan","Turun"
"Rv1626",1985.0559639966,1.0623542069625,0.0501576250699632,21.1803131723374,1.45064871664258e-99,2.99257590167505e-99,"Signifikan","Naik"
"Rv1295",3727.33979196688,0.917226160242322,0.0433076296079828,21.1793203309666,1.48154537533393e-99,3.05472479415265e-99,"Tidak Signifikan","Tidak Signifikan"
"Rv1688",842.738191518247,-1.62982955462204,0.0771000841719065,-21.1391410544777,3.47341690234126e-99,7.1579453774482e-99,"Signifikan","Turun"
"Rv3852",1596.84393056799,1.20703661898831,0.0571042659052654,21.1374159154896,3.60271067249489e-99,7.42053646821767e-99,"Signifikan","Naik"
"Rv2881c",3503.88579483938,0.854398102881847,0.0404255224583902,21.1351159100362,3.78258784224397e-99,7.78698804887485e-99,"Tidak Signifikan","Tidak Signifikan"
"Rv2342",1342.54659892453,1.32918371738988,0.0628983188657384,21.1322614238248,4.01833919832756e-99,8.26802468867501e-99,"Signifikan","Naik"
"Rv0295c",2190.45793304349,1.02728667455881,0.0486500518784966,21.1158392415379,5.6890635598642e-99,1.16995931269991e-98,"Signifikan","Naik"
"Rv2750",2665.74566456895,0.929170205125493,0.0440066082877721,21.1143335348495,5.87325960141692e-99,1.20721351496481e-98,"Tidak Signifikan","Tidak Signifikan"
"RVnc0034",266.024948506177,-3.67221548170191,0.174058803416595,-21.0975567430093,8.37533587641319e-99,1.72060887735531e-98,"Signifikan","Turun"
"Rv1555",430.871561806834,-2.46897460156767,0.117102104250961,-21.0839473582508,1.11670306953831e-98,2.29294051597229e-98,"Signifikan","Turun"
"Rv3689",4432.0452247287,0.714251617865853,0.0339126339286569,21.0615200036791,1.79327914618235e-98,3.68025782354132e-98,"Tidak Signifikan","Tidak Signifikan"
"Rv1620c",2845.49905994395,-0.861545049787734,0.040951632079709,-21.0381126718175,2.93842269583021e-98,6.02726103120912e-98,"Tidak Signifikan","Tidak Signifikan"
"Rvnt14",283.21897971903,-3.37492196303372,0.160461081148638,-21.0326512751555,3.2970033259752e-98,6.75928278767111e-98,"Signifikan","Turun"
"Rv3551",1280.34572099321,-1.28047681998486,0.0608812482921006,-21.0323680263798,3.31674809171022e-98,6.7962498346149e-98,"Signifikan","Turun"
"Rv3309c",1050.61904599532,-1.42941234472837,0.0681231246608504,-20.9827771677337,9.42266932322384e-98,1.92977435236081e-97,"Signifikan","Turun"
"Rv0141c",1769.93114973014,1.21433149634077,0.0578985946095151,20.9734192087144,1.14716029965432e-97,2.34818622741418e-97,"Signifikan","Naik"
"Rv2636",1263.63876880764,-1.30165313147749,0.0621225224616177,-20.9529986854883,1.76180527547313e-97,3.60447732222894e-97,"Signifikan","Turun"
"Rv0225",3502.56308810636,0.783889227039689,0.0374629780067797,20.9243703716728,3.21278871275343e-97,6.56965609458395e-97,"Tidak Signifikan","Tidak Signifikan"
"Rv1982c",548.554842449448,-2.07159172458541,0.0990398520679337,-20.9167489786279,3.76951287192521e-97,7.70409972330104e-97,"Signifikan","Turun"
"Rv2798c",1297.86903174126,1.32438153316732,0.0633572959654254,20.9033784189597,4.98863126011977e-97,1.0190473845981e-96,"Signifikan","Naik"
"Rv0527",3299.05034689098,0.837897472264388,0.0400892667930588,20.9007931372161,5.26627078879758e-97,1.07465515530658e-96,"Tidak Signifikan","Tidak Signifikan"
"Rv2552c",3276.13648125064,0.838127856159658,0.0401002669513207,20.9008049042939,5.26497280367869e-97,1.07465515530658e-96,"Tidak Signifikan","Tidak Signifikan"
"Rv1362c",1005.6754030587,-1.45735115166559,0.0697319802896423,-20.8993226007961,5.43101923093915e-97,1.10770453928718e-96,"Signifikan","Turun"
"Rv0236A",1185.23023499443,1.87272938416563,0.0896507724365745,20.8891606091909,6.71899156484798e-97,1.36969370697595e-96,"Signifikan","Naik"
"Rv1123c",3060.9595946103,0.891661899011825,0.0427206235680199,20.8719308039153,9.63620378991647e-97,1.96337033562397e-96,"Tidak Signifikan","Tidak Signifikan"
"Rv2671",1248.93284270918,-1.29227920125465,0.0619154331763664,-20.8716815010175,9.68659068361739e-97,1.97262347237732e-96,"Signifikan","Turun"
"Rv3324c",603.1041177572,-1.92106934304122,0.0921947842063394,-20.8370718536714,1.99685231096345e-96,4.06439872631708e-96,"Signifikan","Turun"
"Rv2175c",1406.81934384944,1.36946470684544,0.0657421913611848,20.830834483774,2.27463406650279e-96,4.62742222657261e-96,"Signifikan","Naik"
"Rv0258c",797.833670717113,-1.66050391161912,0.0797230113760445,-20.828414318003,2.39251710249495e-96,4.86474389830726e-96,"Signifikan","Turun"
"Rv3878",3999.74475489885,0.728365169039253,0.0349973620650316,20.8120019927735,3.36975052288469e-96,6.84825836285018e-96,"Tidak Signifikan","Tidak Signifikan"
"Rv3782",3098.10070429047,0.830211777932602,0.0398943357123403,20.8102669992773,3.49393596256661e-96,7.09700151741e-96,"Tidak Signifikan","Tidak Signifikan"
"Rv0861c",3182.31066165082,-0.828983060722433,0.03985126614557,-20.8019252812269,4.15780198983497e-96,8.44114661907641e-96,"Tidak Signifikan","Tidak Signifikan"
"Rv0561c",2205.23707308038,-0.968823544857834,0.0466169681291448,-20.7826373901851,6.21489747092414e-96,1.26109965560901e-95,"Tidak Signifikan","Tidak Signifikan"
"Rv2224c",6243.67913343281,0.623966329216755,0.0300324462901222,20.7764070628499,7.07601510033459e-96,1.43509979054332e-95,"Tidak Signifikan","Tidak Signifikan"
"Rv2381c",6309.50264573268,-0.591455946157042,0.0284695898071728,-20.7750076542384,7.28524932488165e-96,1.47677997300999e-95,"Tidak Signifikan","Tidak Signifikan"
"Rv0060",2413.15226136516,-0.952210342363757,0.045859013269094,-20.7638646033731,9.18728625534549e-96,1.86138736337873e-95,"Tidak Signifikan","Tidak Signifikan"
"Rv0768",2827.01193081998,-0.877175349326653,0.0422646543980229,-20.7543480911011,1.11990753010232e-95,2.26782704028378e-95,"Tidak Signifikan","Tidak Signifikan"
"Rv2325c",3812.4331132204,0.769654350849676,0.0370876292215355,20.7523200324372,1.16816293275651e-95,2.36433793583933e-95,"Tidak Signifikan","Tidak Signifikan"
"Rv0121c",957.501617349432,-1.52496671948912,0.0734981277916035,-20.7483750308989,1.26805187898902e-95,2.56520234775597e-95,"Signifikan","Turun"
"Rv2928",1472.83454910307,-1.17048990569323,0.0565207731219208,-20.7090214984916,2.8723170475401e-95,5.8075849783851e-95,"Signifikan","Turun"
"Rv2394",6133.32081328864,0.590514350342057,0.0285591547270077,20.6768847322929,5.59385958344846e-95,1.13045547465818e-94,"Tidak Signifikan","Tidak Signifikan"
"Rv1485",1405.53757098335,-1.21489684853392,0.0587714618440544,-20.6715438141994,6.24852802826526e-95,1.26211357882527e-94,"Signifikan","Turun"
"Rv0846c",4441.59974408374,-0.706798093793732,0.0342148978842591,-20.6576122537224,8.3386955383185e-95,1.68344046821931e-94,"Tidak Signifikan","Tidak Signifikan"
"Rv1947",696.464577970792,-1.76201365602911,0.0853124451239357,-20.6536532093223,9.05098998046196e-95,1.82631115221224e-94,"Signifikan","Turun"
"Rv2088",3587.4509068723,-0.753686141509409,0.0365228271285119,-20.636029594791,1.30339900726019e-94,2.62866490177996e-94,"Tidak Signifikan","Tidak Signifikan"
"Rv1007c",2685.23467384808,-0.862584693544737,0.0418013904456439,-20.6353110350813,1.32291560718288e-94,2.66666982403176e-94,"Tidak Signifikan","Tidak Signifikan"
"Rv1913",1161.76284330851,-1.3193197513462,0.0639390591533426,-20.634018842569,1.35874894813328e-94,2.73750994273474e-94,"Signifikan","Turun"
"Rv1647",2908.99547941547,0.882153576417172,0.0427533083354941,20.6335745878361,1.3712907884631e-94,2.76137591768178e-94,"Tidak Signifikan","Tidak Signifikan"
"Rv2803",679.165239669272,-1.77635979478491,0.0861051266013073,-20.6301281340656,1.47259399636537e-94,2.96386625245125e-94,"Signifikan","Turun"
"Rv3218",1966.74439108565,-1.06586052519614,0.051687011589708,-20.6214383926267,1.76240180315419e-94,3.54535900259264e-94,"Signifikan","Turun"
"Rv1761c",441.070741277246,-2.31610561475484,0.112383456600638,-20.6089551328295,2.281025486576e-94,4.58632950088546e-94,"Signifikan","Turun"
"Rv3840",620.801865382389,-1.87278835028219,0.090922295546753,-20.5976800191894,2.87909083697626e-94,5.78589328788492e-94,"Signifikan","Turun"
"Rv0293c",3509.69741627767,-0.760067438517246,0.0369179413573891,-20.5880233450536,3.51415735518848e-94,7.05856315343428e-94,"Tidak Signifikan","Tidak Signifikan"
"Rv3584",2118.2291670729,1.02461984007863,0.0497897092134576,20.578948065069,4.23777983373283e-94,8.50772904879461e-94,"Signifikan","Naik"
"Rv0044c",1579.30557766082,-1.12270341385533,0.0546164631998898,-20.5561354228736,6.78248431625208e-94,1.36095676694851e-93,"Signifikan","Turun"
"Rv1275",2105.8406523899,0.992860038401425,0.0483460091483213,20.5365459505751,1.01531539307271e-93,2.03627713059627e-93,"Tidak Signifikan","Tidak Signifikan"
"Rvnt28",236.017701474978,-4.14976975764997,0.202080786026137,-20.5352019816136,1.04379594117194e-93,2.09233880678578e-93,"Signifikan","Turun"
"Rv1686c",791.547622352185,-1.70035213707476,0.0828085133827591,-20.5335425986379,1.08006241452598e-93,2.16394323152755e-93,"Signifikan","Turun"
"Rv1743",6080.46840957016,0.612850577249867,0.0298482286279619,20.5322260455934,1.10972837778305e-93,2.22225768534345e-93,"Tidak Signifikan","Tidak Signifikan"
"Rv3105c",3791.05959878806,0.739472046661156,0.0360323969930995,20.52242171962,1.35777487434045e-93,2.71760490742108e-93,"Tidak Signifikan","Tidak Signifikan"
"Rv0776c",1252.81245610963,-1.27059707170687,0.0619396377888749,-20.5134727464468,1.63214630951434e-93,3.265115688272e-93,"Signifikan","Turun"
"Rv3882c",4076.41871771287,0.743650298150073,0.0363047892359933,20.4835316166167,3.01952035807802e-93,6.03751878049168e-93,"Tidak Signifikan","Tidak Signifikan"
"Rv0589",2627.11223878443,-0.884082750634237,0.0431723545869624,-20.4779831698413,3.38381585171945e-93,6.76251762406603e-93,"Tidak Signifikan","Tidak Signifikan"
"Rv1982A",371.329317100657,-2.56795778435445,0.125467195083771,-20.4671650038873,4.22494252553782e-93,8.4392482370637e-93,"Signifikan","Turun"
"Rv2422",720.344321438378,-1.77802141933932,0.0868758758630308,-20.4662272659277,4.30700883215234e-93,8.59884450787536e-93,"Signifikan","Turun"
"Rv2866",325.875495628008,-2.90869565122254,0.142164654682072,-20.4600479474126,4.88902281220849e-93,9.75591222134361e-93,"Signifikan","Turun"
"Rv3559c",1187.70014451158,-1.29902465549632,0.0634946655684689,-20.4587998671405,5.01577611232492e-93,1.00038128896898e-92,"Signifikan","Turun"
"Rv1426c",2067.21208064652,-0.97639736551333,0.0477357305478307,-20.4542248397139,5.50909224557497e-93,1.09821954463296e-92,"Tidak Signifikan","Tidak Signifikan"
"Rv3836",724.067783772164,-1.68850364858215,0.082778165467014,-20.3979351204032,1.74426942906173e-92,3.47539770220385e-92,"Signifikan","Turun"
"Rv3749c",976.090082065081,-1.45052669101804,0.0711938518641061,-20.374325212615,2.8258327065076e-92,5.62754937084119e-92,"Signifikan","Turun"
"Rv1463",4226.54184084286,0.703334120086378,0.0345212594203033,20.3739415043681,2.84806424424525e-92,5.66897684742645e-92,"Tidak Signifikan","Tidak Signifikan"
"Rv1742",1195.22837741303,-1.28732203227306,0.063194002928841,-20.3709525051394,3.02732320520641e-92,6.02276386913431e-92,"Signifikan","Turun"
"Rv0544c",862.972867816433,1.76767054140568,0.0868956574452115,20.3424497078028,5.41566248213643e-92,1.07688887552056e-91,"Signifikan","Naik"
"Rv1514c",1270.70420836276,-1.2583423938658,0.061894719101292,-20.3303676329234,6.92814775978322e-92,1.37695201217736e-91,"Signifikan","Turun"
"Rv2701c",1756.93199003787,-1.09723840646363,0.0539756057114057,-20.3284130303288,7.20967637653226e-92,1.43218759067118e-91,"Signifikan","Turun"
"Rv0762c",1048.63406236415,-1.37981718740796,0.0679141773932847,-20.317071344582,9.08362760258904e-92,1.80354107604959e-91,"Signifikan","Turun"
"Rv2163c",6506.90397948491,0.594211616856508,0.0292863873654268,20.2896864485917,1.58603433901318e-91,3.14747284785657e-91,"Tidak Signifikan","Tidak Signifikan"
"Rv1146",2522.6892806258,-0.956015849693179,0.0471361261597149,-20.282019919368,1.85360978060222e-91,3.6766349998245e-91,"Tidak Signifikan","Tidak Signifikan"
"Rv3432c",2634.67258032634,-0.85858381277213,0.0423378370107087,-20.2793499477775,1.95700421401777e-91,3.87977796951949e-91,"Tidak Signifikan","Tidak Signifikan"
"Rv0918",871.120699681326,-1.60013293497925,0.0789069254083216,-20.2787388647954,1.98146606891563e-91,3.92631163605808e-91,"Signifikan","Turun"
"Rv0780",1497.37160682452,-1.17370226101935,0.0579198126484856,-20.2642620435002,2.65917150869582e-91,5.26656683724229e-91,"Signifikan","Turun"
"Rv1645c",1672.32228082523,-1.07704627132205,0.0532300559266425,-20.2337993558818,4.93499500376326e-91,9.76902454088267e-91,"Signifikan","Turun"
"Rv2647",487.219919991309,-2.12861691534631,0.105357667923952,-20.2037208804086,9.07915931758908e-91,1.79636034976937e-90,"Signifikan","Turun"
"Rv0793",461.60335753122,-2.17898856104058,0.107900559352202,-20.1944139504232,1.09619637235048e-90,2.1678020982624e-90,"Signifikan","Turun"
"Rv1452c",2072.0782701339,-1.21558373562552,0.0602752384201568,-20.1672157172092,1.90041073936214e-90,3.75631758995994e-90,"Signifikan","Turun"
"Rv0196",3620.39371628467,0.749954040009448,0.0371894266709586,20.1657865458596,1.95611810630377e-90,3.8645022548342e-90,"Tidak Signifikan","Tidak Signifikan"
"Rvnt18",286.949672207079,-3.0674705586611,0.152113727072424,-20.1656393390494,1.96194778178848e-90,3.87409002008706e-90,"Signifikan","Turun"
"Rvnt06",580.196522336569,2.04096615765774,0.101237673478753,20.1601448109738,2.19239489376032e-90,4.32698036992398e-90,"Signifikan","Naik"
"Rv2909c",1822.94999094254,1.0638222700668,0.052775423753607,20.1575315630525,2.3112847752745e-90,4.5593568888682e-90,"Signifikan","Naik"
"Rv3038c",3486.09632646789,0.758810956977147,0.0376636622380643,20.1470306360772,2.85747888007003e-90,5.63400532665895e-90,"Tidak Signifikan","Tidak Signifikan"
"Rv2864c",3687.65971653298,-0.762751436574258,0.037884381242514,-20.1336648919132,3.74263855632347e-90,7.37558229157239e-90,"Tidak Signifikan","Tidak Signifikan"
"Rv3012c",356.929235911744,-2.62460071016019,0.130389998978541,-20.1288498406395,4.12457057863421e-90,8.12421622911713e-90,"Signifikan","Turun"
"Rv0777",4912.05610629284,0.651251263708246,0.0323721053994101,20.1176678400446,5.16824498113329e-90,1.01749021539234e-89,"Tidak Signifikan","Tidak Signifikan"
"Rv1493",5080.88342790225,-0.63029393197038,0.0313420502025037,-20.110169178404,6.01184462229667e-90,1.18298549685768e-89,"Tidak Signifikan","Tidak Signifikan"
"Rv1191",2768.89769009704,0.843152712438456,0.0419688494627759,20.0899648961377,9.03259159264114e-90,1.77651417193889e-89,"Tidak Signifikan","Tidak Signifikan"
"Rv1850",2928.15222400914,-0.800937488674299,0.03992491379134,-20.0610950059967,1.61488474706238e-89,3.17455291952254e-89,"Tidak Signifikan","Tidak Signifikan"
"Rv0057",827.299176767507,-1.71350080051073,0.0854507021482124,-20.0525069710802,1.91925709242017e-89,3.77102173632037e-89,"Signifikan","Turun"
"Rv3764c",4609.36107741752,0.659148337584272,0.0328761690220419,20.0494265965826,2.04184852893611e-89,4.00990748232156e-89,"Tidak Signifikan","Tidak Signifikan"
"Rv3122",1835.6034436844,1.03851210995472,0.0518016429395659,20.0478604735817,2.10714070671488e-89,4.13608470239383e-89,"Signifikan","Naik"
"Rv1661",13917.1738920921,-0.417402747394021,0.0208224331747594,-20.045820000517,2.19534286186097e-89,4.30708463551061e-89,"Tidak Signifikan","Tidak Signifikan"
"Rv2865",556.241508366098,-1.97421705928021,0.0984908978344942,-20.0446650674026,2.246888753469e-89,4.40603444637247e-89,"Signifikan","Turun"
"Rv1227c",906.984519696192,-1.49703792564175,0.0747950866975856,-20.0151907262924,4.06079870576307e-89,7.95908521035677e-89,"Signifikan","Turun"
"Rv2925c",4340.14123114398,0.674904496497477,0.0337418417940411,20.0020052437288,5.29021262476368e-89,1.0363591843179e-88,"Tidak Signifikan","Tidak Signifikan"
"Rv2983",1051.89634611971,-1.3877480534948,0.0694573943878685,-19.9798461448934,8.247765505593e-89,1.61494993882959e-88,"Signifikan","Turun"
"Rv2271",575.73896729287,-1.89795329093049,0.0950086333747323,-19.9766402643074,8.79470514456441e-89,1.72119365113404e-88,"Signifikan","Turun"
"Rv2538c",3092.71656763567,0.791569786482444,0.0396340879527624,19.9719440352928,9.66187426010857e-89,1.88997313559422e-88,"Tidak Signifikan","Tidak Signifikan"
"Rv2862A",249.963028050572,-5.57254086852132,0.279177410296477,-19.960572249035,1.21315124288454e-88,2.37189304116459e-88,"Signifikan","Turun"
"Rv1694",2784.35595719686,0.852171949519029,0.0426929703438356,19.9604745852984,1.21552440783327e-88,2.37536222949488e-88,"Tidak Signifikan","Tidak Signifikan"
"Rv1963c",2037.2692668409,-0.968027503082314,0.0485047298155815,-19.9573836770728,1.29307216305208e-88,2.52566089159409e-88,"Tidak Signifikan","Tidak Signifikan"
"Rv2669",473.274103684167,-2.12011710631242,0.1065669892727,-19.8946889724653,4.52405443587197e-88,8.83214761176383e-88,"Signifikan","Turun"
"Rv2982c",3311.68545896333,0.761264458428075,0.0382934460877533,19.8797584496199,6.09264465288491e-88,1.18885987889791e-87,"Tidak Signifikan","Tidak Signifikan"
"Rv2661c",249.950575734396,-3.62989478685182,0.182608735091776,-19.8779909681073,6.31107647777946e-88,1.23087710852267e-87,"Signifikan","Turun"
"Rv3281",1850.01306644312,1.17154564960622,0.0589456476170991,19.8750153228679,6.69660472768274e-88,1.3054265825414e-87,"Signifikan","Naik"
"Rv3266c",3677.84513045132,0.729097001132489,0.0366867410294049,19.8735832258338,6.89043531238467e-88,1.34255190983448e-87,"Tidak Signifikan","Tidak Signifikan"
"Rv1216c",1045.04191225833,-1.35009595674992,0.067945797878966,-19.8701906357018,7.37223782628494e-88,1.43572250647385e-87,"Signifikan","Turun"
"Rv1660",3416.54313569605,0.749666304868176,0.0377311211087047,19.8686464340235,7.6025294795945e-88,1.47984467348142e-87,"Tidak Signifikan","Tidak Signifikan"
"Rv0899",1762.48495150606,-1.02583820535279,0.0516465304166422,-19.8626741637273,8.56276574782505e-88,1.66593877987356e-87,"Signifikan","Turun"
"Rv0348",1047.51427939167,-1.33987955476015,0.0674683116996279,-19.8593905939926,9.14130197724686e-88,1.77762475214403e-87,"Signifikan","Turun"
"Rv2924c",1661.37407847084,-1.08429595977004,0.0546261348974639,-19.8493992263102,1.11526383574181e-87,2.16768820989111e-87,"Signifikan","Turun"
"Rv3555c",1972.14042288976,-1.00866671098061,0.0508518535035238,-19.8353971681821,1.47348086583086e-87,2.8625360405245e-87,"Signifikan","Turun"
"Rv0003",2554.36041436302,-0.858931203519917,0.0433031908568467,-19.8352866503395,1.4767227001225e-87,2.86742973636122e-87,"Tidak Signifikan","Tidak Signifikan"
"Rv2576c",4486.59966050728,0.7452181044115,0.0376045438748152,19.8172355684546,2.11407336674559e-87,4.10299855473569e-87,"Tidak Signifikan","Tidak Signifikan"
"Rv2901c",1641.996934847,1.1775895867636,0.0594229984095841,19.817067773101,2.12113270877842e-87,4.11468628641761e-87,"Signifikan","Naik"
"Rv1153c",1149.966404128,-1.56283053923536,0.0788631637903305,-19.8169901399134,2.12440677674072e-87,4.11902330563559e-87,"Signifikan","Turun"
"Rv2912c",776.528594857616,-1.56972786652538,0.0792492789605996,-19.807471905275,2.56651274267731e-87,4.97379386917483e-87,"Signifikan","Turun"
"Rv2451",2145.70998745056,0.943138881128768,0.0476838355051794,19.7790062635864,4.51500466383751e-87,8.74561694406415e-87,"Tidak Signifikan","Tidak Signifikan"
"Rv3643",286.302638099467,-2.97989551079433,0.150669873978058,-19.7776465335618,4.63839223669093e-87,8.98023523814198e-87,"Signifikan","Turun"
"Rv1159",2496.19731323408,-0.870189314674224,0.0440873835580232,-19.7378307453644,1.02066834704845e-86,1.97511772328838e-86,"Tidak Signifikan","Tidak Signifikan"
"Rv3870",9371.47019985106,0.485112451644979,0.0245814140670044,19.7349286059236,1.08099474833247e-86,2.09083674628713e-86,"Tidak Signifikan","Tidak Signifikan"
"Rv1852",922.732125494644,-1.50174278960033,0.0761197218145384,-19.7286951896546,1.22286025053399e-86,2.3640772972068e-86,"Signifikan","Turun"
"Rv3143",1618.14982740869,1.12135865896237,0.0568528626993512,19.7238732707679,1.3452156378124e-86,2.59935237954301e-86,"Signifikan","Naik"
"Rv1134",442.214824362266,-2.3663958130381,0.120085299678272,-19.7059575100205,1.91681730599272e-86,3.70205172973374e-86,"Signifikan","Turun"
"Rv0480c",2423.08380922569,0.902028624085461,0.0457848835740526,19.701450646402,2.09529767779178e-86,4.04479118627737e-86,"Tidak Signifikan","Tidak Signifikan"
"Rv0459",1348.26581654564,1.27137187810075,0.0645420216389058,19.698358461929,2.22724977067093e-86,4.29742210128969e-86,"Signifikan","Naik"
"Rv1290A",374.516548193354,-2.58606342107414,0.131286544820443,-19.697855744555,2.24947197195967e-86,4.3381892624035e-86,"Signifikan","Turun"
"Rv0364",2104.03920059387,0.964906477156058,0.0490135873897475,19.6865099769843,2.81423836302899e-86,5.42472477460447e-86,"Tidak Signifikan","Tidak Signifikan"
"Rv0717",890.256403611485,1.53124587283453,0.0778248456488034,19.6755401192123,3.49433906034853e-86,6.73241527557194e-86,"Signifikan","Naik"
"Rv2264c",3561.27101051882,-0.725103408265534,0.0368736517797956,-19.6645402141278,4.34084569548542e-86,8.35928877378187e-86,"Tidak Signifikan","Tidak Signifikan"
"Rv3022A",425.235023948388,-2.24303680198613,0.114079652439858,-19.6620234547844,4.5616494394263e-86,8.78023451053088e-86,"Signifikan","Turun"
"Rv0387c",1667.42009041542,-1.0472843030703,0.0533149478499822,-19.6433522924407,6.59009656979606e-86,1.26784253600296e-85,"Signifikan","Turun"
"Rv0349",1322.37244402762,-1.27004372279209,0.0646784634082522,-19.6362692597618,7.57638538988459e-86,1.4568841900956e-85,"Signifikan","Turun"
"Rv0323c",1036.15810145029,-1.33088004396123,0.0678369767702283,-19.6187994708119,1.06846764853481e-85,2.05359067913644e-85,"Signifikan","Turun"
"Rv3692",3519.30086244917,0.894134036453901,0.0455841463912976,19.6150220468886,1.15087034448561e-85,2.21089717025395e-85,"Tidak Signifikan","Tidak Signifikan"
"Rv0443",2994.61050153088,0.838057136373662,0.0427289885263965,19.6133155797952,1.19014597337048e-85,2.2852415664863e-85,"Tidak Signifikan","Tidak Signifikan"
"Rv3076",735.415071961547,-1.61718828730986,0.0825188552617629,-19.5978032193962,1.61444561896124e-85,3.09845465429087e-85,"Signifikan","Turun"
"Rv2499c",703.602382067159,-1.68983605515553,0.0862298108864225,-19.5968892635204,1.64369890894794e-85,3.15307232678747e-85,"Signifikan","Turun"
"Rv2651c",869.7690321646,-1.47571671909779,0.0753257062285076,-19.5911434885332,1.84010691678362e-85,3.5281315316001e-85,"Signifikan","Turun"
"Rv0456c",1750.24383577268,-1.01230138838855,0.0516819553197549,-19.5871340804633,1.99086287432432e-85,3.81533962436936e-85,"Signifikan","Turun"
"Rv3847",3101.40586835794,0.828239356412507,0.0423034912919606,19.5785106883107,2.35814806919224e-85,4.5170320572118e-85,"Tidak Signifikan","Tidak Signifikan"
"Rv0299",1095.77391895096,1.45456183787784,0.0743419344141913,19.5658325188828,3.02424153754523e-85,5.79013811749128e-85,"Signifikan","Naik"
"Rv3785",3763.96006632883,0.709176282403716,0.0362883537473578,19.5428066905723,4.74972245686697e-85,9.08931451345455e-85,"Tidak Signifikan","Tidak Signifikan"
"Rv1121",5246.13424523102,0.662861146325363,0.0339546570636537,19.5219508500033,7.14571299447513e-85,1.36678126562598e-84,"Tidak Signifikan","Tidak Signifikan"
"Rv3862c",507.490323809213,-2.16664486582349,0.111146777375822,-19.4935464345258,1.24543168506221e-84,2.38102529862255e-84,"Signifikan","Turun"
"Rv3386",1250.05088911513,-1.24085878658518,0.0636835929337423,-19.4847484166949,1.47904580969763e-84,2.82628840417654e-84,"Signifikan","Turun"
"Rv0328",2753.88736158322,-0.831147090690621,0.0426790278509019,-19.4743679165845,1.81146304681433e-84,3.4598333686627e-84,"Tidak Signifikan","Tidak Signifikan"
"Rv2545",333.127702225791,-2.66584436764224,0.136932879796964,-19.4682560652708,2.04102646687788e-84,3.896415781571e-84,"Signifikan","Turun"
"Rv3085",1491.84263334475,-1.09441592415969,0.0562485075935043,-19.4567993175711,2.55235307860076e-84,4.87021869302993e-84,"Signifikan","Turun"
"Rv3921c",3832.72896960573,0.699740271191012,0.0360050133202326,19.434523325056,3.94057513559895e-84,7.51551036678897e-84,"Tidak Signifikan","Tidak Signifikan"
"Rv2992c",4521.1151616511,0.635616946984743,0.0327191934655315,19.4264246658263,4.6140320057032e-84,8.79570637511994e-84,"Tidak Signifikan","Tidak Signifikan"
"Rv3526",4666.21029422728,0.626662400159996,0.0322642728422594,19.4227963302864,4.95187807843619e-84,9.43520669411928e-84,"Tidak Signifikan","Tidak Signifikan"
"Rv3064c",1559.97643262446,-1.09402947358516,0.0563810405100541,-19.4042086433305,7.11049220382619e-84,1.35416815038783e-83,"Signifikan","Turun"
"Rv3786c",2178.28099415399,-0.899844162897561,0.0463788698769351,-19.4020286670475,7.41853478726182e-84,1.41215583018559e-83,"Tidak Signifikan","Tidak Signifikan"
"Rv2699c",1548.36908668904,1.15304315657908,0.0594624136314892,19.391126026685,9.17070916484945e-84,1.74485387323539e-83,"Signifikan","Naik"
"Rv2826c",1730.69496773523,-1.00366035057615,0.0518136635734554,-19.3705729600317,1.36727584709522e-83,2.60018374181531e-83,"Signifikan","Turun"
"Rv2269c",492.349024167801,-2.03881680156614,0.105300508838892,-19.3618893588207,1.61839510916249e-83,3.07626899762702e-83,"Signifikan","Turun"
"Rv1401",2214.71063122879,0.918037462805559,0.0474279633652516,19.3564597268405,1.79827373581981e-83,3.41654784961551e-83,"Tidak Signifikan","Tidak Signifikan"
"Rv0603",371.539839074108,-2.4130056272389,0.124692339778145,-19.3516749427604,1.9732424892579e-83,3.74717709664246e-83,"Signifikan","Turun"
"Rv3357",337.930656205462,-2.53257818290417,0.131010899045048,-19.3310495643065,2.9436838295503e-83,5.5873654314957e-83,"Signifikan","Turun"
"Rv2991",820.570147582552,-1.4851568316037,0.0768535608948935,-19.3245025254566,3.34189646072237e-83,6.34017372533985e-83,"Signifikan","Turun"
"Rv0665",358.306968607538,-2.44416183778675,0.126524029094578,-19.3177679787585,3.80761973233169e-83,7.2202808213001e-83,"Signifikan","Turun"
"Rv1291c",604.365993027453,-2.36638282375245,0.122594348905047,-19.3025440804395,5.11288752923458e-83,9.6907906490557e-83,"Signifikan","Turun"
"Rv2112c",5154.16083543974,0.61407187502217,0.031832119764929,19.2909513898827,6.39849699746658e-83,1.21216989441022e-82,"Tidak Signifikan","Tidak Signifikan"
"Rv1058",3338.96485747728,-0.731468642191498,0.0379519229966053,-19.2735593992675,8.95594094131058e-83,1.69585764745485e-82,"Tidak Signifikan","Tidak Signifikan"
"Rv3636",2480.51568306041,-0.928866837980892,0.048194489955371,-19.2732994755426,9.00104012799156e-83,1.70358426468237e-82,"Tidak Signifikan","Tidak Signifikan"
"Rv2076c",526.849592476365,-1.90376256784577,0.0988084240242788,-19.2672091134455,1.01250984558032e-82,1.91541562108589e-82,"Signifikan","Turun"
"Rv1851",890.968915748282,-1.42001732697139,0.0737202099651168,-19.2622528834809,1.11423557021154e-82,2.10685057532372e-82,"Signifikan","Turun"
"Rv1622c",2019.10280028172,-0.937760215591998,0.0487314801552322,-19.2434174501739,1.60284020954884e-82,3.02928399775143e-82,"Tidak Signifikan","Tidak Signifikan"
"Rv1635c",3365.15529330127,-0.74960082121636,0.0389940121042649,-19.2234853703185,2.35412867827997e-82,4.44706117463649e-82,"Tidak Signifikan","Tidak Signifikan"
"Rv0192",3697.55914387324,0.699422734964,0.0364071372742105,19.2111434001554,2.98616212204204e-82,5.63831753362246e-82,"Tidak Signifikan","Tidak Signifikan"
"Rv2104c",789.956073412379,1.72785408055506,0.0900089779844351,19.1964637222506,3.9616276645304e-82,7.4765827522322e-82,"Signifikan","Naik"
"Rv3674c",2754.10114286498,0.803656987370531,0.0419086801670036,19.1763850392808,5.82951609578781e-82,1.09965241806896e-81,"Tidak Signifikan","Tidak Signifikan"
"Rv1709",1107.47772229085,-1.25553181074774,0.0654918331946089,-19.1708148864444,6.4884445215426e-82,1.22336784301138e-81,"Signifikan","Turun"
"Rv0749",756.514848294166,-1.56621508759418,0.0817873019387245,-19.1498564015181,9.70539971929015e-82,1.82904136277549e-81,"Signifikan","Turun"
"Rv3030",1479.85392399328,-1.12204511167531,0.0586014435256981,-19.1470558431426,1.02415629504154e-81,1.92916810181851e-81,"Signifikan","Turun"
"Rv3766",1495.98156532459,-1.10557414751907,0.0577856113180438,-19.1323431958546,1.35829379879155e-81,2.55735714276511e-81,"Signifikan","Turun"
"Rv0340",2781.16996070896,0.803620634559175,0.0420304421325268,19.1199662384056,1.72218974215367e-81,3.24095194835085e-81,"Tidak Signifikan","Tidak Signifikan"
"Rv3308",2680.32864453445,-0.799769652195521,0.0418354765228572,-19.1170202581189,1.82225099993267e-81,3.42762907384205e-81,"Tidak Signifikan","Tidak Signifikan"
"Rv2617c",811.551791322793,-1.47824010236746,0.0774035270572336,-19.0978390593806,2.63155359192279e-81,4.94757018917427e-81,"Signifikan","Turun"
"Rv1567c",846.068805237924,-1.46117775936661,0.0766157156093488,-19.0715148680059,4.35504500517221e-81,8.1840187283364e-81,"Signifikan","Turun"
"Rv2308a",460.823891877158,-2.03499731357978,0.10672686336394,-19.06733927559,4.71702771233727e-81,8.86006104869411e-81,"Signifikan","Turun"
"Rv1352",1759.14360916313,1.02161300185357,0.0536027690608579,19.0589594484135,5.53649690017728e-81,1.03943602475169e-80,"Signifikan","Naik"
"Rv1776c",914.00124207902,-1.37540874165754,0.0722904518566775,-19.0261466947864,1.03596072672576e-80,1.94401901746504e-80,"Signifikan","Turun"
"Rv1989c",1088.56098115795,-1.29444607674485,0.0680605640172615,-19.0190324666801,1.1865289847449e-80,2.22551323048842e-80,"Signifikan","Turun"
"Rv2402",4163.4447594772,-0.661469251019672,0.0347945069637605,-19.0107378647041,1.38983768296109e-80,2.60561724400126e-80,"Tidak Signifikan","Tidak Signifikan"
"Rv3772",1962.62145221763,-0.928268229289379,0.0488300851568252,-19.0101701913504,1.40495938061205e-80,2.63272265606425e-80,"Tidak Signifikan","Tidak Signifikan"
"Rv0836c",1343.67148341428,-1.13767378938887,0.0598555567266548,-19.0069870134922,1.49284340066132e-80,2.79608582172968e-80,"Signifikan","Turun"
"Rv1429",2673.11448418616,-0.81422092916049,0.0429117101991401,-18.974329510102,2.7803598602307e-80,5.20513806773724e-80,"Tidak Signifikan","Tidak Signifikan"
"Rv1577c",1067.48735658402,-1.30284603295767,0.0686878672756285,-18.9676297231599,3.1582974820702e-80,5.90988967517571e-80,"Signifikan","Turun"
"Rv2473",1048.92487246975,-1.40019756931667,0.0738227057274011,-18.9670312882741,3.19445086874321e-80,5.97472258194452e-80,"Signifikan","Turun"
"Rv3481c",1331.07797035717,-1.13000887379231,0.0595981293834544,-18.960475529724,3.61857677552571e-80,6.76479456574481e-80,"Signifikan","Turun"
"Rv3457c",3337.72711060034,0.74469508039564,0.0392765019306675,18.9603208989998,3.62923093941653e-80,6.7815163149625e-80,"Tidak Signifikan","Tidak Signifikan"
"Rv2717c",724.761188228913,-1.55778436224122,0.082180102040456,-18.9557365294381,3.95971424649157e-80,7.39556799238797e-80,"Signifikan","Turun"
"Rv2987c",1278.66497946375,-1.14805084320416,0.0606576355287383,-18.9267325242218,6.86932859215513e-80,1.28238242470962e-79,"Signifikan","Turun"
"Rv1748",1491.55859137757,-1.18188690489893,0.0624729636376432,-18.9183742227139,8.04995140749163e-80,1.50207701004324e-79,"Signifikan","Turun"
"Rvnt22",255.386647392337,-3.10132798631545,0.164033686781431,-18.9066529392091,1.00539071891303e-79,1.87512222939726e-79,"Signifikan","Turun"
"Rv2848c",3138.90990383396,-0.761807073045954,0.04032328251751,-18.8924865607145,1.31503084418695e-79,2.45146962353836e-79,"Tidak Signifikan","Tidak Signifikan"
"Rv1305",1014.51097566822,1.56749050489471,0.0829782068969985,18.8903877718211,1.36836930537102e-79,2.54970457229066e-79,"Signifikan","Naik"
"Rv2081c",2051.50954010124,1.08905532683742,0.0576741088720548,18.8829155428028,1.57639181963979e-79,2.93593725282208e-79,"Signifikan","Naik"
"Rv0059",1558.55614035721,-1.03982641487246,0.0550692902935864,-18.882146643418,1.59951080955603e-79,2.97759708189055e-79,"Signifikan","Turun"
"Rv0873",7189.03497210004,0.51605475113498,0.0273444090361595,18.872404609387,1.92343781860954e-79,3.57892956211259e-79,"Tidak Signifikan","Tidak Signifikan"
"Rv0415",3961.06471538069,0.661207631694814,0.0350643861138747,18.8569572998507,2.57625550791472e-79,4.79137627749541e-79,"Tidak Signifikan","Tidak Signifikan"
"Rv3434c",1135.06528029687,-1.21115740361308,0.0643261817367496,-18.8283739359762,4.42129341474545e-79,8.21896484362473e-79,"Signifikan","Turun"
"Rv3238c",1564.2785549496,-1.02610308239231,0.0545663999393193,-18.8046688719319,6.91526930153478e-79,1.28491209925941e-78,"Signifikan","Turun"
"Rv1399c",1390.16033054862,-1.15188625503709,0.0612575724626409,-18.8039814300442,7.00549711789401e-79,1.30106774656767e-78,"Signifikan","Turun"
"Rv0649",560.184457032831,-1.78322662224208,0.0951466136261888,-18.741882178256,2.25507780379071e-78,4.18619262874953e-78,"Signifikan","Turun"
"Rv0296c",2859.7868830805,-0.766008848847886,0.0408806888276274,-18.7376698097664,2.44085121474063e-78,4.52893207150424e-78,"Tidak Signifikan","Tidak Signifikan"
"Rv3628",1792.71962234734,0.989580130584432,0.0528227055928548,18.7339917461231,2.61549565831374e-78,4.85071120922422e-78,"Tidak Signifikan","Tidak Signifikan"
"Rv2363",2189.21627216943,-0.872947323125962,0.0466025008400585,-18.7317699134205,2.72697487549943e-78,5.05509781827395e-78,"Tidak Signifikan","Tidak Signifikan"
"Rvnt10",233.332460632674,-3.24036775074251,0.173228023771686,-18.7057941330169,4.44068097490902e-78,8.22801561301451e-78,"Signifikan","Turun"
"Rv1226c",3065.73046019213,-0.726528474808477,0.038908106745003,-18.6729331131432,8.22112971615142e-78,1.52255936433113e-77,"Tidak Signifikan","Tidak Signifikan"
"Rv2575",2994.83832381885,0.748697740516666,0.0401187762697878,18.6620283600347,1.00830193398034e-77,1.86651132622492e-77,"Tidak Signifikan","Tidak Signifikan"
"Rv1442",7057.74244877893,0.555311054463445,0.0298008698525654,18.6340552208962,1.70131840420554e-77,3.1479151630053e-77,"Tidak Signifikan","Tidak Signifikan"
"Rv2146c",1432.27763369937,1.13445935295312,0.0609046246016175,18.6268179202108,1.94765057613789e-77,3.60201857134686e-77,"Signifikan","Naik"
"Rv3770c",1129.25921321969,-1.4216213671282,0.0763302743635103,-18.6246070642686,2.0297661818321e-77,3.75213534171852e-77,"Signifikan","Turun"
"Rv3221c",1426.32437355275,1.14240539409195,0.061381655511161,18.6115116084516,2.59200563206145e-77,4.78923443986389e-77,"Signifikan","Naik"
"Rv3081",2458.27877327023,-0.805193548689136,0.043311371501726,-18.5908116222329,3.8136328243569e-77,7.04314777198502e-77,"Tidak Signifikan","Tidak Signifikan"
"Rv2532c",1484.11615870161,1.07463963665726,0.0578239888499018,18.5846680250092,4.27637826448117e-77,7.89408681954249e-77,"Signifikan","Naik"
"Rv3019c",422.421127639665,-2.08038810656978,0.112008360625258,-18.5735073253152,5.2648852551045e-77,9.71432549162769e-77,"Signifikan","Turun"
"Rv0937c",1684.57271064889,-0.973260403456115,0.0524238494012662,-18.5652220234062,6.14326140205789e-77,1.13297619627911e-76,"Tidak Signifikan","Tidak Signifikan"
"Rv1351",434.380682395584,-2.04836704555043,0.110367398855431,-18.5595299589651,6.82996060109861e-77,1.25903595281404e-76,"Signifikan","Turun"
"Rv0273c",1330.90634348583,-1.09640827774681,0.0591391119382159,-18.5394782203064,9.91792280494496e-77,1.82742219076715e-76,"Signifikan","Turun"
"Rv3893c",1129.30145951918,1.25599668070382,0.067925935259549,18.490679236209,2.45443335787029e-76,4.52030507459212e-76,"Signifikan","Naik"
"Rv3571",2368.63847113554,-0.882013723823597,0.0477293814222942,-18.4794710834365,3.02128520886024e-76,5.56168836359562e-76,"Tidak Signifikan","Tidak Signifikan"
"Rv1242",485.485740984035,-1.92178376846313,0.104028078464454,-18.4737024544753,3.3621387031804e-76,6.18627283651051e-76,"Signifikan","Turun"
"Rv3203",1175.13401604751,-1.16979640464498,0.0634787038698893,-18.4281709192217,7.80785427543799e-76,1.43596466901541e-75,"Signifikan","Turun"
"Rv3631",2282.55097072287,0.848349456117216,0.0461425612495798,18.3854002279715,1.71965924007132e-75,3.16120862157689e-75,"Tidak Signifikan","Tidak Signifikan"
"Rv0989c",2059.58149703428,-0.929729632680309,0.0505760227547204,-18.3828142673306,1.80363951308738e-75,3.31405185197668e-75,"Tidak Signifikan","Tidak Signifikan"
"Rv2300c",1873.2922184465,-0.912895703784268,0.0496811852316392,-18.3750790068288,2.08004792748006e-75,3.82016209644139e-75,"Tidak Signifikan","Tidak Signifikan"
"Rv3314c",3894.84115408146,0.671507614695638,0.0365838179791043,18.3553180556274,2.99329395908286e-75,5.49486216366575e-75,"Tidak Signifikan","Tidak Signifikan"
"Rv0534c",2837.98802392658,0.756302822636364,0.0412293076552254,18.3438157380872,3.69899129527469e-75,6.7871870806451e-75,"Tidak Signifikan","Tidak Signifikan"
"Rv2702",3294.55989931021,0.713167635172141,0.0388950414302829,18.3356954754876,4.29488150041918e-75,7.87692783733837e-75,"Tidak Signifikan","Tidak Signifikan"
"RVnc0005",230.824291843618,-3.16601255690225,0.17267957214426,-18.3346096911643,4.38149880035748e-75,8.0320728932616e-75,"Signifikan","Turun"
"Rv1978",1693.64510153938,-0.961280426656721,0.0524412003078251,-18.3306335670063,4.71382298781133e-75,8.63729135919056e-75,"Tidak Signifikan","Tidak Signifikan"
"Rv2849c",1988.66142439409,0.906113360982814,0.0494428367059163,18.3264841047114,5.08745640843602e-75,9.31760829744491e-75,"Tidak Signifikan","Tidak Signifikan"
"Rv0494",1040.15696355556,-1.30682808485877,0.07131816917114,-18.3239152104819,5.33342085094846e-75,9.76358122552493e-75,"Signifikan","Turun"
"Rv0911",1357.74330592515,-1.07391316130927,0.0586787085553279,-18.30158140404,8.03814736212292e-75,1.47081783143642e-74,"Signifikan","Turun"
"Rv3550",1415.0597606707,-1.04725198530047,0.0572667177593614,-18.2872709712663,1.0451833402219e-74,1.91159166005545e-74,"Signifikan","Turun"
"Rv0698",1302.24918594599,-1.19380764310291,0.0653978282626551,-18.2545456755575,1.90387966790282e-74,3.4805026002629e-74,"Signifikan","Turun"
"Rv2878c",1038.73264686768,-1.23119863492746,0.0676296936015961,-18.2050009302186,4.71045680475033e-74,8.60726952761149e-74,"Signifikan","Turun"
"Rv2440c",3948.44572031496,0.637986802443298,0.0350705416773629,18.1915297548741,6.02352570735299e-74,1.10015315290374e-73,"Tidak Signifikan","Tidak Signifikan"
"Rv1747",8603.25192251249,0.45817325809092,0.0251928422507154,18.186644187712,6.58506205386388e-74,1.20216020099761e-73,"Tidak Signifikan","Tidak Signifikan"
"Rv2439c",3647.54418571307,0.861746766347776,0.0473927838646241,18.1830797027946,7.02741037819633e-74,1.28232460764972e-73,"Tidak Signifikan","Tidak Signifikan"
"Rv0797",408.931146790448,-3.36916596088439,0.185689080473025,-18.1441253966133,1.42891517958211e-73,2.60620989305849e-73,"Signifikan","Turun"
"Rv3838c",3516.14316166942,0.725609150038542,0.0399929819369906,18.1434120411863,1.4475863425168e-73,2.63905102057175e-73,"Tidak Signifikan","Tidak Signifikan"
"Rv1100",2970.5190541911,0.758188630490596,0.0418699674285015,18.1081734010255,2.7471343759466e-73,5.0059173492789e-73,"Tidak Signifikan","Tidak Signifikan"
"Rv2187",5287.70415242905,0.551798802402299,0.0304897944620309,18.0978196848607,3.31533974887266e-73,6.03854581440672e-73,"Tidak Signifikan","Tidak Signifikan"
"Rv2599",495.019386748188,-3.04410232803237,0.168987473821533,-18.0137749810216,1.51906612606192e-72,2.76555085914991e-72,"Signifikan","Turun"
"Rv3566A",388.033764193762,-2.13102962659551,0.11841848339509,-17.9957517230277,2.10348437269648e-72,3.82776261765457e-72,"Signifikan","Turun"
"Rv3361c",833.62255308482,-1.35885386317778,0.0755813103618867,-17.9787020980654,2.86111889685188e-72,5.20406174406758e-72,"Signifikan","Turun"
"RVnc0010",637.714856581929,-1.57206665943804,0.0874976734299157,-17.9669538378897,3.53605575337459e-72,6.42875030872456e-72,"Signifikan","Turun"
"Rv3273",7512.97299461216,0.508773909432374,0.0283291676542068,17.9593666726322,4.05406942426098e-72,7.36715227029011e-72,"Tidak Signifikan","Tidak Signifikan"
"Rv2350c",2955.91273579396,-0.719474991316598,0.0400969469889321,-17.9433858521745,5.40586070485154e-72,9.8191618205797e-72,"Tidak Signifikan","Tidak Signifikan"
"Rv0067c",1142.88905822586,-1.15620508372259,0.0644391228629321,-17.9425950005859,5.48335823234961e-72,9.9553693856892e-72,"Signifikan","Turun"
"Rv2338c",2611.35682568154,-0.802586975593541,0.0447418018675831,-17.9381907319884,5.93564696500219e-72,1.07715972141645e-71,"Tidak Signifikan","Tidak Signifikan"
"Rv2844",1339.63511197933,1.14057693100658,0.0635950780795325,17.934987509256,6.28778217522518e-72,1.14054101001913e-71,"Signifikan","Naik"
"Rv2738c",1144.23452236828,1.18749125326244,0.066242980199099,17.9262957326699,7.35175690184702e-72,1.33292594285316e-71,"Signifikan","Naik"
"Rv0356c",2203.7428123492,0.87681047448338,0.048921441518219,17.922825805467,7.82503835713971e-72,1.41808712484117e-71,"Tidak Signifikan","Tidak Signifikan"
"Rv2236c",1415.48550093297,-1.06508005977304,0.0594336471235698,-17.920489677482,8.1606635033712e-72,1.47823525652391e-71,"Signifikan","Turun"
"Rv1601",1017.53576697056,-1.22027809735993,0.0681238686624912,-17.9126365151928,9.39767937925958e-72,1.70153327692938e-71,"Signifikan","Turun"
"Rv0317c",3016.93900331328,0.714664650686694,0.039904981268732,17.9091589061007,1.0003578255769e-71,1.8104103531312e-71,"Tidak Signifikan","Tidak Signifikan"
"Rv2692",2210.52265790964,0.849877006088475,0.0474602053307936,17.9071497934934,1.03712116169124e-71,1.87608739098456e-71,"Tidak Signifikan","Tidak Signifikan"
"Rv3832c",661.245552450665,-1.54500413291292,0.0863311708373825,-17.8962490364362,1.26136695541168e-71,2.28069403469378e-71,"Signifikan","Turun"
"Rv0979c",283.170453287089,-2.60174176108816,0.145389509150543,-17.8949758912398,1.29052670894719e-71,2.3323551045073e-71,"Signifikan","Turun"
"Rv2238c",1347.67482193479,1.0925455956215,0.0610989165365149,17.881587064945,1.64098618350211e-71,2.96438624314793e-71,"Signifikan","Naik"
"Rv1752",733.481101633599,-1.46159573868205,0.081815077618599,-17.8646257050031,2.22418981348686e-71,4.01609512521728e-71,"Signifikan","Turun"
"Rv3364c",991.847245142315,1.29133691595091,0.0723323870917554,17.8528176363489,2.74814693513684e-71,4.95991760313369e-71,"Signifikan","Naik"
"Rv2078",508.864767057702,-1.83119848829711,0.10262563644887,-17.8434799691542,3.24821902867347e-71,5.85979303626541e-71,"Signifikan","Turun"
"Rv1958c",763.654967054307,-1.4277588467721,0.0800177442991707,-17.843027934329,3.27460681076992e-71,5.90471146287468e-71,"Signifikan","Turun"
"Rv2483c",5129.72991755361,0.553367429260239,0.0310268443007927,17.8351179996124,3.77252435599396e-71,6.79945666525582e-71,"Tidak Signifikan","Tidak Signifikan"
"Rv0385",2626.53972388885,-0.747906582856982,0.0419410604008065,-17.8323241165023,3.96587056255122e-71,7.14469051845627e-71,"Tidak Signifikan","Tidak Signifikan"
"Rv1726",1838.36611765823,-0.904813806073318,0.0507639223251005,-17.8239537969257,4.60627362073128e-71,8.29463797251067e-71,"Tidak Signifikan","Tidak Signifikan"
"Rv3291c",733.312213450489,-1.43777967299362,0.0807773365090543,-17.799295385686,7.15635931491264e-71,1.28807973694457e-70,"Signifikan","Turun"
"Rv1682",1744.471827986,-0.942795576077292,0.0530430091327523,-17.7741721574983,1.12039369084308e-70,2.01569241341246e-70,"Tidak Signifikan","Tidak Signifikan"
"Rv2712c",2237.30407401177,-0.809744618899413,0.0456587417896715,-17.7347116271738,2.26254099539268e-70,4.06867639561322e-70,"Tidak Signifikan","Tidak Signifikan"
"Rv2312",821.492027831539,-1.38276771966082,0.0779876732695276,-17.7305933321274,2.43451510261491e-70,4.37594989219453e-70,"Signifikan","Turun"
"Rv2011c",661.576799221848,-1.61594624344375,0.0911768554775733,-17.7232065635475,2.77626415603122e-70,4.98797097236225e-70,"Signifikan","Turun"
"Rv2465c",1609.59408946981,1.00774613494001,0.056908917967947,17.7080529892978,3.63428109762589e-70,6.52656999288452e-70,"Signifikan","Naik"
"Rv3161c",9035.84797599606,-0.436542402906864,0.0246859664417626,-17.6838287428092,5.58699995013736e-70,1.00287913132104e-69,"Tidak Signifikan","Tidak Signifikan"
"Rv1450c",4068.1427279692,-1.05014374294401,0.0594514694094693,-17.6638820432039,7.95737389032107e-70,1.42772058900514e-69,"Signifikan","Turun"
"Rv2347c",1367.46955026036,1.10859258261608,0.0627679542490638,17.6617606209878,8.26218171204804e-70,1.48173936942561e-69,"Signifikan","Naik"
"Rv0658c",1432.93820474619,-1.02591056696274,0.058087349845422,-17.6615144208304,8.29830130850841e-70,1.48754456804577e-69,"Signifikan","Turun"
"Rv2250c",981.639623948759,-1.2281386974156,0.0695815565775713,-17.650348135665,1.01130881355504e-69,1.81204248571493e-69,"Signifikan","Turun"
"Rv3618",2538.47645217099,-0.751828901040074,0.0426464234303458,-17.6293541302012,1.46632474258646e-69,2.62614458412662e-69,"Tidak Signifikan","Tidak Signifikan"
"Rv2723",2253.57088044869,-0.796780887457425,0.0452135575210458,-17.6226099237279,1.6520427645973e-69,2.95742493102774e-69,"Tidak Signifikan","Tidak Signifikan"
"Rv3241c",2628.45678881174,0.786502652027216,0.0446427767016606,17.6176911504243,1.80211229397466e-69,3.2246186153349e-69,"Tidak Signifikan","Tidak Signifikan"
"Rv1574",259.948992145502,-6.9893182071338,0.396961449884939,-17.6070452411933,2.17506764945736e-69,3.89021341992666e-69,"Signifikan","Turun"
"Rv1944c",779.570526054459,-1.38398494717101,0.0786614011310059,-17.5942066537317,2.72849928889681e-69,4.87785339299398e-69,"Signifikan","Turun"
"Rv2593c",1563.45066240374,1.0831011482369,0.0615942524013384,17.5844515682987,3.2410204343626e-69,5.79149912752993e-69,"Signifikan","Naik"
"Rv2512c",395.880943597936,-2.23429014491042,0.127123718688902,-17.5757141779197,3.7809908908581e-69,6.75335023144263e-69,"Signifikan","Turun"
"Rv3482c",1619.2412551905,-0.97836694704138,0.0557331414388607,-17.5544913095317,5.49571397904688e-69,9.81165497519306e-69,"Tidak Signifikan","Tidak Signifikan"
"Rv3320c",501.438026260047,-1.75027004041461,0.099870679222457,-17.5253643415799,9.17519285322389e-69,1.63733648442371e-68,"Signifikan","Turun"
"Rv1318c",3295.18512984047,-0.663820036422713,0.0378858030452285,-17.5216039536033,9.80224781399314e-69,1.74844950890786e-68,"Tidak Signifikan","Tidak Signifikan"
"Rv3096",2564.44412770563,-0.741635571659462,0.0423511639093234,-17.5115747290288,1.16914571801565e-68,2.08449485994071e-68,"Tidak Signifikan","Tidak Signifikan"
"Rv1600",3148.70140159704,-0.673344196865104,0.0384715593312331,-17.5023890003453,1.37383902945566e-68,2.44834655429048e-68,"Tidak Signifikan","Tidak Signifikan"
"Rv2331A",441.199194792643,-1.88916302774048,0.107967928291173,-17.4974463031808,1.4983828876234e-68,2.66909964759858e-68,"Signifikan","Turun"
"Rv2994",3467.37081694317,0.679379176823888,0.038866121223073,17.4799839923458,2.03556189653294e-68,3.62435998363832e-68,"Tidak Signifikan","Tidak Signifikan"
"Rv1282c",1749.85958016658,-0.898778345297821,0.0514229331099857,-17.4781618033237,2.10165609369056e-68,3.74036326768526e-68,"Tidak Signifikan","Tidak Signifikan"
"Rv3388",3416.55507767495,0.67070119480421,0.0383857762194212,17.4726490085895,2.31492525590256e-68,4.11807555612801e-68,"Tidak Signifikan","Tidak Signifikan"
"Rv3594",1608.94498139699,-0.937793543402641,0.0537107614197635,-17.4600679382208,2.8859049981392e-68,5.13150386715293e-68,"Tidak Signifikan","Tidak Signifikan"
"Rv0929",1503.09163147189,-0.986927606672092,0.0565317503750982,-17.457934702599,2.99577841232271e-68,5.32448609394454e-68,"Tidak Signifikan","Tidak Signifikan"
"Rv3372",3603.94808402519,0.638753639797639,0.0366060866609111,17.4493833693432,3.47968905094879e-68,6.18178525083469e-68,"Tidak Signifikan","Tidak Signifikan"
"Rv1204c",5225.42753291975,0.53011187546593,0.0303934203646154,17.4416656337599,3.98294865028961e-68,7.07267560237192e-68,"Tidak Signifikan","Tidak Signifikan"
"Rv0082",1228.16299965644,1.15282960795302,0.0661262634973516,17.4337630312228,4.57348727954283e-68,8.11768413330935e-68,"Signifikan","Naik"
"Rv0334",1542.25839024854,-0.959260022765934,0.0550359281213549,-17.4297055670753,4.9098131564033e-68,8.71074632891409e-68,"Tidak Signifikan","Tidak Signifikan"
"Rv0058",8828.12593726407,0.431562424916458,0.0247887243504318,17.4096262000243,6.97377692741908e-68,1.23669973496073e-67,"Tidak Signifikan","Tidak Signifikan"
"Rv2809",706.072085744107,-1.43474997944428,0.0825283522725435,-17.3849342672701,1.07310295895348e-67,1.90214452107616e-67,"Signifikan","Turun"
"Rv0113",1174.64019409574,-1.10038067478268,0.063318353427769,-17.3785421637338,1.19964494855082e-67,2.12549866498486e-67,"Signifikan","Turun"
"Rv0914c",3671.49720901683,0.630777688283706,0.0363046405794172,17.3745746608857,1.28555948296375e-67,2.27670288790946e-67,"Tidak Signifikan","Tidak Signifikan"
"Rv0612",962.764907772809,-1.2344211167572,0.0710658599585773,-17.3701003192913,1.3898275399217e-67,2.46026142385962e-67,"Signifikan","Turun"
"Rv0743c",937.316842329224,-1.23128566168852,0.0709195610240777,-17.361721419433,1.60828153405021e-67,2.84569707652863e-67,"Signifikan","Turun"
"Rv2610c",3320.838666781,0.682989836338243,0.0393476446918257,17.3578327670558,1.72098175936745e-67,3.04375151110597e-67,"Tidak Signifikan","Tidak Signifikan"
"Rv0456A",331.83054101195,-2.22960105021257,0.128464954559522,-17.3557143102365,1.78565581304564e-67,3.15672754472016e-67,"Signifikan","Turun"
"Rv1427c",2418.97692916104,-0.787549730203367,0.0454391737163488,-17.3319553546373,2.69990900546641e-67,4.77084143638542e-67,"Tidak Signifikan","Tidak Signifikan"
"Rv2601A",400.931602946573,-1.96534579556304,0.113402184848287,-17.3307577644323,2.75672279369533e-67,4.86906470284477e-67,"Signifikan","Turun"
"Rv0625c",2766.99595967022,0.730195400574483,0.0421846648160971,17.3094986947923,3.98872552599597e-67,7.04195556814686e-67,"Tidak Signifikan","Tidak Signifikan"
"Rv3518c",2221.9075984466,-0.790180312217747,0.0456759701286832,-17.2996941278218,4.7289287747513e-67,8.34504468391389e-67,"Tidak Signifikan","Tidak Signifikan"
"Rv3776",4374.21287769814,-0.578939321728569,0.0334737292934536,-17.295333802015,5.10067008021473e-67,8.99704677999636e-67,"Tidak Signifikan","Tidak Signifikan"
"Rv2769c",1262.23853194076,-1.04907901079192,0.0606738424731249,-17.2904660069387,5.55017717944247e-67,9.78557905371034e-67,"Signifikan","Turun"
"Rv3864",4662.7972041312,0.56108463812101,0.0325129175693178,17.2572835681317,9.86435190587505e-67,1.73842221282125e-66,"Tidak Signifikan","Tidak Signifikan"
"Rv3545c",2864.48155137275,-0.69325125886118,0.0402194476055203,-17.2367175616312,1.4080824686323e-66,2.48040104487758e-66,"Tidak Signifikan","Tidak Signifikan"
"Rv3500c",2895.85718787003,0.781401437486486,0.04535711027924,17.2277606019388,1.64393644038489e-66,2.89458315979e-66,"Tidak Signifikan","Tidak Signifikan"
"Rv0519c",3109.9995400634,0.732133307356308,0.0425471709329685,17.2075673024126,2.33016742698577e-66,4.10105331981036e-66,"Tidak Signifikan","Tidak Signifikan"
"Rv3503c",1131.52130888678,1.27399841239419,0.0740570920311574,17.2029224676847,2.52470396259619e-66,4.44146368940979e-66,"Signifikan","Naik"
"Rv0033",175.794710692209,-5.35399500247187,0.311495131902485,-17.1880535332025,3.26304675163484e-66,5.73781314881889e-66,"Signifikan","Turun"
"Rv2383c",8845.03437581792,-0.410052939621189,0.0238872134735816,-17.1662107040946,4.75464318116021e-66,8.35696477610216e-66,"Tidak Signifikan","Tidak Signifikan"
"Rv2804c",566.016964711933,-1.66112476461356,0.0968379644144753,-17.1536522339916,5.90235308218581e-66,1.03696344893849e-65,"Signifikan","Turun"
"Rv0422c",2590.90279977762,0.758523228122858,0.0442433893197811,17.1443291254299,6.92939853763081e-66,1.21686250547948e-65,"Tidak Signifikan","Tidak Signifikan"
"Rv2010",1682.20105686556,0.958573296467402,0.0559136282943623,17.1438221004172,6.99010005343363e-66,1.22697906690138e-65,"Tidak Signifikan","Tidak Signifikan"
"Rv3768",741.334928022683,-1.45034248509224,0.0846374065797714,-17.1359513919567,8.00330075921034e-66,1.40420584306888e-65,"Signifikan","Turun"
"Rv1261c",731.276112285699,-1.38127607387979,0.0806219648027926,-17.1327513197985,8.4559532894566e-66,1.48296935010055e-65,"Signifikan","Turun"
"Rv2698",1566.79276111958,1.05988952409237,0.0618654296443324,17.1321775373699,8.53977190292583e-66,1.49700729734453e-65,"Signifikan","Naik"
"Rv0947c",438.446674857676,-1.85144006372539,0.108106918164346,-17.126009095096,9.49487161202891e-66,1.66369945604765e-65,"Signifikan","Turun"
"Rv3483c",2553.7253739168,0.740687787940847,0.0433096211677426,17.1021534700589,1.43020586268515e-65,2.50491243146665e-65,"Tidak Signifikan","Tidak Signifikan"
"Rv1292",3051.57051177622,-0.6761227533444,0.0395509588905913,-17.0949775254436,1.61758389133054e-65,2.83184258469031e-65,"Tidak Signifikan","Tidak Signifikan"
"Rv2978c",3078.99945790297,-0.676676961743816,0.039625563100061,-17.0767784431251,2.20988148827367e-65,3.86704890338846e-65,"Tidak Signifikan","Tidak Signifikan"
"Rv1991A",427.370889752473,-1.95322108098117,0.114512082354764,-17.0568995062897,3.10609530647024e-65,5.43292772520611e-65,"Signifikan","Turun"
"Rv0324",1240.3582507238,-1.04715802770139,0.0614436958644376,-17.0425625114043,3.96951340655032e-65,6.94008800519398e-65,"Signifikan","Turun"
"Rv0666",220.13407303217,-2.89333134107469,0.169936908191763,-17.0259149225532,5.27613172216463e-65,9.22044693472559e-65,"Signifikan","Turun"
"Rv2104a",367.104820400044,-2.06978955150982,0.121725094870698,-17.0038031492886,7.69609175902692e-65,1.34435913729898e-64,"Signifikan","Turun"
"Rv2037c",1721.36475852551,-0.885809381218608,0.052131849518748,-16.9917121566931,9.45873720195842e-65,1.65153215141589e-64,"Tidak Signifikan","Tidak Signifikan"
"Rv1012",435.765654108188,-1.84012944361818,0.108432202288107,-16.9703225129461,1.36182094782351e-64,2.37674601848476e-64,"Signifikan","Turun"
"Rv1973",509.524355767728,-2.20633423559447,0.130366331172259,-16.9241108172258,2.98825765460952e-64,5.21302467714862e-64,"Signifikan","Turun"
"Rv2747",703.222166674504,-1.40123552291832,0.082812168836191,-16.9206475643703,3.16926665371687e-64,5.52636519353618e-64,"Signifikan","Turun"
"Rv3408",2587.06600960558,0.937142117046998,0.0554111938655703,16.9125054284256,3.63902319188513e-64,6.34270870044301e-64,"Tidak Signifikan","Tidak Signifikan"
"Rv1717",368.305347494043,-2.05089102542098,0.121293893201473,-16.9084442034884,3.89865274351374e-64,6.79225095894555e-64,"Signifikan","Turun"
"Rv1098c",4159.70158444398,0.601120956194987,0.0355897250279322,16.8902950422686,5.30371219364007e-64,9.23609581745837e-64,"Tidak Signifikan","Tidak Signifikan"
"Rv2230c",3503.46010332373,0.626583139659178,0.0371616040972917,16.8610358696772,8.70499360562832e-64,1.51525711423991e-63,"Tidak Signifikan","Tidak Signifikan"
"Rv0784",1498.43651736348,-0.957595082575358,0.0567996647696033,-16.8591678570579,8.98450790652419e-64,1.56322556426235e-63,"Tidak Signifikan","Tidak Signifikan"
"Rv2210c",3290.89490578319,0.644133226717704,0.0382691853495646,16.8316419812431,1.43078592541636e-63,2.48835062083591e-63,"Tidak Signifikan","Tidak Signifikan"
"Rv2720",4984.56455016177,-0.706529060755516,0.042010999807389,-16.8177159314178,1.81003680107976e-63,3.14654513141254e-63,"Tidak Signifikan","Tidak Signifikan"
"Rv1746",2961.4971401925,-0.688284740168649,0.0409825406320557,-16.7945844633724,2.67370431550215e-63,4.6458979498892e-63,"Tidak Signifikan","Tidak Signifikan"
"Rv0442c",3179.24603590301,-0.777588281606175,0.046301725100759,-16.7939375890214,2.70301257856802e-63,4.69476834464945e-63,"Tidak Signifikan","Tidak Signifikan"
"Rv2908c",695.158785773662,1.52621070919895,0.0909248735676988,16.7854036999303,3.12099807420708e-63,5.41838046406104e-63,"Signifikan","Naik"
"Rv0319",1155.78656744333,-1.0699125695711,0.0638222343378767,-16.7639472461423,4.47876822859116e-63,7.77221065740207e-63,"Signifikan","Turun"
"Rv3845",691.801690816324,-1.39818515573612,0.0835136927335761,-16.7419869720835,6.47889168169396e-63,1.12381999568343e-62,"Signifikan","Turun"
"Rv0550c",456.82978739408,-1.8202610379985,0.108734798720898,-16.7403725340108,6.65702585090777e-63,1.154214228608e-62,"Signifikan","Turun"
"Rv1102c",640.576451679438,-1.4504328785401,0.0866492009745117,-16.7391373749281,6.79659903223272e-63,1.17789901095969e-62,"Signifikan","Turun"
"Rv1249c",2884.07797465724,0.75486968404518,0.0451529643775032,16.7180537192212,9.68301945300394e-63,1.67740341354003e-62,"Tidak Signifikan","Tidak Signifikan"
"Rvnt19",293.088235763885,-2.40552116925064,0.143890184937529,-16.717757158315,9.73131728784945e-63,1.68503429423391e-62,"Signifikan","Turun"
"Rv0180c",2813.61697313561,-0.687868580340102,0.0411639737681641,-16.7104513333476,1.0999981840613e-62,1.90387992852146e-62,"Tidak Signifikan","Tidak Signifikan"
"Rv0838",1552.4388088921,-0.9430843097237,0.0564779645586767,-16.698270150014,1.34919955709252e-62,2.33417995769125e-62,"Tidak Signifikan","Tidak Signifikan"
"Rv2035",621.87897622748,-1.48569020694322,0.088994964239332,-16.6940929707864,1.44701507081071e-62,2.50231420484137e-62,"Signifikan","Turun"
"Rv0238",2745.24887753659,0.707170296263406,0.0423860660037459,16.6840276283463,1.71272012825143e-62,2.96050577288603e-62,"Tidak Signifikan","Tidak Signifikan"
"Rv2795c",3327.21725827207,0.785629083229947,0.0471948665845222,16.646494419535,3.20855216431907e-62,5.54369618286314e-62,"Tidak Signifikan","Tidak Signifikan"
"Rv1650",6947.70564811066,0.448333071398921,0.0269639497461874,16.6271290229768,4.43334331798465e-62,7.65654024486074e-62,"Tidak Signifikan","Tidak Signifikan"
"Rv0393",2532.11391500107,-0.72666010663867,0.0437149205933955,-16.6227021981244,4.77318583540468e-62,8.23987302395578e-62,"Tidak Signifikan","Tidak Signifikan"
"Rv0690c",2079.91340582124,-0.80071695527561,0.0482579711817111,-16.5924288913967,7.90574551743627e-62,1.36416235179076e-61,"Tidak Signifikan","Tidak Signifikan"
"Rv3160c",2628.49262478209,-1.1786618982286,0.0710681952891359,-16.5849420184837,8.9552079560131e-62,1.54457869397843e-61,"Signifikan","Turun"
"Rv1163",2263.89920067511,0.766603807210971,0.0462621845378163,16.5708518711286,1.13210534400847e-61,1.95178700551135e-61,"Tidak Signifikan","Tidak Signifikan"
"Rv0765c",1165.16868454286,-1.04555423563972,0.0631987910984818,-16.5438961326087,1.77182773803626e-61,3.0533625702823e-61,"Signifikan","Turun"
"Rv2975c",1456.79982405087,1.13265057391086,0.068498707000127,16.5353569945308,2.04165012437425e-61,3.51681547693993e-61,"Signifikan","Naik"
"Rv0539",2509.65114435264,0.783583458747661,0.0474143286320006,16.5263008325886,2.37265154644861e-61,4.08520342220556e-61,"Tidak Signifikan","Tidak Signifikan"
"Rv1286",4044.24630577438,-0.565146863251718,0.0342095634345266,-16.5201425131703,2.62776435082483e-61,4.52249075042174e-61,"Tidak Signifikan","Tidak Signifikan"
"Rv1834",1223.18651594329,-1.03107034668681,0.0624564261900808,-16.5086350530022,3.17994497919612e-61,5.47044307565959e-61,"Signifikan","Turun"
"Rv2420c",981.697814992024,1.24445201922283,0.0753896786696667,16.5069282849131,3.2711496431279e-61,5.624902745682e-61,"Signifikan","Naik"
"Rv3598c",3139.51159627609,-0.634335983290912,0.0384638111336637,-16.4917610760557,4.20512126482718e-61,7.22777992095728e-61,"Tidak Signifikan","Tidak Signifikan"
"Rv1865c",1412.48546064485,-0.977564701733853,0.0593119488609101,-16.4817498077208,4.96274644854889e-61,8.52629500276893e-61,"Tidak Signifikan","Tidak Signifikan"
"Rv0253",468.442816065042,-1.71294077042575,0.103943858304859,-16.4794803498811,5.1525826629298e-61,8.84861273759416e-61,"Signifikan","Turun"
"Rv3745c",360.145094605488,-2.00738295137675,0.121901589827809,-16.4672417661841,6.30817391754748e-61,1.08284404720514e-60,"Signifikan","Turun"
"Rvnt44",547.834758720994,1.76330931116138,0.107246974850291,16.4415762180968,9.63792800082098e-61,1.65370503370488e-60,"Signifikan","Naik"
"Rv2672",5103.8676761089,0.514366738979489,0.031314758507318,16.4256971312516,1.25236207392822e-60,2.14791195299318e-60,"Tidak Signifikan","Tidak Signifikan"
"Rv0114",811.34473254751,-1.26093707764834,0.0767857774891542,-16.4214926107435,1.34223872429924e-60,2.30106353469969e-60,"Signifikan","Turun"
"Rv3221A",1516.68592181253,0.935628069292667,0.056985360863354,16.4187443076165,1.40443140593492e-60,2.40664336386342e-60,"Tidak Signifikan","Tidak Signifikan"
"Rv2180c",1621.72174424385,-0.874734858793837,0.053339651560102,-16.3993358263356,1.93340218252454e-60,3.31166081954872e-60,"Tidak Signifikan","Tidak Signifikan"
"Rv1473",4521.05739705791,0.597639145781433,0.0364432125894771,16.3991894049977,1.93806742756291e-60,3.31821902682005e-60,"Tidak Signifikan","Tidak Signifikan"
"Rv3835",2969.57640267536,-0.665176291850633,0.0405837625308622,-16.390207569956,2.24676101437203e-60,3.84508237446672e-60,"Tidak Signifikan","Tidak Signifikan"
"Rv0842",2591.18456982025,-0.767939096494032,0.046866249069556,-16.3857597256035,2.41729767922607e-60,4.13515303729616e-60,"Tidak Signifikan","Tidak Signifikan"
"Rv0257",2290.72699870664,0.859984407424481,0.052509583185862,16.3776658515931,2.76138464959217e-60,4.72172970040178e-60,"Tidak Signifikan","Tidak Signifikan"
"Rv2612c",1873.06665021325,0.840622954763417,0.0513508169780825,16.3701963129858,3.12205298205709e-60,5.33614139587267e-60,"Tidak Signifikan","Tidak Signifikan"
"Rv1086",3296.10173880047,0.622976262672845,0.0380604886443172,16.3680573966005,3.23371844435699e-60,5.52461717001041e-60,"Tidak Signifikan","Tidak Signifikan"
"Rv0088",1610.91484267675,-0.875359268101148,0.0535699302492924,-16.3404966933424,5.08370806826503e-60,8.68147649884088e-60,"Tidak Signifikan","Tidak Signifikan"
"Rv2072c",2185.14503306656,-0.748571773437827,0.0458266854184875,-16.3348443511002,5.57744318101511e-60,9.5205323145813e-60,"Tidak Signifikan","Tidak Signifikan"
"Rv0689c",370.626167650513,-1.95991670733115,0.119991618768937,-16.3337800376315,5.67562090067651e-60,9.68395187655214e-60,"Signifikan","Turun"
"Rv0027",497.289623829082,-1.63488909796648,0.100130494218969,-16.3275844258918,6.28229352808249e-60,1.07144705184451e-59,"Signifikan","Turun"
"Rv2664",442.810036565269,-1.73002039709761,0.106168295670719,-16.2950755323723,1.06971433893451e-59,1.82361701012171e-59,"Signifikan","Turun"
"Rv3322c",1094.18750107594,-1.06414335145887,0.0653383744224036,-16.2866517703567,1.22769110882304e-59,2.09203205700214e-59,"Signifikan","Turun"
"Rv1296",3436.17553492548,0.76303682599665,0.0469199346783648,16.2625295884841,1.82063457321236e-59,3.10109804720198e-59,"Tidak Signifikan","Tidak Signifikan"
"Rv2369c",170.579613772126,-3.5203348764618,0.216494279356764,-16.2606369411757,1.87775717434623e-59,3.19702262258862e-59,"Signifikan","Turun"
"Rv3287c",1839.45298130578,0.834679743384969,0.0513418473405049,16.2572986096367,1.98289856291144e-59,3.37458541358631e-59,"Tidak Signifikan","Tidak Signifikan"
"Rv2481c",519.322813618896,-1.57793259831865,0.0971251336888775,-16.2463879161625,2.36918244631302e-59,4.03025161428977e-59,"Signifikan","Turun"
"Rv0752c",1940.2112611205,-0.78981079129987,0.0486342607730129,-16.2398025331586,2.63771852770759e-59,4.48513904818517e-59,"Tidak Signifikan","Tidak Signifikan"
"Rv1126c",911.002386293743,-1.16229301734143,0.0715970899469072,-16.2338024939747,2.9086893438632e-59,4.94377490450099e-59,"Signifikan","Turun"
"Rv2635",146.320009625415,-5.08224603307663,0.313316979157064,-16.2207807784618,3.59594288372179e-59,6.10925285641299e-59,"Signifikan","Turun"
"Rv0014c",4162.1165340893,-0.542476091267733,0.0334690875175684,-16.2082725136435,4.40785197389936e-59,7.48542327930597e-59,"Tidak Signifikan","Tidak Signifikan"
"Rv2817c",2104.30198791975,-0.782102745360296,0.0482582420137055,-16.2066149267969,4.52833464781816e-59,7.68673664864982e-59,"Tidak Signifikan","Tidak Signifikan"
"Rv0634B",503.211099447944,1.72669713588439,0.106617685394649,16.195222485772,5.45002498810307e-59,9.24732640196959e-59,"Signifikan","Naik"
"Rv2554c",1800.0555617029,0.857437541534012,0.0529677505821423,16.1879168382712,6.1371343596698e-59,1.0408726808384e-58,"Tidak Signifikan","Tidak Signifikan"
"Rv2201",4035.81493670697,-0.630993765401929,0.0390028771804453,-16.1781337946598,7.19421444086878e-59,1.21963455927036e-58,"Tidak Signifikan","Tidak Signifikan"
"Rv1465",2296.30407810538,0.745760476362652,0.0462030646635556,16.1409309489138,1.31542205673168e-58,2.22908128964314e-58,"Tidak Signifikan","Tidak Signifikan"
"Rv3466",594.757401812206,-1.44602932147018,0.0896834877375328,-16.1236963230301,1.73889913673316e-58,2.94543675295492e-58,"Signifikan","Turun"
"Rv0465c",2475.02291485835,-0.868324679260652,0.0538589180781875,-16.1222079879157,1.78129424395447e-58,3.01595999392547e-58,"Tidak Signifikan","Tidak Signifikan"
"Rv1043c",2376.16661287368,-0.726168848708134,0.0450554623916943,-16.117221090644,1.93099341569126e-58,3.26802511947408e-58,"Tidak Signifikan","Tidak Signifikan"
"Rv1701",2883.12770750395,0.654639817307442,0.0406483619355998,16.1049495264927,2.35490111255507e-58,3.98374955799829e-58,"Tidak Signifikan","Tidak Signifikan"
"Rv1791",1607.47275691613,0.928156527285231,0.0576421337527094,16.1020501299816,2.46790065606419e-58,4.17312954075304e-58,"Tidak Signifikan","Tidak Signifikan"
"Rv2618",1510.55536985749,-0.903517921918775,0.0561134242829152,-16.1016358111274,2.48448323929586e-58,4.19938006403352e-58,"Tidak Signifikan","Tidak Signifikan"
"Rv3166c",1600.28107593538,-0.867971742438731,0.0539446443241935,-16.0900447729795,2.99620610375834e-58,5.06215911993583e-58,"Tidak Signifikan","Tidak Signifikan"
"Rv0254c",669.206128860731,-1.36959750892119,0.0851314364413886,-16.088034763329,3.09506827206976e-58,5.22696289284833e-58,"Signifikan","Turun"
"Rv3020c",378.131473532414,-1.88573737053796,0.117232456192189,-16.0854547604677,3.22674205562142e-58,5.44701520623412e-58,"Signifikan","Turun"
"Rv0525",2253.63481407144,0.941695955870999,0.0586279565968734,16.0622339670835,4.69338493047847e-58,7.91946321531608e-58,"Tidak Signifikan","Tidak Signifikan"
"Rv0571c",3032.74521953013,-0.672929289649866,0.0419043996761716,-16.0586786793302,4.97026562488249e-58,8.38309682564151e-58,"Tidak Signifikan","Tidak Signifikan"
"Rv3706c",614.32341753486,-1.4185380245182,0.0883994118911924,-16.0469169892694,6.00749842047174e-58,1.01282389434813e-57,"Signifikan","Turun"
"Rv3730c",2093.55024511607,-0.766059254366361,0.0477564200660319,-16.0409690112271,6.61146557878146e-58,1.11417518908352e-57,"Tidak Signifikan","Tidak Signifikan"
"Rv3888c",2318.25209221075,-0.724614490990703,0.04518384018551,-16.0370275748072,7.0446320054796e-58,1.18666900916083e-57,"Tidak Signifikan","Tidak Signifikan"
"Rv3752c",1504.62139992148,1.38977146096992,0.0867769218954407,16.0154500829666,9.96827994848368e-58,1.6784450999845e-57,"Signifikan","Naik"
"Rv1570",1543.18910903428,0.925874153658527,0.0578488383152327,16.0050604406818,1.1779878226343e-57,1.98263796876974e-57,"Tidak Signifikan","Tidak Signifikan"
"Rv3525c",930.93156876358,-1.13253115674649,0.070810282475015,-15.9938799445701,1.4097088732593e-57,2.37163490255287e-57,"Signifikan","Turun"
"Rv0901",1340.22096261293,0.985229669649272,0.0616242102075172,15.9877046104372,1.55661705662757e-57,2.61767692396844e-57,"Tidak Signifikan","Tidak Signifikan"
"Rv2263",1453.213283117,-0.91500881732898,0.0573578791399577,-15.9526264054549,2.73163202176369e-57,4.59168823319345e-57,"Tidak Signifikan","Tidak Signifikan"
"Rv2871",1026.01420412968,1.11165964684653,0.0697079977616362,15.9473759474172,2.9712142168159e-57,4.9922942812828e-57,"Signifikan","Naik"
"Rv0758",4420.7342235522,0.525056705712442,0.0329334205017289,15.9429751818485,3.18806943270823e-57,5.35439095662724e-57,"Tidak Signifikan","Tidak Signifikan"
"Rv1448c",3217.93223915501,0.613834779932791,0.0385237523799079,15.9339301602649,3.68452752969018e-57,6.18557795610704e-57,"Tidak Signifikan","Tidak Signifikan"
"Rv1916",2781.82822420201,-0.656366583890758,0.0412533406893775,-15.9106286405495,5.34738544988051e-57,8.97338328243485e-57,"Tidak Signifikan","Tidak Signifikan"
"Rv1790",1328.95381897071,-1.0789671751077,0.0678152251573997,-15.9103972980021,5.36718169461659e-57,9.00279483405667e-57,"Signifikan","Turun"
"Rv0654",3214.45041679815,-0.607538630876654,0.0382237297527602,-15.8942791508404,6.94224273719462e-57,1.16398465504865e-56,"Tidak Signifikan","Tidak Signifikan"
"Rv3726",4588.91877022997,0.569615778721252,0.0358852542899756,15.8732546276082,9.70738433035883e-57,1.62691988333475e-56,"Tidak Signifikan","Tidak Signifikan"
"Rv2130c",3561.57349641227,0.592828288800893,0.0374059520419403,15.848501546925,1.43973035004886e-56,2.41191313287324e-56,"Tidak Signifikan","Tidak Signifikan"
"Rv1803c",6263.2774896962,0.453875107376124,0.028652959743289,15.8404266589747,1.63706297033525e-56,2.74133761220765e-56,"Tidak Signifikan","Tidak Signifikan"
"Rv2273",256.087323981691,-2.44788682190289,0.15454283356992,-15.8395362978471,1.66040714220633e-56,2.77925533043567e-56,"Signifikan","Turun"
"Rv1822",1056.66376027184,-1.0628903402224,0.0671269103811304,-15.8340423265061,1.81196864688367e-56,3.03166580438107e-56,"Signifikan","Turun"
"Rv1498c",1468.61888767274,-0.917084352062952,0.0579400881669523,-15.8281490601189,1.98989149948638e-56,3.32795091840745e-56,"Tidak Signifikan","Tidak Signifikan"
"Rv3606c",1832.59985099773,0.834253365146897,0.052715306267903,15.825638210412,2.07088586124216e-56,3.46194867743264e-56,"Tidak Signifikan","Tidak Signifikan"
"Rv0294",1324.24515712126,-1.29619129609514,0.0819583268929843,-15.8152483735742,2.44244571963992e-56,4.08137412376224e-56,"Signifikan","Turun"
"Rv2034",633.307027229526,-1.38166801789117,0.0874127643996975,-15.8062501212461,2.8174540280585e-56,4.70603794918234e-56,"Signifikan","Turun"
"Rv1541c",1211.41010910801,-0.993226701349019,0.0628680547526989,-15.7985912759036,3.18146824657076e-56,5.31182009012887e-56,"Tidak Signifikan","Tidak Signifikan"
"Rv1132",3499.62021209434,-0.586832751023626,0.0371604915835846,-15.7918457484254,3.5406615492931e-56,5.90904685151272e-56,"Tidak Signifikan","Tidak Signifikan"
"Rv2186c",1926.46069268854,0.789194040030488,0.0500001640792069,15.7838290046469,4.02041214033598e-56,6.70688602216688e-56,"Tidak Signifikan","Tidak Signifikan"
"Rv0052",1037.77869432715,-1.06955973229523,0.0678969996299982,-15.7526803558884,6.58308888139093e-56,1.09773491351315e-55,"Signifikan","Turun"
"Rv2438A",193.786729841483,-3.23986468815506,0.205688619637631,-15.7513074562066,6.72758639695712e-56,1.12135862339197e-55,"Signifikan","Turun"
"Rv0757",3138.62351549422,0.615901639828573,0.0391604458119106,15.7276462782568,9.77787726507925e-56,1.6290986606707e-55,"Tidak Signifikan","Tidak Signifikan"
"Rv1289",2693.16845216908,0.666009401051372,0.0423630614087266,15.7214653262565,1.07801350797226e-55,1.79533148032156e-55,"Tidak Signifikan","Tidak Signifikan"
"Rv2302",1287.53316625281,0.986947792771075,0.0628310239813826,15.7079692519975,1.33383598941716e-55,2.22044791020474e-55,"Tidak Signifikan","Tidak Signifikan"
"Rv3312c",1825.76549506314,-0.786623884099904,0.0500923776447089,-15.7034647003423,1.43202673330267e-55,2.38290690059216e-55,"Tidak Signifikan","Tidak Signifikan"
"Rv1792",1330.0939208124,0.951487175270011,0.0605928747252058,15.7029548372658,1.44358475637298e-55,2.40113238093569e-55,"Tidak Signifikan","Tidak Signifikan"
"Rv1331",1500.59502003363,0.891686931837089,0.0568858164112664,15.6750309319721,2.24115879257675e-55,3.72618479889017e-55,"Tidak Signifikan","Tidak Signifikan"
"Rv1540",2609.87104244626,-0.679912169660366,0.0433835700527701,-15.6721120192125,2.34650639899401e-55,3.89970292618737e-55,"Tidak Signifikan","Tidak Signifikan"
"Rv2219A",1576.22807765952,0.867415265039144,0.0553584452826416,15.6690683889407,2.46161032898359e-55,4.08928315539275e-55,"Tidak Signifikan","Tidak Signifikan"
"Rv0186A",6997.75670341158,-0.940377484355229,0.0600151948458103,-15.6689899411512,2.46465024339368e-55,4.09261930328285e-55,"Tidak Signifikan","Tidak Signifikan"
"Rv0500",2942.75163755604,0.667926155212615,0.0426483484057414,15.6612431707366,2.78401614810751e-55,4.62100086173326e-55,"Tidak Signifikan","Tidak Signifikan"
"Rv3828c",1106.77339342446,-1.01672061601689,0.0649660180396658,-15.6500374610633,3.32024023369216e-55,5.50873818781129e-55,"Signifikan","Turun"
"Rv2024c",4891.31154723146,0.508357891248934,0.0324899773239111,15.646606526709,3.5041325573405e-55,5.81141047448568e-55,"Tidak Signifikan","Tidak Signifikan"
"Rv2569c",1668.26563550419,-0.822978821764881,0.0526361877694254,-15.6352284738015,4.18969447938975e-55,6.94547346416178e-55,"Tidak Signifikan","Tidak Signifikan"
"Rv1656",2205.43467126064,0.754597256604652,0.0482950161835966,15.6247438397371,4.93902488443866e-55,8.18425719154893e-55,"Tidak Signifikan","Tidak Signifikan"
"Rv3145",1480.04418198373,1.03523821360125,0.0663368095940148,15.6057883991855,6.64833411713313e-55,1.10120841096731e-54,"Signifikan","Naik"
"Rvnt21",341.212234719883,-2.01963649788909,0.129484025285013,-15.5975727001348,7.56148331673978e-55,1.25193674113133e-54,"Signifikan","Turun"
"Rv2063A",489.420236991127,-1.55978937848731,0.100046170812643,-15.5906954340945,8.42117904045063e-55,1.39369283493816e-54,"Signifikan","Turun"
"Rv2096c",3560.55046295241,0.590366384573893,0.0378816200926059,15.5845072922086,9.27759101957605e-55,1.53478747183729e-54,"Tidak Signifikan","Tidak Signifikan"
"Rv0523c",594.512907093121,-1.40202110676515,0.0899628729026101,-15.5844412425881,9.28718485469563e-55,1.53573415250428e-54,"Signifikan","Turun"
"Rv0993",3285.94651685163,0.739048635185796,0.0474376159518519,15.5793797887295,1.00525346326492e-54,1.66160020365497e-54,"Tidak Signifikan","Tidak Signifikan"
"Rv2260",1866.83189681586,0.79092545704053,0.0507720894037156,15.5779576206026,1.02786696816209e-54,1.69827082994545e-54,"Tidak Signifikan","Tidak Signifikan"
"Rv1591",2254.69397973269,0.723422054954461,0.0464810082096835,15.5638202099874,1.28212441250622e-54,2.11748024330233e-54,"Tidak Signifikan","Tidak Signifikan"
"Rv1407",2792.16016414863,-0.634634692543776,0.0407816831034589,-15.5617582269416,1.32410932944286e-54,2.18590999163538e-54,"Tidak Signifikan","Tidak Signifikan"
"Rv2872",619.136305049538,-1.38907625600266,0.0893495122788986,-15.546545477123,1.67922365691723e-54,2.77099843884802e-54,"Signifikan","Turun"
"Rv0301",881.438504980192,-1.16884548725801,0.0752316074449298,-15.536627847725,1.96030531025538e-54,3.2334848922175e-54,"Signifikan","Turun"
"Rv2377c",190.854760894926,-3.31068820671024,0.213335300374194,-15.5187078786456,2.5921826592664e-54,4.2739769781005e-54,"Signifikan","Turun"
"Rv2065",1729.03803414003,0.840326695974623,0.0541850892236316,15.5084490588627,3.04136718933662e-54,5.01250670548332e-54,"Tidak Signifikan","Tidak Signifikan"
"Rv1543",1987.49111185977,-0.745695782242308,0.0480986248893863,-15.503474038129,3.28631822802183e-54,5.41396362564892e-54,"Tidak Signifikan","Tidak Signifikan"
"Rv2980",1814.01503238491,0.979741624962082,0.0632198519274332,15.4973729784542,3.61368223805985e-54,5.95080009895535e-54,"Tidak Signifikan","Tidak Signifikan"
"Rv2170",1307.46016230778,-0.936635075064605,0.060480618376146,-15.4865327143219,4.27745473993158e-54,7.04093898477534e-54,"Tidak Signifikan","Tidak Signifikan"
"Rv1276c",890.294479860053,-1.1614727891134,0.0752902707868051,-15.4265986425028,1.08436412239675e-53,1.78418601142593e-53,"Signifikan","Turun"
"Rv3510c",1766.55660830607,-0.86155840053845,0.0558515103379146,-15.4258747046556,1.09659281519751e-53,1.80355874705163e-53,"Tidak Signifikan","Tidak Signifikan"
"Rv1909c",1115.62343808544,-0.999043843096837,0.0647879193324802,-15.4202180497558,1.19699533395354e-53,1.96787421872925e-53,"Tidak Signifikan","Tidak Signifikan"
"Rv2188c",4196.89167514779,0.528403892316336,0.0342836598280684,15.4127037476823,1.34466091740634e-53,2.20972239409733e-53,"Tidak Signifikan","Tidak Signifikan"
"Rv2286c",1392.41859316716,-0.88975295248175,0.0577499529275806,-15.4069900904944,1.46896221963747e-53,2.41299094215398e-53,"Tidak Signifikan","Tidak Signifikan"
"Rv0472c",2585.37226340659,0.689504867295863,0.044769512155091,15.4012146683054,1.60623544016227e-53,2.63739072480286e-53,"Tidak Signifikan","Tidak Signifikan"
"Rv2070c",1054.30130211115,-1.03649506228341,0.0673739358337389,-15.3842142284993,2.08897065670013e-53,3.4286084382e-53,"Signifikan","Turun"
"Rv2303c",1513.60054526246,-0.85725427298733,0.0557367614197321,-15.3804105432621,2.21538485916393e-53,3.63458715314446e-53,"Tidak Signifikan","Tidak Signifikan"
"Rv2642",804.649383538898,-1.1891268885145,0.0773457709108114,-15.3741681608643,2.4395647570947e-53,4.00072484141988e-53,"Signifikan","Turun"
"Rv0418",4583.21114732955,0.539887589864532,0.0351342524484949,15.3664174484993,2.74958625616428e-53,4.50727631330732e-53,"Tidak Signifikan","Tidak Signifikan"
"Rv1334",625.072287340319,-1.37047656552641,0.0891947765746981,-15.3649868092744,2.81095858258591e-53,4.60597798311372e-53,"Signifikan","Turun"
"Rv0266c",7130.00430170367,-0.404862185549147,0.0263639425143783,-15.3566631898224,3.19606573029561e-53,5.23484424115718e-53,"Tidak Signifikan","Tidak Signifikan"
"Rv3046c",1689.51280647439,0.821150555772172,0.0534804786014721,15.3542110550516,3.31922911060405e-53,5.4343301204153e-53,"Tidak Signifikan","Tidak Signifikan"
"Rv3004",1355.01795883831,0.921355972826524,0.0600347299121361,15.3470495190863,3.7066529644542e-53,6.06612719058985e-53,"Tidak Signifikan","Tidak Signifikan"
"Rv0394c",1089.27267120137,-1.23608186280586,0.0806692558226287,-15.3228370610446,5.3816323068052e-53,8.80368468498813e-53,"Signifikan","Turun"
"Rv2806",336.076768024456,-1.88874961212766,0.123396620227375,-15.3063317994236,6.93673845717508e-53,1.13429684499644e-52,"Signifikan","Turun"
"Rv1926c",2021.15042804242,0.75569591607742,0.0493764150939834,15.3047951059027,7.10253116651639e-53,1.16092876545408e-52,"Tidak Signifikan","Tidak Signifikan"
"Rv0360c",670.340835896434,-1.28420301198276,0.0839711549836082,-15.2933827364105,8.46372841498975e-53,1.38285051986262e-52,"Signifikan","Turun"
"Rv0318c",1321.92437305116,-0.917580550921831,0.0600986120076333,-15.2679158514557,1.251080857718e-52,2.04324321225496e-52,"Tidak Signifikan","Tidak Signifikan"
"Rv0478",2081.12674393855,0.732108526920573,0.047956201648905,15.2661908522375,1.28461049795018e-52,2.09713985406105e-52,"Tidak Signifikan","Tidak Signifikan"
"Rv0802c",1087.17742735887,-1.04850619239767,0.0688405528752256,-15.2309379951975,2.20406510431858e-52,3.59667884361653e-52,"Signifikan","Turun"
"Rvnt20",136.588579399479,-5.35871705654558,0.352007939121334,-15.2232846506865,2.47772333172566e-52,4.04158242473507e-52,"Signifikan","Turun"
"Rv0771",370.846488447236,-1.80123251745606,0.118321410982512,-15.2232170196337,2.48028654713641e-52,4.04410058877524e-52,"Signifikan","Turun"
"Rv2403c",1191.96798797749,-0.944395573310114,0.0620628887502635,-15.216751787212,2.73791321069254e-52,4.46232609154367e-52,"Tidak Signifikan","Tidak Signifikan"
"Rv0492c",3679.42139143544,-0.543638364121912,0.035742568616484,-15.2098292082789,3.04336075944652e-52,4.95811586559521e-52,"Tidak Signifikan","Tidak Signifikan"
"Rv1236",1523.7584414638,-0.881578553298823,0.0579862887024463,-15.2032242970851,3.3663559730722e-52,5.48207477224031e-52,"Tidak Signifikan","Tidak Signifikan"
"Rv1556",1425.8148677953,-0.866613287223838,0.0570481821101392,-15.1909010097942,4.06296352317438e-52,6.61377771704258e-52,"Tidak Signifikan","Tidak Signifikan"
"Rv3307",2502.96208032197,0.661947433066095,0.0436182567463934,15.1759259182413,5.10522001706692e-52,8.3069761311339e-52,"Tidak Signifikan","Tidak Signifikan"
"Rv2776c",3708.88561040471,0.545342938205882,0.0359359361654325,15.1754203840795,5.14470689714416e-52,8.36779510494912e-52,"Tidak Signifikan","Tidak Signifikan"
"Rv2758c",255.794548704189,-2.24606791855994,0.148157601108883,-15.1599911293736,6.50781252071152e-52,1.05805296187142e-51,"Signifikan","Turun"
"Rv3055",1083.47331728141,-0.994378272328061,0.0656198919880071,-15.1536103184961,7.17163354528045e-52,1.16550062573239e-51,"Tidak Signifikan","Tidak Signifikan"
"Rv2475c",1130.65594182038,1.00587438437602,0.0664259804670336,15.1427856586208,8.45549087091653e-52,1.37358445065216e-51,"Signifikan","Naik"
"Rv1653",2834.70318050968,0.620773776391894,0.0410268357559965,15.1309201636678,1.01269427680759e-51,1.64443642901994e-51,"Tidak Signifikan","Tidak Signifikan"
"Rv1695",2370.15407323872,0.695785951131692,0.0460356231433151,15.1140769609139,1.3079093412085e-51,2.12294449941657e-51,"Tidak Signifikan","Tidak Signifikan"
"Rv3138",1797.59145320693,-0.767015816835342,0.0508942372443522,-15.0707792937885,2.52121530897932e-51,4.09065894917012e-51,"Tidak Signifikan","Tidak Signifikan"
"Rv3574",2119.34838375326,0.832072140447115,0.0552224242432498,15.067649634176,2.64351232253803e-51,4.28733171852345e-51,"Tidak Signifikan","Tidak Signifikan"
"Rv2665",1862.25764414909,0.794887308325753,0.0527737696260164,15.0621665641616,2.87217972652517e-51,4.65628809772185e-51,"Tidak Signifikan","Tidak Signifikan"
"Rv1882c",1761.59933513596,-0.778477471434084,0.0517085291060122,-15.0551076368477,3.19578824502214e-51,5.17879573856326e-51,"Tidak Signifikan","Tidak Signifikan"
"Rv2828A",563.076835311151,1.64798670809846,0.109503940374977,15.049565362262,3.47509901135683e-51,5.62912118336159e-51,"Signifikan","Naik"
"Rv0849",3617.28681948377,-0.538121755712854,0.035779657119204,-15.0398801732516,4.02277574418186e-51,6.51361280700793e-51,"Tidak Signifikan","Tidak Signifikan"
"Rv0128",1435.8412698418,-0.872340114162073,0.0580308535906803,-15.0323502100298,4.507262564063e-51,7.29510836052139e-51,"Tidak Signifikan","Tidak Signifikan"
"Rv1628c",1701.51339377669,0.799759175448566,0.0532193089226241,15.0276129404713,4.84139804089e-51,7.83271860856877e-51,"Tidak Signifikan","Tidak Signifikan"
"Rv3744",1274.53860758668,0.950277858936953,0.0632553672120848,15.0228810742783,5.19976372144273e-51,8.4090756962753e-51,"Tidak Signifikan","Tidak Signifikan"
"Rv1458c",2678.89663763537,0.640898634001084,0.0426655235233451,15.0214641958022,5.31212147849847e-51,8.5872803199688e-51,"Tidak Signifikan","Tidak Signifikan"
"Rv2899c",1940.57439833087,-0.745600285468897,0.0496432444665828,-15.0191691433624,5.49926895494081e-51,8.88619142331983e-51,"Tidak Signifikan","Tidak Signifikan"
"Rv0928",2304.93090752847,-0.685068372893129,0.0456207466223917,-15.0165971320794,5.71681086101877e-51,9.23395304790776e-51,"Tidak Signifikan","Tidak Signifikan"
"Rv2015c",782.968438883145,-1.44510522195872,0.0962693571488703,-15.0110613050424,6.21453301579492e-51,1.00338023905814e-50,"Signifikan","Turun"
"Rv1217c",3011.93022614733,-0.61199711914606,0.0407723876163888,-15.0100878296385,6.30641455283332e-51,1.0178009166432e-50,"Tidak Signifikan","Tidak Signifikan"
"Rv0681",3018.29716656725,0.977649107445051,0.0652127375403017,14.9916894201974,8.32094317802649e-51,1.34238233376296e-50,"Tidak Signifikan","Tidak Signifikan"
"Rv2231c",1913.72378226047,-0.755740950646062,0.0504334843163821,-14.9849045904722,9.21578141946367e-51,1.48613841020375e-50,"Tidak Signifikan","Tidak Signifikan"
"Rv0624",596.567096783058,-1.35011659607624,0.0901087257968007,-14.9831948475314,9.45599913410918e-51,1.52425634152829e-50,"Signifikan","Turun"
"Rv3789",744.825605700652,-1.1829477091942,0.0791100560776616,-14.9531901233001,1.48463332511298e-50,2.39217725455857e-50,"Signifikan","Turun"
"Rv1585c",754.002742762101,-1.20299238769302,0.080470398005974,-14.9495021461645,1.56917899817442e-50,2.52737843514328e-50,"Signifikan","Turun"
"Rv2036",750.629233940952,-1.24059308222745,0.0830387513359688,-14.9399293976387,1.81167075725e-50,2.91676050893294e-50,"Signifikan","Turun"
"Rv1277",2480.60683378079,-0.648500239306483,0.0434177936089839,-14.936278087892,1.91369402681742e-50,3.07976641151509e-50,"Tidak Signifikan","Tidak Signifikan"
"Rv3821",2666.15203449008,0.631588558930222,0.0423272907943257,14.9215446365136,2.38683459963598e-50,3.83964836040387e-50,"Tidak Signifikan","Tidak Signifikan"
"Rv2189c",1633.23105651081,-0.79072736570251,0.0530013394793867,-14.919007207545,2.47934835184937e-50,3.98685647012016e-50,"Tidak Signifikan","Tidak Signifikan"
"Rv0853c",3081.0667942658,-0.591599535418247,0.0396640816168002,-14.9152460186465,2.62308686598389e-50,4.21628265695222e-50,"Tidak Signifikan","Tidak Signifikan"
"Rv1652",2972.44028257001,0.644708225546563,0.043283169407878,14.895125157568,3.54520158151832e-50,5.69615823162542e-50,"Tidak Signifikan","Tidak Signifikan"
"Rv0772",2108.18018349104,-0.737571347905751,0.0495358809479199,-14.8896382539599,3.848460783458e-50,6.18090847286554e-50,"Tidak Signifikan","Tidak Signifikan"
"Rv3794",8910.89979706703,0.3660670759915,0.0246201714961563,14.8685835128586,5.27169345287173e-50,8.46329742110165e-50,"Tidak Signifikan","Tidak Signifikan"
"Rv1235",2976.22199794212,-0.588684603948856,0.0396272948453446,-14.8555334459832,6.40560129029284e-50,1.02795389638316e-49,"Tidak Signifikan","Tidak Signifikan"
"RVnc0040",969.781753970667,1.10389216377215,0.0743578065042617,14.8456795011682,7.41991438536477e-50,1.19024667880073e-49,"Signifikan","Naik"
"Rv0773c",2764.78016648977,-0.620710210668841,0.0418320257538305,-14.8381580734709,8.30038755450598e-50,1.33094734958469e-49,"Tidak Signifikan","Tidak Signifikan"
"Rv3232c",2148.44745268728,-0.77084881605173,0.0519517807946356,-14.8377746491286,8.34795881511368e-50,1.33803444927499e-49,"Tidak Signifikan","Tidak Signifikan"
"Rv0274",1774.58013299187,0.774440422241148,0.0522334441658907,14.8265241668071,9.87136030630803e-50,1.58157053049774e-49,"Tidak Signifikan","Tidak Signifikan"
"Rv0783c",3713.34139110088,-0.588535943115492,0.0396962977029061,-14.8259655729155,9.95382457647112e-50,1.59413896224711e-49,"Tidak Signifikan","Tidak Signifikan"
"Rv2315c",3271.2392509008,-0.564376168575546,0.038086747449639,-14.8181770922236,1.11776814228222e-49,1.7894213964623e-49,"Tidak Signifikan","Tidak Signifikan"
"Rv0621",2603.93415491808,-0.62579039813297,0.0422429301779405,-14.8140859428298,1.18794228994613e-49,1.90099518524255e-49,"Tidak Signifikan","Tidak Signifikan"
"Rv3630",4060.6385540411,0.523400170826599,0.0353318999271118,14.8138133501552,1.1927708591059e-49,1.90795241857786e-49,"Tidak Signifikan","Tidak Signifikan"
"Rv0919",1122.03740802493,-0.998020477875377,0.0673859632439372,-14.8105099316091,1.25286240258041e-49,2.00326688876923e-49,"Tidak Signifikan","Tidak Signifikan"
"Rv2800",4682.59934608332,0.481906561255463,0.0326003985008613,14.7822291571906,1.90747027860363e-49,3.04872465560863e-49,"Tidak Signifikan","Tidak Signifikan"
"Rv0434",2346.20092169731,0.675826660090004,0.0458268955512295,14.7473803747955,3.19840567510183e-49,5.10997797548488e-49,"Tidak Signifikan","Tidak Signifikan"
"Rv3312b",314.867495505689,-2.14649132379085,0.145702751689499,-14.7319889219742,4.01706862945987e-49,6.41534269447154e-49,"Signifikan","Turun"
"Rv2566",6867.46510563325,-0.389404050214909,0.0264417847372965,-14.7268444276248,4.3347934393741e-49,6.91997004989821e-49,"Tidak Signifikan","Tidak Signifikan"
"Rv3360",665.659180694807,-1.25557530156956,0.0855118326705393,-14.6830592019592,8.27703038399095e-49,1.32079563689831e-48,"Signifikan","Turun"
"Rv0786c",463.989547770288,-1.54469857834275,0.105244484006722,-14.6772402650964,9.01869733910638e-49,1.4385674444807e-48,"Signifikan","Turun"
"Rv3117",125.954943924752,-4.33269912723394,0.29555824761326,-14.6593748008119,1.17348485743707e-48,1.87106689286691e-48,"Signifikan","Turun"
"Rv3570c",3725.37115331335,0.523494341791158,0.0357125135217398,14.6585689487379,1.18749407627429e-48,1.89264323044601e-48,"Tidak Signifikan","Tidak Signifikan"
"Rv0353",1930.76674397583,1.65730792695245,0.113090079336806,14.6547596099622,1.25600369216575e-48,2.00103078185604e-48,"Signifikan","Naik"
"Rv1994c",1044.38866318413,-0.970310414354394,0.066285183259617,-14.6384209357016,1.59735036886597e-48,2.54383336543207e-48,"Tidak Signifikan","Tidak Signifikan"
"Rv0233",2863.21016229757,-0.587538164196499,0.0401396536020128,-14.6373501381446,1.62270244321676e-48,2.58317038211914e-48,"Tidak Signifikan","Tidak Signifikan"
"Rv1155",1204.0962911909,0.931554606640838,0.0636637972991851,14.6324072103811,1.74502127831367e-48,2.77677473368244e-48,"Tidak Signifikan","Tidak Signifikan"
"Rv2142c",407.448207858298,-1.96344882734473,0.134343249699672,-14.6151654938679,2.24807471968246e-48,3.57582694987181e-48,"Signifikan","Turun"
"Rv2173",3197.54877896892,0.593556474445278,0.0406387809978976,14.6056663086421,2.58443115677073e-48,4.10919374705791e-48,"Tidak Signifikan","Tidak Signifikan"
"Rv1986",1192.253121483,-0.965770444052956,0.0661815296660668,-14.5927488972521,3.12353722881795e-48,4.96437186967982e-48,"Tidak Signifikan","Tidak Signifikan"
"Rv2832c",1723.65702092159,-0.75772823708152,0.0519850515144315,-14.5758870099642,3.9989457101634e-48,6.35315083388795e-48,"Tidak Signifikan","Tidak Signifikan"
"Rv1337",2625.58952976614,0.745614443103786,0.0511939177762515,14.5645122602762,4.72343659202841e-48,7.50115010431414e-48,"Tidak Signifikan","Tidak Signifikan"
"Rv1844c",4287.09198490169,0.488256145114278,0.0335455861684337,14.5550041267046,5.42826614797825e-48,8.61701953142446e-48,"Tidak Signifikan","Tidak Signifikan"
"Rv1808",3933.67909933218,0.535457322653516,0.0368277708202192,14.5394986100961,6.80895358853142e-48,1.08044475542817e-47,"Tidak Signifikan","Tidak Signifikan"
"Rvnt16",115.480843184985,-4.42313386796182,0.304806099545596,-14.5113036601164,1.02749049493325e-47,1.62977000935634e-47,"Signifikan","Turun"
"Rv0825c",1291.49826527293,-0.876303354650026,0.060423095459448,-14.5027881803597,1.16327047315841e-47,1.84440206515564e-47,"Tidak Signifikan","Tidak Signifikan"
"Rv1075c",1950.33478897035,-0.704980034857174,0.0486568947129209,-14.4888003851583,1.42611732681323e-47,2.26025067337917e-47,"Tidak Signifikan","Tidak Signifikan"
"Rv1219c",1001.74561231812,-1.00864619673366,0.0696562257834288,-14.4803452295806,1.61285066195753e-47,2.55518313737441e-47,"Signifikan","Turun"
"Rv1666c",1795.98584600426,-0.732883441932328,0.0506332905314673,-14.4743395943595,1.76008096545769e-47,2.78732183232361e-47,"Tidak Signifikan","Tidak Signifikan"
"Rv1606",682.044966664615,-1.20348688628573,0.0831835871286072,-14.4678406862289,1.9345040762176e-47,3.06232149655037e-47,"Signifikan","Turun"
"Rv1234",2272.70051743938,0.664682760209419,0.0459637562188286,14.4610191787837,2.13611214125233e-47,3.38011841417949e-47,"Tidak Signifikan","Tidak Signifikan"
"Rv3014c",4555.16616907727,-0.468893677940695,0.0324278330403736,-14.4596056528634,2.18043475419279e-47,3.44887746008086e-47,"Tidak Signifikan","Tidak Signifikan"
"Rv0177",1375.12669996143,0.945068029769849,0.0653742686528822,14.4562692515595,2.28871465956085e-47,3.61870508349059e-47,"Tidak Signifikan","Tidak Signifikan"
"Rv3909",4358.42111082907,-0.476454079730032,0.0329620623113439,-14.4546198362734,2.3442052776817e-47,3.70496507432802e-47,"Tidak Signifikan","Tidak Signifikan"
"Rv0221",2944.2083041272,-0.571289914197588,0.0395439869041741,-14.4469477896091,2.62043274250693e-47,4.13988717225208e-47,"Tidak Signifikan","Tidak Signifikan"
"Rv0669c",4245.03037767306,-0.519738760144893,0.0360047293270226,-14.4352914147535,3.10331278269904e-47,4.90081282204104e-47,"Tidak Signifikan","Tidak Signifikan"
"Rv1143",2096.02618039799,-0.684651929928074,0.0474377672045199,-14.4326339596953,3.22524905123196e-47,5.0913501735922e-47,"Tidak Signifikan","Tidak Signifikan"
"Rv1700",1703.59405045457,0.764454613426605,0.0529757952923017,14.4302621453555,3.33809971218516e-47,5.26739918784349e-47,"Tidak Signifikan","Tidak Signifikan"
"Rv3717",2874.22724221944,0.589970039619075,0.0408851845116022,14.4299223952788,3.35458358585615e-47,5.29130540162678e-47,"Tidak Signifikan","Tidak Signifikan"
"Rv2044c",454.244577701007,-1.48822975286959,0.103252402461793,-14.4135121061255,4.25510481449233e-47,6.70832507198714e-47,"Signifikan","Turun"
"Rv3900c",1652.46891585577,-0.778231208851683,0.0539932443201055,-14.4134922553986,4.25632825969035e-47,6.70832507198714e-47,"Tidak Signifikan","Tidak Signifikan"
"Rv1076",2904.47966407442,0.596395882218266,0.0413786663347882,14.4131248067041,4.27903827882424e-47,6.74143957589188e-47,"Tidak Signifikan","Tidak Signifikan"
"Rv3170",2846.38776555119,-0.609522525592676,0.0423331665707405,-14.3982266144475,5.30882889366704e-47,8.36050981388534e-47,"Tidak Signifikan","Tidak Signifikan"
"Rv0061c",1763.83787174869,0.760167915994849,0.0528566004235397,14.381702756205,6.74152700960514e-47,1.06125546218665e-46,"Tidak Signifikan","Tidak Signifikan"
"Rv1417",1339.62556253293,0.866173214934133,0.0602603775746387,14.3738431419765,7.55214548042855e-47,1.18839195243396e-46,"Tidak Signifikan","Tidak Signifikan"
"Rv0302",1952.80341473411,-0.698549249886428,0.0486364225216112,-14.3626774682294,8.87317565257952e-47,1.39571323607387e-46,"Tidak Signifikan","Tidak Signifikan"
"Rv2530c",462.78585103759,-1.4979700766718,0.104306305001204,-14.3612610633126,9.05641010501002e-47,1.42397062570649e-46,"Signifikan","Turun"
"Rv2589",4683.48837111419,0.477945688717037,0.033333751206046,14.3381909153491,1.26305131551997e-46,1.98515236476534e-46,"Tidak Signifikan","Tidak Signifikan"
"Rv0203",1642.91292736294,0.775521166072004,0.0540931793979303,14.3367643518783,1.28927796917114e-46,2.02557057572353e-46,"Tidak Signifikan","Tidak Signifikan"
"Rv1705c",1724.12814480869,-0.742247915679387,0.0517803816563621,-14.3345392972435,1.33127042442232e-46,2.09071645830694e-46,"Tidak Signifikan","Tidak Signifikan"
"Rv2645",661.150372188415,-1.22449012153698,0.085461191559144,-14.3280253785084,1.46219203506873e-46,2.29541583028004e-46,"Signifikan","Turun"
"Rv2604c",1987.62363720294,0.699492384261836,0.0490176886906719,14.2702033275378,3.35598714318443e-46,5.26629786274234e-46,"Tidak Signifikan","Tidak Signifikan"
"Rv2728c",1265.98882236001,-0.85828123833031,0.0601543216351858,-14.2679896472854,3.46421766493749e-46,5.43398634907355e-46,"Tidak Signifikan","Tidak Signifikan"
"Rvnt17",376.159691331486,-1.81336806343948,0.127189979480879,-14.2571613804851,4.04579357957855e-46,6.34374036766329e-46,"Signifikan","Turun"
"Rv3206c",4863.67510254417,0.455060825489235,0.0319424744133229,14.2462609377385,4.72933773856601e-46,7.41259692172713e-46,"Tidak Signifikan","Tidak Signifikan"
"Rv2337c",2734.82370786861,-0.582830920191852,0.040934832526601,-14.2380189246678,5.32143082340479e-46,8.33732862418911e-46,"Tidak Signifikan","Tidak Signifikan"
"Rv0150c",590.779436641895,-1.26946029824726,0.0892776977851075,-14.2192320113683,6.96126910135433e-46,1.09022323431001e-45,"Signifikan","Turun"
"Rv2459",5592.85510514579,0.558785656359789,0.0393240155192882,14.2097811981004,7.96740540391643e-46,1.24730454764548e-45,"Tidak Signifikan","Tidak Signifikan"
"Rv3634c",2781.47549910838,0.586656364574018,0.0413024820132708,14.2039009758668,8.6651408209915e-46,1.35600053794372e-45,"Tidak Signifikan","Tidak Signifikan"
"Rv0566c",914.840272644386,-1.06490617948197,0.0749936989449196,-14.1999420546532,9.16881933145623e-46,1.43425497980626e-45,"Signifikan","Turun"
"Rv0247c",1707.37378509901,-0.733205213246046,0.0516639004209393,-14.1918284773729,1.02939253008006e-45,1.60961772440978e-45,"Tidak Signifikan","Tidak Signifikan"
"Rv3798",229.133521141849,-2.4185229686868,0.170421592595063,-14.1914116155071,1.03553053122566e-45,1.61857746941379e-45,"Signifikan","Turun"
"Rv0662c",366.761519837656,-1.67277212614405,0.118032439565124,-14.1721388823884,1.36285429227364e-45,2.12935918765244e-45,"Signifikan","Turun"
"Rv3278c",802.595735622654,-1.08595297645879,0.0766600834910272,-14.1658204244702,1.49115195695666e-45,2.32889756427049e-45,"Signifikan","Turun"
"Rv0629c",3871.72661955579,-0.492195596849866,0.0347646274446523,-14.1579425130753,1.66806764231624e-45,2.60418116374204e-45,"Tidak Signifikan","Tidak Signifikan"
"Rv2965c",1922.90351373227,0.706204433706995,0.0498939115170822,14.1541204574673,1.76127567290895e-45,2.74861549741534e-45,"Tidak Signifikan","Tidak Signifikan"
"Rv1939",701.084410812885,-1.18032912196617,0.0834188853922654,-14.1494233160254,1.88295040678781e-45,2.93734339902762e-45,"Signifikan","Turun"
"Rv2206",2367.40081025616,0.645796409945779,0.0456710939417176,14.1401563704583,2.1480654952285e-45,3.34959741335356e-45,"Tidak Signifikan","Tidak Signifikan"
"Rv0062",3589.26945950334,0.554955041705291,0.039300362280017,14.1208632569646,2.82509277030875e-45,4.40359254216693e-45,"Tidak Signifikan","Tidak Signifikan"
"Rv3358",256.342608297754,-2.08583400858783,0.147975259362531,-14.0958293810295,4.0288654072633e-45,6.27749767109722e-45,"Signifikan","Turun"
"Rv2359",1052.1402178807,-0.944124136845825,0.0670286864895186,-14.085374282151,4.67177055324618e-45,7.27636976235869e-45,"Tidak Signifikan","Tidak Signifikan"
"Rv3421c",1916.36489877438,0.70022722302635,0.049803343742243,14.0598435850085,6.70342095762102e-45,1.0436605549012e-44,"Tidak Signifikan","Tidak Signifikan"
"Rv2122c",387.091213501181,-1.63077202177783,0.116169066238045,-14.0379196854021,9.13551326333014e-45,1.42175681112713e-44,"Signifikan","Turun"
"Rv2733c",4795.80917815693,0.47741538545535,0.0340202492828706,14.0332712287247,9.75462120633859e-45,1.51751303237432e-44,"Tidak Signifikan","Tidak Signifikan"
"Rv3073c",494.64304778688,-1.51504747076278,0.108218243788258,-13.999926608744,1.56031781770312e-44,2.42641347817652e-44,"Signifikan","Turun"
"Rv2565",3747.53821311962,-0.590129043269472,0.0421704694091246,-13.9938931564699,1.69853477334597e-44,2.64031639728192e-44,"Tidak Signifikan","Tidak Signifikan"
"Rv2521",727.308681760569,-1.12423083970868,0.0803799311764052,-13.9864618351239,1.8856213085108e-44,2.92998814369852e-44,"Signifikan","Turun"
"Rv2231A",758.079779603154,-1.17858371495149,0.0843493455988352,-13.9726479984423,2.28953088811417e-44,3.55621340373881e-44,"Signifikan","Turun"
"Rv0455c",1613.16716850004,-0.748671360573226,0.0535893201049735,-13.9705329178779,2.35855196201864e-44,3.66198654924772e-44,"Tidak Signifikan","Tidak Signifikan"
"Rv2631",2987.00243779936,-0.558851738958512,0.0400184335975149,-13.9648579097113,2.55414332504274e-44,3.96411837654324e-44,"Tidak Signifikan","Tidak Signifikan"
"Rv1213",2829.54341641495,-0.590619309899018,0.0423039149469968,-13.9613392906783,2.68343360787485e-44,4.16315257037135e-44,"Tidak Signifikan","Tidak Signifikan"
"Rv1623c",3485.29120504255,-0.512031772434018,0.0366819757195315,-13.9586748638892,2.78565083592277e-44,4.32004568651511e-44,"Tidak Signifikan","Tidak Signifikan"
"Rv0967",3295.56249358075,-0.564607113171225,0.040511876376301,-13.9368294849338,3.78378941356356e-44,5.86568683220267e-44,"Tidak Signifikan","Tidak Signifikan"
"Rv2045c",3280.83865554544,-0.520169300687975,0.0374658141352303,-13.8838381787317,7.93770236673958e-44,1.23003380034593e-43,"Tidak Signifikan","Tidak Signifikan"
"Rv1239c",2503.22577056688,-0.60757224927787,0.043767152098486,-13.8819233179873,8.15265936433178e-44,1.26285043726295e-43,"Tidak Signifikan","Tidak Signifikan"
"Rv3165c",530.393196148016,-1.32310705510864,0.0953771115144414,-13.8723749765509,9.31409672730978e-44,1.44219444641834e-43,"Signifikan","Turun"
"Rv1870c",2167.02850204934,0.650638401834911,0.0469293082366751,13.8642231535482,1.04349713221214e-43,1.61512021985391e-43,"Tidak Signifikan","Tidak Signifikan"
"Rv0979A",664.810531113363,2.70249558708006,0.194957194674956,13.8619946372629,1.07640951968247e-43,1.6654120766694e-43,"Signifikan","Naik"
"Rv1232c",4580.10713820933,0.450851519540311,0.0325441317787783,13.8535427094818,1.21089475907863e-43,1.87275614396293e-43,"Tidak Signifikan","Tidak Signifikan"
"Rv1619",2902.09035511439,-0.552394497447527,0.0399491545585792,-13.8274389921701,1.74109575844149e-43,2.69170961564201e-43,"Tidak Signifikan","Tidak Signifikan"
"Rv1510",2894.09427564753,-0.624525665453505,0.045210787006484,-13.8136428672196,2.10891292950172e-43,3.25907970055836e-43,"Tidak Signifikan","Tidak Signifikan"
"Rv0774c",2610.35957532415,0.594483192098811,0.0430387447778445,13.8127446598963,2.13537887118053e-43,3.29869469703005e-43,"Tidak Signifikan","Tidak Signifikan"
"Rv3216",531.493476541197,-1.34876019186099,0.0977422957452654,-13.799145820926,2.57890228821159e-43,3.98229092150073e-43,"Signifikan","Turun"
"Rv1849",261.375611374276,-2.12491278856833,0.154211244690059,-13.7792337571691,3.39860242317404e-43,5.24601393491494e-43,"Signifikan","Turun"
"Rv0643c",3319.76735916172,0.52020044925312,0.037775457880022,13.7708575473875,3.81655732343217e-43,5.88886927345602e-43,"Tidak Signifikan","Tidak Signifikan"
"Rv1923",3607.71036237125,0.508707629278916,0.036954813302955,13.7656663317046,4.10085699318004e-43,6.32507764072519e-43,"Tidak Signifikan","Tidak Signifikan"
"Rv3919c",2406.55464833071,0.612172426969331,0.0444718589216991,13.7653887607256,4.11663812976907e-43,6.34695043171158e-43,"Tidak Signifikan","Tidak Signifikan"
"Rv1693",358.68275474142,2.04142647519533,0.148503087908404,13.7466937822497,5.3310636487783e-43,8.21613422482654e-43,"Signifikan","Naik"
"Rv2781c",4183.9436484609,0.517799051094936,0.037668111810667,13.7463500612288,5.35644491019997e-43,8.25204542087894e-43,"Tidak Signifikan","Tidak Signifikan"
"Rv3735",2529.09483520731,0.593107336573717,0.0432481281075206,13.7140579841785,8.36456964168636e-43,1.28813073635752e-42,"Tidak Signifikan","Tidak Signifikan"
"Rv1494",894.938685672702,1.03510603573721,0.0755457372921644,13.7017133307476,9.91565870531059e-43,1.52640349569139e-42,"Signifikan","Naik"
"Rv0186",12235.2551062513,-0.547323969429968,0.0399645354646274,-13.6952416202712,1.08399166739583e-42,1.66803527717581e-42,"Tidak Signifikan","Tidak Signifikan"
"Rv0646c",2523.07816848212,0.596764086183838,0.0435961343648075,13.6884633208574,1.18999321622546e-42,1.83043935198387e-42,"Tidak Signifikan","Tidak Signifikan"
"Rv0536",1556.63997682358,-0.735692487183239,0.0541063427600637,-13.597157923715,4.16298506846752e-42,6.40099293279482e-42,"Tidak Signifikan","Tidak Signifikan"
"Rv2862c",2059.032980202,0.653341833034441,0.0480708532507274,13.5912260518187,4.51453928554194e-42,6.93885212930836e-42,"Tidak Signifikan","Tidak Signifikan"
"Rv0162c",1836.0212948822,-0.68058796858393,0.0500826733926945,-13.5892899176426,4.63555839847496e-42,7.12209921252911e-42,"Tidak Signifikan","Tidak Signifikan"
"Rv2605c",2266.37801531978,0.625175972486228,0.046025276867817,13.5833180163524,5.02953556510538e-42,7.72441640990052e-42,"Tidak Signifikan","Tidak Signifikan"
"Rv0081",1008.92892823697,1.02296919966624,0.0753762932942722,13.5714978139417,5.9101826533561e-42,9.0734112174395e-42,"Signifikan","Naik"
"Rv0204c",3444.18441052879,0.54344192404893,0.0400431912676044,13.5713939585176,5.91856355425586e-42,9.08276271556402e-42,"Tidak Signifikan","Tidak Signifikan"
"Rv0018c",4761.83647015768,0.452008959135983,0.0333328999011157,13.5604451000933,6.87178331568698e-42,1.05415175612259e-41,"Tidak Signifikan","Tidak Signifikan"
"Rv0820",1781.6559070524,-0.69718702700332,0.0514424914421736,-13.5527461337487,7.63205637265861e-42,1.17032731466319e-41,"Tidak Signifikan","Tidak Signifikan"
"Rv1575",164.557333852202,-2.78546071331895,0.205558882629792,-13.5506706286953,7.8509574299783e-42,1.20342921656584e-41,"Signifikan","Turun"
"Rv2366c",3277.52635726034,-0.50770610103898,0.037494140081315,-13.5409453300675,8.96280157173967e-42,1.37332691522176e-41,"Tidak Signifikan","Tidak Signifikan"
"Rv2906c",1321.0857689626,-0.846089392822933,0.0625015493275176,-13.5370947108734,9.44511664850655e-42,1.44667095539094e-41,"Tidak Signifikan","Tidak Signifikan"
"Rv0071",1764.12727579986,-0.842031209125776,0.0622191767560388,-13.5333068199758,9.94474822030815e-42,1.52260965611588e-41,"Tidak Signifikan","Tidak Signifikan"
"Rv1003",1454.95930308752,-0.774806357110252,0.0572793614658084,-13.5267980871741,1.086540654457e-41,1.66292699700267e-41,"Tidak Signifikan","Tidak Signifikan"
"Rv1150",234.449264993518,-2.02853712486218,0.149966433641693,-13.5266077588326,1.0893567381714e-41,1.66659397621518e-41,"Signifikan","Turun"
"Rv1081c",1000.13505679251,-0.932719472071939,0.068958407675691,-13.5258267049681,1.10098937445119e-41,1.68374126771314e-41,"Tidak Signifikan","Tidak Signifikan"
"Rv2507",2003.57250851522,-0.648658899503779,0.0479579477657659,-13.525576671294,1.10473929698519e-41,1.68882496768411e-41,"Tidak Signifikan","Tidak Signifikan"
"Rv1154c",1051.32308824009,-0.898711199470956,0.0664637634280179,-13.5218223151671,1.16259760694492e-41,1.77658887008879e-41,"Tidak Signifikan","Tidak Signifikan"
"Rv0916c",426.709907529886,-1.43329935327215,0.106080884181199,-13.5113820396133,1.33982370259379e-41,2.0466232684596e-41,"Signifikan","Turun"
"Rv3035",3352.4319895297,0.604428604442979,0.0447848733224974,13.496266922326,1.6450278258497e-41,2.51186504432093e-41,"Tidak Signifikan","Tidak Signifikan"
"Rv3548c",1763.26497260669,-0.690356765387576,0.0511783626509701,-13.4892311834148,1.80977879974801e-41,2.76236725609864e-41,"Tidak Signifikan","Tidak Signifikan"
"Rv1175c",5588.67553287098,0.394817473549367,0.0293155539687851,13.467849659937,2.41806030734997e-41,3.68940201509898e-41,"Tidak Signifikan","Tidak Signifikan"
"Rv0438c",2479.52796951142,-0.579176893774163,0.0430178285854311,-13.4636478134629,2.55961124820202e-41,3.90387459500862e-41,"Tidak Signifikan","Tidak Signifikan"
"Rv0738",2190.0258685662,0.690097733755529,0.0512750650951583,13.4587393009608,2.735435215712e-41,4.17043485808206e-41,"Tidak Signifikan","Tidak Signifikan"
"Rv2592c",2575.3615531934,0.629823607627898,0.0468373922647802,13.4470254891091,3.20507806282123e-41,4.88457344418434e-41,"Tidak Signifikan","Tidak Signifikan"
"Rv2467",7497.80987603406,0.418193046485508,0.0311006245164081,13.4464517349122,3.23003760182302e-41,4.9207216460952e-41,"Tidak Signifikan","Tidak Signifikan"
"Rv1336",4400.22705670347,0.468521332528613,0.0348665489127782,13.4375596994317,3.64251710135535e-41,5.5469732595304e-41,"Tidak Signifikan","Tidak Signifikan"
"Rv2289",1699.67981871531,-0.697823996312385,0.0519325589569733,-13.4371194165598,3.66424971019163e-41,5.57792732169232e-41,"Tidak Signifikan","Tidak Signifikan"
"Rv1983",6326.02913001635,0.657259526189751,0.0489421121897879,13.4293249061468,4.07105821126653e-41,6.19481700195409e-41,"Tidak Signifikan","Tidak Signifikan"
"Rv1513",1818.83167393052,0.751240607784463,0.055966564217232,13.4230253061194,4.43242410913743e-41,6.74211136539425e-41,"Tidak Signifikan","Tidak Signifikan"
"Rv3315c",881.962162300239,-0.986760606122566,0.0735293664759316,-13.4199525089824,4.62009201704057e-41,7.02487735975468e-41,"Tidak Signifikan","Tidak Signifikan"
"Rv2759c",510.034626112713,-1.35887657718487,0.101392733443268,-13.4021101023497,5.87681956083792e-41,8.93231540147281e-41,"Signifikan","Turun"
"Rv3259",1364.46744996579,0.801971416834176,0.0598474101772741,13.4002693593366,6.02441114228147e-41,9.15313634677541e-41,"Tidak Signifikan","Tidak Signifikan"
"Rv1881c",983.670038875485,-0.928378881842149,0.0694040494356887,-13.3764368129904,8.30335002364799e-41,1.26107923215205e-40,"Tidak Signifikan","Tidak Signifikan"
"Rvnt42",252.248384496558,-1.91341461004363,0.143083740535743,-13.3726907255801,8.73238369126959e-41,1.32573157685673e-40,"Signifikan","Turun"
"Rv2448c",7512.89057626877,0.347423720537602,0.0259851796760004,13.3700718975008,9.04533765422449e-41,1.37271822778533e-40,"Tidak Signifikan","Tidak Signifikan"
"Rv1266c",5215.32016037844,0.404704186977095,0.030278667995808,13.3659838349932,9.55630609425124e-41,1.44970807938412e-40,"Tidak Signifikan","Tidak Signifikan"
"Rv1534",1979.44837541766,0.693091894672754,0.0518582237649877,13.365129855078,9.6666167319546e-41,1.46588182628685e-40,"Tidak Signifikan","Tidak Signifikan"
"Rv3657c",703.239575234619,-1.21356890496499,0.0909932583245938,-13.3369100888322,1.41191444787165e-40,2.14026160286848e-40,"Signifikan","Turun"
"Rv3906c",1651.9551194116,0.713369892651798,0.0536070167548425,13.3073977220968,2.09657662734696e-40,3.17689819735882e-40,"Tidak Signifikan","Tidak Signifikan"
"Rv3319",1254.74852897707,-0.800469962220501,0.0602546180897894,-13.2847902384456,2.83652202200861e-40,4.2964806648752e-40,"Tidak Signifikan","Tidak Signifikan"
"Rv1869c",4180.96971526162,0.446167020347957,0.0336975701557744,13.2403321155042,5.13213789945062e-40,7.77068360577122e-40,"Tidak Signifikan","Tidak Signifikan"
"Rv0538",4920.11239731268,0.427868465808821,0.0323633750588298,13.2207615871659,6.65863071344478e-40,1.00781335521692e-39,"Tidak Signifikan","Tidak Signifikan"
"Rv3226c",1920.76444239958,-0.645494463318499,0.0488264229923115,-13.2201874263888,6.70965469963217e-40,1.01514874879637e-39,"Tidak Signifikan","Tidak Signifikan"
"Rvnt25",359.966692265589,-1.56763754154157,0.118814078296294,-13.1940386528292,9.49585247444472e-40,1.43614360526581e-39,"Signifikan","Turun"
"Rv1020",11189.5163367957,0.298016295962657,0.022587858629409,13.1936497767276,9.54497690039242e-40,1.44302299404942e-39,"Tidak Signifikan","Tidak Signifikan"
"Rv1897c",636.908919592254,-1.13549142538939,0.0861159299847382,-13.1856141551351,1.06185700024836e-39,1.60471875047057e-39,"Signifikan","Turun"
"Rv1734c",865.789065175145,1.06524352571579,0.0808742252104492,13.1716071831766,1.27846820653249e-39,1.93133411093465e-39,"Signifikan","Naik"
"Rv0627",1435.26109515848,1.03513061458406,0.0786186936698131,13.1664692742347,1.36849246391673e-39,2.06654343523322e-39,"Signifikan","Naik"
"Rv1254",1722.87415929929,-0.680770325669404,0.0517437526906742,-13.1565704122596,1.56008058073977e-39,2.35496182031761e-39,"Tidak Signifikan","Tidak Signifikan"
"Rv0184",1334.87081229044,-0.781691843510696,0.0594151901126576,-13.1564309064487,1.56296298163342e-39,2.35841542340806e-39,"Tidak Signifikan","Tidak Signifikan"
"Rv3464",3109.24427871529,0.518368372637234,0.0395083111534088,13.1204892718505,2.51307195329194e-39,3.79062982460423e-39,"Tidak Signifikan","Tidak Signifikan"
"Rv1604",2096.27506268922,-0.62535387841121,0.0476705438935357,-13.1182450908854,2.58860016044834e-39,3.90306987324156e-39,"Tidak Signifikan","Tidak Signifikan"
"Rv1879",2196.64881509139,-0.602888077949166,0.0459820625710455,-13.1113752676418,2.83412027232317e-39,4.27163948339894e-39,"Tidak Signifikan","Tidak Signifikan"
"Rv0854",876.434906135085,-0.947970960731792,0.0723163903782908,-13.1086598179598,2.93743266677445e-39,4.42567238476804e-39,"Tidak Signifikan","Tidak Signifikan"
"Rv3567c",628.579558933712,-1.12533747089887,0.0858663836873954,-13.1056814386847,3.05505850778644e-39,4.60114544433895e-39,"Signifikan","Turun"
"Rv2553c",3940.98913239784,0.471853179851848,0.0360302441129209,13.0960306117558,3.46932881446023e-39,5.22308440491983e-39,"Tidak Signifikan","Tidak Signifikan"
"Rv1245c",3019.85714845872,0.54883654800632,0.0420876733375307,13.0403157144091,7.21576314312598e-39,1.08592307999927e-38,"Tidak Signifikan","Tidak Signifikan"
"Rv0157A",568.02820444568,1.24907971616581,0.0958139991928588,13.0365053821791,7.58549242946006e-39,1.14113191003671e-38,"Signifikan","Naik"
"Rv0123",626.913851206809,-1.18578298019779,0.09097009085129,-13.0348663951123,7.75026584601305e-39,1.16547780936823e-38,"Signifikan","Turun"
"Rv2023c",681.345319224583,-1.07742432827443,0.0828945950916557,-12.9975220589851,1.2637194829261e-38,1.89964955997266e-38,"Signifikan","Turun"
"Rv3249c",2074.33104815922,0.635188676610867,0.0489213561474242,12.9838730287184,1.51045109717769e-38,2.26968162973632e-38,"Tidak Signifikan","Tidak Signifikan"
"Rv0907",3050.31955863359,-0.503098204158478,0.0387968594260869,-12.9674981841493,1.87035935540381e-38,2.80943413967698e-38,"Tidak Signifikan","Tidak Signifikan"
"Rv0575c",3449.21550101262,0.48666077027228,0.0375306063852258,12.967037230282,1.88163866968826e-38,2.82530681402473e-38,"Tidak Signifikan","Tidak Signifikan"
"Rv2929",917.1073623425,0.967798988583918,0.0746703688419077,12.9609509581096,2.03706383406985e-38,3.0575225992263e-38,"Tidak Signifikan","Tidak Signifikan"
"Rv2117",310.669024909494,-1.66233995734775,0.128439434170525,-12.9425979496353,2.58729807014964e-38,3.88192565971393e-38,"Signifikan","Turun"
"Rv0711",5272.48978735365,-0.394491548956991,0.0304880783695045,-12.9392067343798,2.70407126810676e-38,4.05559573556882e-38,"Tidak Signifikan","Tidak Signifikan"
"Rv2119",1571.27978479212,-0.695875085447479,0.0537829803131566,-12.9385742737885,2.72642210689115e-38,4.08757237265201e-38,"Tidak Signifikan","Tidak Signifikan"
"Rv1011",2414.24816596027,0.59519913096253,0.0460298398666675,12.9307234760454,3.01963930566845e-38,4.52546623558245e-38,"Tidak Signifikan","Tidak Signifikan"
"Rv0216",1764.95637232184,-0.66909121780059,0.0517557827931581,-12.9278542742675,3.13444919613725e-38,4.69575527230985e-38,"Tidak Signifikan","Tidak Signifikan"
"Rv3916c",3209.95804474954,0.503691454381684,0.0389645973782282,12.9269000136808,3.1735870480995e-38,4.75259336346196e-38,"Tidak Signifikan","Tidak Signifikan"
"Rv0586",3153.63416960319,0.502784103940986,0.0389306940846142,12.9148507562749,3.71163007486817e-38,5.55624019132151e-38,"Tidak Signifikan","Tidak Signifikan"
"Rv2234",723.963902840817,-1.05861860482046,0.0820519093520359,-12.9018156089282,4.39615911038598e-38,6.57848479475715e-38,"Signifikan","Turun"
"Rv2791c",6033.596046732,0.386332237028125,0.0301078581158363,12.8316081317296,1.09076364024442e-37,1.63162117679095e-37,"Tidak Signifikan","Tidak Signifikan"
"Rv0205",2406.59529325016,-0.569631151537733,0.0444067281067957,-12.8275866253375,1.1488737373107e-37,1.71789751824785e-37,"Tidak Signifikan","Tidak Signifikan"
"Rv1657",1153.47795604356,0.842276506238336,0.0656938727138704,12.8212338752941,1.24700152763426e-37,1.86392428791451e-37,"Tidak Signifikan","Tidak Signifikan"
"Rv0956",904.98458498026,-0.928585332185784,0.0724267218442075,-12.8210321900694,1.25024967292625e-37,1.8680754999994e-37,"Tidak Signifikan","Tidak Signifikan"
"Rv1670",560.252172698478,-1.17436888400822,0.0917048654778632,-12.8059604895414,1.51835388159231e-37,2.26781244287526e-37,"Signifikan","Turun"
"Rv0958",3671.84501834319,0.523437923754097,0.0409005416369734,12.7978237647816,1.6861036016792e-37,2.51741550164147e-37,"Tidak Signifikan","Tidak Signifikan"
"Rv0540",886.147039122288,-0.918333898969461,0.0719911410202224,-12.7562070270771,2.87880831717435e-37,4.29655101363079e-37,"Tidak Signifikan","Tidak Signifikan"
"Rv1990c",634.231900778868,-1.09569302275689,0.0859325974322646,-12.7506098441928,3.09316002063222e-37,4.61472952307184e-37,"Signifikan","Turun"
"Rv1706c",2103.34393434917,-0.611685709308096,0.047983563244705,-12.7478175430332,3.20595261789802e-37,4.78120828391032e-37,"Tidak Signifikan","Tidak Signifikan"
"Rv0357c",2613.71123370549,-0.532182235734628,0.0417958677756612,-12.7328911697948,3.88193651660608e-37,5.78716353302379e-37,"Tidak Signifikan","Tidak Signifikan"
"Rv2301",1128.25796010001,-0.810151879060228,0.0637714775505553,-12.7039847621215,5.61939502038422e-37,8.37420738011427e-37,"Tidak Signifikan","Tidak Signifikan"
"Rv0498",1589.42107537505,-0.679810938244669,0.0535268197871654,-12.7003797525754,5.88434771086017e-37,8.76575567742482e-37,"Tidak Signifikan","Tidak Signifikan"
"Rv2851c",1395.77256876958,0.739155774343542,0.0582664719985506,12.6857822172918,7.0902441762386e-37,1.05581826753523e-36,"Tidak Signifikan","Tidak Signifikan"
"Rv2506",1165.55212968108,-0.790758680726725,0.0624780450520793,-12.6565848862201,1.02878224021983e-36,1.53139930467245e-36,"Tidak Signifikan","Tidak Signifikan"
"Rv0224c",1330.23624123784,-0.74141596548205,0.0586702236841983,-12.6370059448356,1.31984727972202e-36,1.96392879169439e-36,"Tidak Signifikan","Tidak Signifikan"
"Rv1557",2354.08499551194,-0.56143773972747,0.0444402713520323,-12.6335353643559,1.37938685508603e-36,2.05175390105972e-36,"Tidak Signifikan","Tidak Signifikan"
"Rv0023",1717.23760775104,-0.663335980550842,0.0525217188021795,-12.6297462398225,1.44744260148688e-36,2.15217571218082e-36,"Tidak Signifikan","Tidak Signifikan"
"Rv3541c",578.712566650571,-1.13799129067534,0.0902658508030064,-12.6071075667238,1.92944993741677e-36,2.86778864808256e-36,"Signifikan","Turun"
"Rv1988",2756.75315282864,0.532953175532771,0.0422941721824003,12.6011019493259,2.08215007463184e-36,3.09359151537997e-36,"Tidak Signifikan","Tidak Signifikan"
"Rv0855",2297.94786275846,-0.560654130571804,0.0446143586526224,-12.5666746649254,3.21984256311681e-36,4.78214730358832e-36,"Tidak Signifikan","Tidak Signifikan"
"Rv2673",2554.16149086535,-0.57164869368584,0.045495456617544,-12.5649622223025,3.29032160397189e-36,4.88499468673521e-36,"Tidak Signifikan","Tidak Signifikan"
"Rv3284",1942.1777179027,0.633931022525358,0.0504699852676725,12.560554935042,3.47884209910832e-36,5.16295047031901e-36,"Tidak Signifikan","Tidak Signifikan"
"Rv1052",1903.57213739407,0.629270976415243,0.0501149597812311,12.5565495644858,3.65946212972823e-36,5.42897766216601e-36,"Tidak Signifikan","Tidak Signifikan"
"Rv2328",2133.70906022384,-0.595749459322,0.0474611919388283,-12.5523492981349,3.85888644592537e-36,5.72269253494801e-36,"Tidak Signifikan","Tidak Signifikan"
"Rv0029",3509.7893225207,0.47021941107237,0.0375054636431966,12.5373576379629,4.66285142590496e-36,6.91238101889574e-36,"Tidak Signifikan","Tidak Signifikan"
"Rv2654c",162.047047704157,-2.44223506652649,0.194809839920668,-12.5365077427354,4.71311566417431e-36,6.98428458714213e-36,"Signifikan","Turun"
"Rv2056c",260.187403682084,-1.9686109088588,0.157148153986001,-12.5271017121471,5.30667272111056e-36,7.86093005401255e-36,"Signifikan","Turun"
"Rv0142",1995.94053649855,-0.609131377113024,0.0486432515374872,-12.5224231082413,5.62900314854684e-36,8.33529506916212e-36,"Tidak Signifikan","Tidak Signifikan"
"Rv3793",7085.51096965042,-0.34001822476398,0.0271657037868615,-12.5164518994876,6.06879212970044e-36,8.9831710367618e-36,"Tidak Signifikan","Tidak Signifikan"
"Rv3008",2650.69383841198,0.52551429839508,0.0421152735836151,12.4779979726768,9.84305144978839e-36,1.45644853044799e-35,"Tidak Signifikan","Tidak Signifikan"
"Rv0992c",2088.09620223152,0.59300893863776,0.0475392466861181,12.4740920392187,1.03377841431927e-35,1.52908238986001e-35,"Tidak Signifikan","Tidak Signifikan"
"Rv1711",1817.37620607239,0.638995838001962,0.0512565116046764,12.4666275171107,1.13529990458285e-35,1.67861897930681e-35,"Tidak Signifikan","Tidak Signifikan"
"Rv3731",2288.55839297856,-0.562576249929478,0.045173262590301,-12.453744043944,1.33435546793021e-35,1.97220124488791e-35,"Tidak Signifikan","Tidak Signifikan"
"Rv2121c",1411.93072737039,-0.719290322226915,0.0578017163889562,-12.4440997112734,1.50572565711304e-35,2.22466058911263e-35,"Tidak Signifikan","Tidak Signifikan"
"Rv1149",142.311005221302,-3.07058425857954,0.246858761404105,-12.4386278255404,1.61250194126047e-35,2.38153209269556e-35,"Signifikan","Turun"
"Rv0602c",864.615707157237,-2.7614272355466,0.222084105052551,-12.4341507236332,1.70543710475442e-35,2.51785224955742e-35,"Signifikan","Turun"
"Rv2114",2004.14297089431,0.610943712276585,0.0491946355675295,12.4189092007388,2.0635582975883e-35,3.04543741314464e-35,"Tidak Signifikan","Tidak Signifikan"
"Rv3696c",2870.43677436147,-0.498163196692963,0.0401422832707561,-12.4099367575306,2.30835045723528e-35,3.40543929485026e-35,"Tidak Signifikan","Tidak Signifikan"
"Rv1618",2791.39891169205,0.524634919199214,0.0423094613290384,12.3999432448255,2.61508752964064e-35,3.85652499259644e-35,"Tidak Signifikan","Tidak Signifikan"
"Rv1880c",4801.39909396342,0.390393407850656,0.0315261937799083,12.3831443331245,3.2245731530035e-35,4.75357922629687e-35,"Tidak Signifikan","Tidak Signifikan"
"Rv1470",536.274607248286,-1.16177078486991,0.0938227181612306,-12.3826169997916,3.24583468535982e-35,4.78314494681367e-35,"Signifikan","Turun"
"Rv2580c",5246.56683910543,0.373928281673891,0.0302068388744777,12.3789279383958,3.398520429383e-35,5.00628687091065e-35,"Tidak Signifikan","Tidak Signifikan"
"Rv2058c",217.337104718415,-2.04768815280446,0.165423168519592,-12.3784846532059,3.41734120645564e-35,5.03214274907554e-35,"Signifikan","Turun"
"Rv1238",2456.6007693665,-0.532878704614693,0.0431511806447576,-12.3491106535791,4.92528778264923e-35,7.24995051345807e-35,"Tidak Signifikan","Tidak Signifikan"
"Rv2843",1755.05956172132,0.661186128424084,0.0535742509849557,12.3414908518227,5.41439326483992e-35,7.96695032701038e-35,"Tidak Signifikan","Tidak Signifikan"
"Rv3824c",5603.71339287447,0.36791818367073,0.0298284100071291,12.334488616148,5.90627089915235e-35,8.68749597958374e-35,"Tidak Signifikan","Tidak Signifikan"
"Rv2534c",1520.77732087916,0.686850158879573,0.0556882397766282,12.3338457389676,5.9535963365493e-35,8.75386088476319e-35,"Tidak Signifikan","Tidak Signifikan"
"Rvnt38",220.202376626601,-1.93676498026145,0.15710664397329,-12.32770894521,6.42475334885804e-35,9.44312580026671e-35,"Signifikan","Turun"
"Rv0021c",2364.59845732712,-0.631305089589899,0.0512108829597156,-12.3275572125266,6.43686034422287e-35,9.4574166613082e-35,"Tidak Signifikan","Tidak Signifikan"
"Rv3444c",348.873638071941,-1.45216629734819,0.117864873628706,-12.3206028449389,7.01677824732602e-35,1.03056495028294e-34,"Signifikan","Turun"
"Rv3683",3102.75813964959,0.532253266738096,0.0432178359442931,12.3155927433331,7.46645729943974e-35,1.09620414903321e-34,"Tidak Signifikan","Tidak Signifikan"
"Rv1208",2686.63406752618,0.515340553104052,0.0418864014951809,12.3032902017936,8.69583962666534e-35,1.27622625967375e-34,"Tidak Signifikan","Tidak Signifikan"
"Rv0787",2255.18455544132,0.57517531200971,0.0468129631096855,12.2866674912682,1.06819483925578e-34,1.5671334790413e-34,"Tidak Signifikan","Tidak Signifikan"
"Rv3779",4672.91521204312,-0.404757514221138,0.0329471575182404,-12.2850511154734,1.08976121018942e-34,1.59818215187484e-34,"Tidak Signifikan","Tidak Signifikan"
"Rv2022c",1123.98709479076,-0.78575407515639,0.0640047450640437,-12.2764972248567,1.21130050549988e-34,1.77576833160312e-34,"Tidak Signifikan","Tidak Signifikan"
"Rv1519",438.801099834114,-1.27120359793969,0.103778751022614,-12.2491703302797,1.69723334503778e-34,2.48722743988359e-34,"Signifikan","Turun"
"Rv1878",2721.77028953437,-0.500609727526662,0.0409610409153677,-12.2216065885875,2.38327649520637e-34,3.49130644626428e-34,"Tidak Signifikan","Tidak Signifikan"
"Rv3623",2044.26886312639,0.617256341391933,0.050516755537262,12.2188437247644,2.46566659705845e-34,3.61066791824691e-34,"Tidak Signifikan","Tidak Signifikan"
"Rv3293",4589.71571439862,0.398120844012097,0.0326086309215732,12.209063452238,2.78071570963382e-34,4.07051631738648e-34,"Tidak Signifikan","Tidak Signifikan"
"Rv1063c",3002.4064819875,-0.478006733990224,0.0391522343544003,-12.2089260516623,2.78541527857503e-34,4.07589170420772e-34,"Tidak Signifikan","Tidak Signifikan"
"Rv3262",3093.57951255043,-0.500566563930754,0.0410019715067139,-12.2083535385314,2.80508226472666e-34,4.10315683782104e-34,"Tidak Signifikan","Tidak Signifikan"
"Rv3276c",3355.1688193335,0.458740551592175,0.0376568428003091,12.1821299258898,3.87040242482256e-34,5.65937575350943e-34,"Tidak Signifikan","Tidak Signifikan"
"Rv1164",2275.46309380898,0.552534838089741,0.0454075525266908,12.1683466151354,4.58271159588986e-34,6.69845869598198e-34,"Tidak Signifikan","Tidak Signifikan"
"Rv1607",3305.50043305059,0.459211442851559,0.0377724397732369,12.1573148467081,5.24546317507965e-34,7.664365530586e-34,"Tidak Signifikan","Tidak Signifikan"
"Rv0644c",3318.76515062841,0.494345987278077,0.0406677359417623,12.1557292490046,5.34824047095057e-34,7.81166051114172e-34,"Tidak Signifikan","Tidak Signifikan"
"Rv1853",1024.90905341876,-0.813028224869953,0.0669716505667339,-12.1398863248833,6.49161597874859e-34,9.47818939554496e-34,"Tidak Signifikan","Tidak Signifikan"
"Rv0091",1545.71858129391,-0.680680733605813,0.056093664264096,-12.134716862159,6.91487676101999e-34,1.00924636169854e-33,"Tidak Signifikan","Tidak Signifikan"
"Rv2526",783.631075744031,0.997079355173479,0.0821744801642219,12.133686190419,7.00248681003195e-34,1.02165741726358e-33,"Tidak Signifikan","Tidak Signifikan"
"Rv1151c",2012.09764147143,0.585268394451098,0.0482879505829479,12.1203817388302,8.23745580504686e-34,1.2013965874493e-33,"Tidak Signifikan","Tidak Signifikan"
"Rv0959",5949.35390217919,0.34631643664627,0.0285789713044295,12.1178762159502,8.4931529781422e-34,1.23823365910658e-33,"Tidak Signifikan","Tidak Signifikan"
"Rv0451c",1414.39653483802,-0.769221739236617,0.0635643684001216,-12.1014612210816,1.03747824590018e-33,1.51200448254446e-33,"Tidak Signifikan","Tidak Signifikan"
"Rv0456B",110.117792026238,-3.09859146491189,0.256341800835763,-12.0877338569418,1.22622449976415e-33,1.78642401416247e-33,"Signifikan","Turun"
"Rv1691",1722.93384978901,0.639768706349965,0.0529507282536668,12.0823400819924,1.30939383906268e-33,1.90688889851749e-33,"Tidak Signifikan","Tidak Signifikan"
"Rv2508c",2707.25743961004,-0.506652481079343,0.0419631658948904,-12.0737430142523,1.45368600943428e-33,2.11624675208285e-33,"Tidak Signifikan","Tidak Signifikan"
"Rv1941",1749.86473974847,-0.639080910932629,0.0531311798988935,-12.0283590943919,2.52121809252978e-33,3.66899199305416e-33,"Tidak Signifikan","Tidak Signifikan"
"Rv1108c",3421.90408084808,0.448922034151302,0.0373685553271038,12.0133633805665,3.02295347977868e-33,4.39752711928201e-33,"Tidak Signifikan","Tidak Signifikan"
"Rv2395",4691.68764520184,-0.385442482723244,0.0320965207626699,-12.0088555882211,3.19232082932857e-33,4.64220554616805e-33,"Tidak Signifikan","Tidak Signifikan"
"Rvnt09",86.0025358098529,-3.64629477848669,0.304330249176257,-11.9813748004224,4.44884097545956e-33,6.4670399962067e-33,"Signifikan","Turun"
"Rv2662",232.388289393051,-1.76668157926026,0.147608778378966,-11.9686755670082,5.18496672586993e-33,7.5343454218044e-33,"Signifikan","Turun"
"Rv1443c",1948.05185011195,0.631823846316145,0.0528595694598884,11.9528753785177,6.2717102094389e-33,9.1101700479107e-33,"Tidak Signifikan","Tidak Signifikan"
"Rv0011c",951.086100173804,-0.830240922182297,0.0695337986633492,-11.9401059361354,7.31299943579414e-33,1.06188392246689e-32,"Tidak Signifikan","Tidak Signifikan"
"Rv1285",3635.39031677697,0.431409691282211,0.0361494311501734,11.9340658360579,7.86367325207465e-33,1.14142670292646e-32,"Tidak Signifikan","Tidak Signifikan"
"Rv1381",3325.34796210653,0.450101453938915,0.0377539036073451,11.9219845084138,9.09167630370071e-33,1.3191909252663e-32,"Tidak Signifikan","Tidak Signifikan"
"Rv0227c",3633.26323976627,0.443695097546483,0.0372445949072808,11.9130064013596,1.01259248785716e-32,1.4687219010345e-32,"Tidak Signifikan","Tidak Signifikan"
"Rv0072",3511.03652319992,0.460100178059551,0.0386418300653268,11.9067905759566,1.09096050289394e-32,1.58181298062144e-32,"Tidak Signifikan","Tidak Signifikan"
"Rv2827c",2017.09825362842,-0.708452982134555,0.0595027188118354,-11.906228761998,1.09833378328212e-32,1.59192185541841e-32,"Tidak Signifikan","Tidak Signifikan"
"Rv0144",2841.50744262079,0.487090667498049,0.0410100094196247,11.8773605368878,1.5519057498845e-32,2.24850624901089e-32,"Tidak Signifikan","Tidak Signifikan"
"Rv0208c",2136.62799750621,0.568094591622041,0.0479074500632918,11.8581680066778,1.95199343648627e-32,2.82714785050786e-32,"Tidak Signifikan","Tidak Signifikan"
"Rv3173c",1889.87917900691,-0.586358296419244,0.0495625828561962,-11.8306646390996,2.70987506874e-32,3.92338481667576e-32,"Tidak Signifikan","Tidak Signifikan"
"Rv1915",4024.30656951152,0.428915303553677,0.0362563338959953,11.8300792568841,2.72884002953765e-32,3.94940109346073e-32,"Tidak Signifikan","Tidak Signifikan"
"Rv0163",1309.02231795483,0.717098880256532,0.0606426298522535,11.8249964093516,2.89915119959535e-32,4.19435915710968e-32,"Tidak Signifikan","Tidak Signifikan"
"Rv3209",2109.67452596305,0.557882218453503,0.0473735901397986,11.7762284177155,5.17575651175374e-32,7.48531756548564e-32,"Tidak Signifikan","Tidak Signifikan"
"Rv3013",1172.91980400374,-0.747043671924772,0.0634798925493523,-11.7681937054948,5.69304267155084e-32,8.23043013048184e-32,"Tidak Signifikan","Tidak Signifikan"
"Rv1083",515.798065102996,1.23459621993026,0.104956871255352,11.7628908442458,6.06224568392145e-32,8.76099403574368e-32,"Signifikan","Naik"
"Rv2801c",522.939590970197,-1.3464726282902,0.114476575104043,-11.7619925916412,6.12709813483169e-32,8.85149246208205e-32,"Signifikan","Turun"
"Rv3809c",3265.21869130279,0.458016805496149,0.0389437255359852,11.7609909989974,6.20022414463384e-32,8.95387301847922e-32,"Tidak Signifikan","Tidak Signifikan"
"Rv3568c",2162.3404090269,0.551215520944416,0.0468768621540454,11.758797317385,6.36342555428201e-32,9.18621148975136e-32,"Tidak Signifikan","Tidak Signifikan"
"Rv1269c",786.62615161803,-0.894754205364859,0.0762431415365399,-11.735536958902,8.37928453516285e-32,1.20918958715864e-31,"Tidak Signifikan","Tidak Signifikan"
"Rv0495c",3434.20531437422,0.438935039155372,0.0374031418511,11.7352451540769,8.40823425065657e-32,1.2129260099038e-31,"Tidak Signifikan","Tidak Signifikan"
"Rv1538c",2123.53009067574,0.561205793359329,0.0478227991834676,11.7351096744947,8.42170880333956e-32,1.21442816513443e-31,"Tidak Signifikan","Tidak Signifikan"
"Rv2860c",3062.67569651523,-0.458019355769843,0.0390445453086313,-11.7306874020273,8.87351016666219e-32,1.27911391101559e-31,"Tidak Signifikan","Tidak Signifikan"
"Rv1402",3749.44967443382,-0.410912639013051,0.0350765239959915,-11.7147479909928,1.07109251909948e-31,1.54341591836819e-31,"Tidak Signifikan","Tidak Signifikan"
"Rv0985c",1036.58177265848,-0.845459853382917,0.072210887954709,-11.7082046396271,1.15703688297392e-31,1.66665407217049e-31,"Tidak Signifikan","Tidak Signifikan"
"Rv0226c",3426.47153241437,-0.434440085430087,0.0371295394375936,-11.7006591520017,1.26467295559223e-31,1.82103724676383e-31,"Tidak Signifikan","Tidak Signifikan"
"Rv0138",910.619032281975,-0.825864570904213,0.070610470738606,-11.6960638027962,1.33503684399929e-31,1.9216586212428e-31,"Tidak Signifikan","Tidak Signifikan"
"Rv1176c",987.936686794203,-0.85066535520399,0.0727374050686034,-11.6950192875546,1.35156490461039e-31,1.94474355335126e-31,"Tidak Signifikan","Tidak Signifikan"
"Rv1728c",1238.25189237032,-0.709097989915327,0.060637430914344,-11.6940638681905,1.36686096685051e-31,1.96603968654676e-31,"Tidak Signifikan","Tidak Signifikan"
"Rv2399c",1350.87929125486,-0.723638235824055,0.061886339177022,-11.6930205510158,1.38376062190726e-31,1.98962609173834e-31,"Tidak Signifikan","Tidak Signifikan"
"Rv0420c",769.569005258882,-0.923809210532012,0.0790722402020779,-11.6831040599219,1.55510938384278e-31,2.23518801655953e-31,"Tidak Signifikan","Tidak Signifikan"
"Rv2614A",254.534002387583,-1.74061300404881,0.14905113821713,-11.6779584837063,1.65215953822989e-31,2.37381995224846e-31,"Signifikan","Turun"
"Rv1588c",602.144767705489,-1.04600736638605,0.089691480266147,-11.6622823403312,1.98645165096075e-31,2.85309692228867e-31,"Signifikan","Turun"
"Rv3070",317.369423813241,-1.42921703700538,0.122624485603619,-11.655233699616,2.15787587703556e-31,3.09818805798048e-31,"Signifikan","Turun"
"Rv3197A",403.70982546187,-1.79115090281996,0.153727667601152,-11.6514543593227,2.25575787869331e-31,3.23755119564991e-31,"Signifikan","Turun"
"Rv0972c",2708.31511133248,-0.478842442653868,0.0411057594299284,-11.6490353005188,2.32071033899171e-31,3.32956886610493e-31,"Tidak Signifikan","Tidak Signifikan"
"Rv3123",1027.17077359327,-0.778762644985591,0.0668603441635654,-11.6476015002323,2.36008119119695e-31,3.38483083350625e-31,"Tidak Signifikan","Tidak Signifikan"
"Rv1648",2628.79667966303,0.495492833562472,0.0425941873972638,11.6328744328693,2.8049052385499e-31,4.02134408432507e-31,"Tidak Signifikan","Tidak Signifikan"
"Rvnt24",429.127675770023,-1.2917028230149,0.111071193614584,-11.6295033930859,2.91790137028589e-31,4.18183335835409e-31,"Signifikan","Turun"
"Rv2884",2217.52957891804,0.568988003277244,0.0489781593207615,11.6171781701901,3.37086758322728e-31,4.82926388684096e-31,"Tidak Signifikan","Tidak Signifikan"
"Rv2129c",2412.67747627517,0.522415869817081,0.0449833022526587,11.6135508879009,3.51700641320891e-31,5.03681026758114e-31,"Tidak Signifikan","Tidak Signifikan"
"Rv0367c",1848.53225306268,0.631281588095496,0.0543792243759047,11.6088744431452,3.7147313462226e-31,5.31805819215628e-31,"Tidak Signifikan","Tidak Signifikan"
"Rv3504",2503.0333390083,-0.51401407621395,0.0443396680510627,-11.5926460167,4.4904247553028e-31,6.42623196402822e-31,"Tidak Signifikan","Tidak Signifikan"
"Rv3041c",2011.28807857148,0.561030915962567,0.0484221617705507,11.5862426510618,4.8389769652716e-31,6.9225465637333e-31,"Tidak Signifikan","Tidak Signifikan"
"Rv1786",650.87613181156,-1.05397509641174,0.0909771795772876,-11.5850491442897,4.90685108745218e-31,7.01711545202697e-31,"Signifikan","Turun"
"Rv2509",2467.55011222241,0.50380528116919,0.0435666422096507,11.5640144756804,6.27071262518776e-31,8.96429440869183e-31,"Tidak Signifikan","Tidak Signifikan"
"Rv3182",686.529723286075,-0.948154952691535,0.0820590401898315,-11.5545459768737,7.00165349790918e-31,1.00056049806217e-30,"Tidak Signifikan","Tidak Signifikan"
"Rv0124",2376.62442227605,-0.518874558315929,0.0449475800770734,-11.5439931899825,7.91629918021425e-31,1.1308591590893e-30,"Tidak Signifikan","Tidak Signifikan"
"Rv2077A",557.254195451893,-1.09710340612573,0.0951308456456088,-11.5325728335557,9.0401029792601e-31,1.29093191212112e-30,"Signifikan","Turun"
"Rv0078B",785.598261063423,0.907140309470139,0.0786708006255575,11.5308386625906,9.2240731828077e-31,1.31672897863254e-30,"Tidak Signifikan","Tidak Signifikan"
"Rv3162c",879.436964658909,-0.834248338233459,0.0723595233173881,-11.5292127419666,9.39993330331897e-31,1.34135019475778e-30,"Tidak Signifikan","Tidak Signifikan"
"Rv3693",3558.35059828753,0.431218726141699,0.0374401180775809,11.5175578572738,1.07618023216355e-30,1.53513375799814e-30,"Tidak Signifikan","Tidak Signifikan"
"Rvnt01",296.678280933986,-1.47190671898302,0.127872089730271,-11.5107739467449,1.16428787042973e-30,1.66021926024254e-30,"Signifikan","Turun"
"Rv0093c",2403.88905850903,0.50929267051894,0.0442517493351639,11.5089838971459,1.18870697793435e-30,1.69443067964987e-30,"Tidak Signifikan","Tidak Signifikan"
"Rv3922c",1086.95920684762,0.787684742645476,0.0684498351308365,11.5074746511789,1.20968999847837e-30,1.72372134481454e-30,"Tidak Signifikan","Tidak Signifikan"
"Rv0518",1746.90883269801,-0.616380095229123,0.0535730820436568,-11.5054066653629,1.23903938481464e-30,1.76490816501245e-30,"Tidak Signifikan","Tidak Signifikan"
"Rv2307c",1607.74116068903,-0.71431155364708,0.0620903424140525,-11.5043906326633,1.25371703819382e-30,1.78517426077347e-30,"Tidak Signifikan","Tidak Signifikan"
"Rv3853",1635.9604316188,0.642238013220447,0.0558698027624041,11.4952618671606,1.39357756623123e-30,1.98361040733379e-30,"Tidak Signifikan","Tidak Signifikan"
"Rv0264c",1297.1635006548,-0.679738695673673,0.0591607569766627,-11.4896889494131,1.48646183504242e-30,2.11506244605928e-30,"Tidak Signifikan","Tidak Signifikan"
"Rv1508c",4059.08001607233,-0.401140846850172,0.0349180272960524,-11.4880730073638,1.51452620281138e-30,2.154222103461e-30,"Tidak Signifikan","Tidak Signifikan"
"Rv2095c",2654.31204265811,0.500815313704799,0.0436709901666866,11.4679175304533,1.9120528065264e-30,2.71867866791765e-30,"Tidak Signifikan","Tidak Signifikan"
"Rv3415c",1618.6678539991,-0.609408817516965,0.0531432221152019,-11.4672914674972,1.9259332756342e-30,2.73743364544639e-30,"Tidak Signifikan","Tidak Signifikan"
"Rv0726c",2755.0289321183,-0.476242782383942,0.0415719901981126,-11.4558571796633,2.19778181867601e-30,3.12270790640678e-30,"Tidak Signifikan","Tidak Signifikan"
"Rv1841c",3464.12739541976,0.426373223212801,0.0372345257319841,11.4510179686954,2.32400151489674e-30,3.30086430705168e-30,"Tidak Signifikan","Tidak Signifikan"
"Rv1107c",574.009482315781,1.22777270538199,0.107314253362218,11.4409099156465,2.61132307489849e-30,3.70763014965008e-30,"Signifikan","Naik"
"Rv0815c",249.594661960799,-1.68805549547283,0.147577288899708,-11.4384503744341,2.68640862215655e-30,3.81287406228802e-30,"Signifikan","Turun"
"Rv2760c",202.174551621845,-1.83495089972855,0.160805310331879,-11.4110093500114,3.68429038150132e-30,5.22731757632895e-30,"Signifikan","Turun"
"Rv0933",2314.37670331032,0.530224714981499,0.0465034802463031,11.4018286840725,4.09427397615468e-30,5.80693059113536e-30,"Tidak Signifikan","Tidak Signifikan"
"Rv3816c",2844.80824080141,0.475867345812349,0.0417717766648566,11.3920781878714,4.57935518957046e-30,6.49260258649965e-30,"Tidak Signifikan","Tidak Signifikan"
"Rv3918c",2015.7775272105,-0.553555704285716,0.0486289046975697,-11.3832649065069,5.06666791121553e-30,7.1809473396899e-30,"Tidak Signifikan","Tidak Signifikan"
"Rv0779c",860.705537188195,-0.836986335180503,0.0735815596783739,-11.3749469138597,5.57367607809292e-30,7.89670464349808e-30,"Tidak Signifikan","Tidak Signifikan"
"Rv3523",2915.44063187192,0.497339014417722,0.0437556185364914,11.3662892001618,6.15489951677813e-30,8.71706047235231e-30,"Tidak Signifikan","Tidak Signifikan"
"Rv1332",2051.09980413619,0.543452345167176,0.0478557696957639,11.3560464834668,6.92062272954843e-30,9.79804081660193e-30,"Tidak Signifikan","Tidak Signifikan"
"Rv1165",4998.33137633129,0.35150995831202,0.0309634603316911,11.3524119896977,7.21446434502984e-30,1.02104102949459e-29,"Tidak Signifikan","Tidak Signifikan"
"Rv3514",6557.70909044074,1.8678011960926,0.164599109144303,11.3475777955463,7.62456733035644e-30,1.0786968116806e-29,"Signifikan","Naik"
"Rv0912",1136.20591987112,-0.720614169144357,0.0635791887049423,-11.3341202337227,8.89211230054437e-30,1.25757609612333e-29,"Tidak Signifikan","Tidak Signifikan"
"Rv0637",1560.91656539108,0.628101990311978,0.0554320991129414,11.3310157898267,9.21300228473937e-30,1.302493943819e-29,"Tidak Signifikan","Tidak Signifikan"
"Rv0195",1437.04510517383,-0.665493749875438,0.0587721139724068,-11.3232910115822,1.00622143801648e-29,1.42204504617434e-29,"Tidak Signifikan","Tidak Signifikan"
"Rv1892",396.715980651807,-1.32962885667093,0.117459418425938,-11.3198998810752,1.04591301130401e-29,1.47761286176745e-29,"Signifikan","Turun"
"Rv3713",1797.05531212621,0.581167200692212,0.0514605381118196,11.2934536251716,1.41370401809384e-29,1.9964983409677e-29,"Tidak Signifikan","Tidak Signifikan"
"Rv3152",3310.96652380345,0.425517785108395,0.0377488399286755,11.2723407106652,1.79727385677181e-29,2.53729017431095e-29,"Tidak Signifikan","Tidak Signifikan"
"Rv3439c",2551.77389125624,-0.478931939446912,0.042495349673275,-11.270219991815,1.8410931715516e-29,2.59822718304702e-29,"Tidak Signifikan","Tidak Signifikan"
"Rv1508A",358.085643432778,-1.32686913716992,0.117759128945608,-11.2676541432537,1.89552934226326e-29,2.67314784954083e-29,"Signifikan","Turun"
"Rv1680",1412.11589318574,-0.644091439279394,0.0571628642241973,-11.2676551117736,1.89550849610508e-29,2.67314784954083e-29,"Tidak Signifikan","Tidak Signifikan"
"Rv0642c",2622.67889860402,0.482884586447486,0.0428832580384228,11.260445417063,2.05716300355941e-29,2.9000588610946e-29,"Tidak Signifikan","Tidak Signifikan"
"Rv1810",1095.39250081236,-0.761363014446694,0.0676569859541925,-11.2532801115642,2.23136513808943e-29,3.14452060490259e-29,"Tidak Signifikan","Tidak Signifikan"
"Rv3061c",5355.75244484466,-0.357226170114379,0.0317693544852022,-11.2443635038531,2.46870941179665e-29,3.47775931697347e-29,"Tidak Signifikan","Tidak Signifikan"
"Rv3202a",1037.1746111015,0.778013311423469,0.0691976872407869,11.2433426960676,2.49743130851328e-29,3.51697195629115e-29,"Tidak Signifikan","Tidak Signifikan"
"Rv0240",726.363045105216,-0.894821128015792,0.0796370403078187,-11.2362428909596,2.70657800025612e-29,3.81014724166644e-29,"Tidak Signifikan","Tidak Signifikan"
"Rv1097c",2118.7472094282,0.530390144150466,0.0472238607503572,11.2314015779926,2.85906869405318e-29,4.02338613313549e-29,"Tidak Signifikan","Tidak Signifikan"
"Rv2063",308.382632138449,-1.40672472364225,0.125291747350758,-11.2275928254403,2.98500168899584e-29,4.19911407810159e-29,"Signifikan","Turun"
"Rv0155",3024.89296259678,0.463210995349407,0.0412870622874087,11.2192771702886,3.27939883717446e-29,4.61161828680294e-29,"Tidak Signifikan","Tidak Signifikan"
"Rv1260",2217.46395792643,-0.526987519049098,0.0469820986664043,-11.2167726433629,3.3735844493473e-29,4.74238466001443e-29,"Tidak Signifikan","Tidak Signifikan"
"Rv3093c",2480.5362477598,0.50939760389703,0.0455047714953214,11.1943778016643,4.34441367698315e-29,6.10495538667806e-29,"Tidak Signifikan","Tidak Signifikan"
"Rv3812",3650.08221670276,-0.431188088856551,0.0385225477151847,-11.1931353046669,4.40574032825425e-29,6.18894188462628e-29,"Tidak Signifikan","Tidak Signifikan"
"Rv2093c",2900.19129394154,0.461603818286432,0.0413146161824615,11.1728937828639,5.53477942652475e-29,7.77220176461016e-29,"Tidak Signifikan","Tidak Signifikan"
"Rv2765",1361.13313152771,-0.684230853758194,0.0613152562881434,-11.1592268414037,6.4550494781801e-29,9.06128141540709e-29,"Tidak Signifikan","Tidak Signifikan"
"Rv3697c",1391.69509349443,0.651872318401488,0.0585101851575295,11.1411768164196,7.9067582346544e-29,1.10951927544655e-28,"Tidak Signifikan","Tidak Signifikan"
"Rv1887a",1491.76619373354,-0.614165812071162,0.0551446035878441,-11.1373692458014,8.25210195624639e-29,1.1575703133108e-28,"Tidak Signifikan","Tidak Signifikan"
"Rv3485c",1884.96544561277,-0.561672109377462,0.050557886001655,-11.1094856568781,1.12807394894656e-28,1.58185555159809e-28,"Tidak Signifikan","Tidak Signifikan"
"Rv0610c",2430.77597426313,-0.488519846724287,0.0439778483656656,-11.1083162291697,1.14294286162863e-28,1.60213933995786e-28,"Tidak Signifikan","Tidak Signifikan"
"Rv3811",5281.71378429682,0.362020808830669,0.0325993657856789,11.1051488305244,1.18419897433463e-28,1.65938443348127e-28,"Tidak Signifikan","Tidak Signifikan"
"Rv3719",3638.36582357118,-0.401790926975133,0.0362056804166272,-11.0974554918353,1.29066146290599e-28,1.80792868056076e-28,"Tidak Signifikan","Tidak Signifikan"
"Rv1084",5680.29294334999,0.330567745628476,0.0297962340342036,11.0942794062166,1.33733395031853e-28,1.87264517504893e-28,"Tidak Signifikan","Tidak Signifikan"
"Rv0556",974.785303836419,-0.775354543124167,0.0700771382562151,-11.0643008892476,1.86914696157341e-28,2.61641001995827e-28,"Tidak Signifikan","Tidak Signifikan"
"Rv2059",2162.93169828884,-0.532858690276545,0.0481624231667798,-11.063784902004,1.87993455551171e-28,2.63058214522573e-28,"Tidak Signifikan","Tidak Signifikan"
"Rv3334",1032.14527543002,-0.743023057911851,0.0672117103598072,-11.0549642902136,2.07419358728042e-28,2.90138433030375e-28,"Tidak Signifikan","Tidak Signifikan"
"Rv0190",2365.09960669322,0.490937572993911,0.0445310108147673,11.0246222578695,2.90736531210079e-28,4.06539238389279e-28,"Tidak Signifikan","Tidak Signifikan"
"Rv0024",1813.02570065349,-0.554967528948551,0.0503555654123664,-11.0209770142361,3.0275494756581e-28,4.23195516911053e-28,"Tidak Signifikan","Tidak Signifikan"
"Rv1820",5117.79094354355,0.337487965470469,0.0307171450567252,10.9869574417555,4.41561137012402e-28,6.17003533120183e-28,"Tidak Signifikan","Tidak Signifikan"
"Rv0452",2533.64889723701,0.485572299374969,0.0442270397911266,10.9790820653656,4.81794428799811e-28,6.72985386989032e-28,"Tidak Signifikan","Tidak Signifikan"
"Rv2097c",4751.55584069696,0.349150460815604,0.0318257534207122,10.9706895607498,5.28676549379359e-28,7.38211851949284e-28,"Tidak Signifikan","Tidak Signifikan"
"Rv3619c",268.340015365,-1.46241444604028,0.133458296011793,-10.9578384389911,6.09374642579754e-28,8.50594372664983e-28,"Signifikan","Turun"
"Rv3140",3934.11768778163,0.385131101759238,0.0351893337464987,10.944540880873,7.0574369936735e-28,9.84764423281843e-28,"Tidak Signifikan","Tidak Signifikan"
"Rv1005c",3312.82836662864,0.442025960875927,0.0404150688284905,10.9371571962862,7.65630715751947e-28,1.06795254901124e-27,"Tidak Signifikan","Tidak Signifikan"
"Rv2595",716.823523281864,0.926326654699379,0.0847147159371219,10.9346604595467,7.87000342223431e-28,1.09737446664336e-27,"Tidak Signifikan","Tidak Signifikan"
"Rv1877",4797.61814253498,-0.341893411280116,0.0313740023185063,-10.8973476768836,1.1866603868153e-27,1.65406948506546e-27,"Tidak Signifikan","Tidak Signifikan"
"Rv2727c",1954.18712752753,-0.526319610842636,0.0482998867939786,-10.8969118931403,1.19235590256086e-27,1.66142461027711e-27,"Tidak Signifikan","Tidak Signifikan"
"Rv0130",995.97113805201,-0.733471557144116,0.0678817698030503,-10.8051330905512,3.25484662049719e-27,4.53369962904226e-27,"Tidak Signifikan","Tidak Signifikan"
"Rv2796c",915.893587904819,-0.763247581252166,0.0707115055786497,-10.7938244986629,3.68143257047558e-27,5.12609442157832e-27,"Tidak Signifikan","Tidak Signifikan"
"Rv2248",1473.83128847621,-0.612022092058627,0.0567026359718881,-10.7935386348186,3.69290545081489e-27,5.14026523627462e-27,"Tidak Signifikan","Tidak Signifikan"
"Rv1767",764.724452967277,-0.831552693421567,0.0771436394105672,-10.7792774592335,4.31259895107258e-27,6.0007295822185e-27,"Tidak Signifikan","Tidak Signifikan"
"Rv0492A",294.465683326427,-1.39930232327251,0.129851434083105,-10.7761792016634,4.46029820149694e-27,6.20406836091808e-27,"Signifikan","Turun"
"Rv3489",591.302417551149,1.77015438575471,0.164393837571361,10.7677660665736,4.88715234354275e-27,6.79542003043606e-27,"Signifikan","Naik"
"Rv0554",1216.08687474936,-0.653975060812523,0.0609700535240118,-10.7261683894532,7.67113831347083e-27,1.06627209844214e-26,"Tidak Signifikan","Tidak Signifikan"
"Rv1890c",595.161322591229,-0.993340066078458,0.0926858700157559,-10.7172761706784,8.44538755957517e-27,1.17347994566847e-26,"Tidak Signifikan","Tidak Signifikan"
"Rv0335c",1622.66703665113,0.580393313432717,0.0541742255684736,10.7134584268146,8.80112279819949e-27,1.22248088727092e-26,"Tidak Signifikan","Tidak Signifikan"
"Rv0410c",7009.28426734151,-0.279993525065501,0.0261563113400597,-10.7046257947189,9.68210486010849e-27,1.34437906825518e-26,"Tidak Signifikan","Tidak Signifikan"
"Rv3650",845.981447764216,-0.929869136449256,0.0870782494723882,-10.6785465036721,1.28264137953311e-26,1.78034931861716e-26,"Tidak Signifikan","Tidak Signifikan"
"Rv0433",3297.08459946675,0.407913803497576,0.0382411756500453,10.6668740320773,1.45437128525073e-26,2.01801010443849e-26,"Tidak Signifikan","Tidak Signifikan"
"Rv3653",694.714347772998,-0.995414821462793,0.0933384017441744,-10.664579667767,1.49071557114238e-26,2.0677163184342e-26,"Tidak Signifikan","Tidak Signifikan"
"Rv3705c",2261.39617472155,0.488027388663514,0.04576327486162,10.6641710004195,1.49728296730322e-26,2.0760998012205e-26,"Tidak Signifikan","Tidak Signifikan"
"Rv0432",1818.75838699532,0.542408109418955,0.0510329056475465,10.6285954627989,2.19391575481717e-26,3.04097267622631e-26,"Tidak Signifikan","Tidak Signifikan"
"Rv3904c",621.667103308808,0.944949185846345,0.0889178893284973,10.6272111605724,2.22671684683004e-26,3.08536001794439e-26,"Tidak Signifikan","Tidak Signifikan"
"Rv1953",292.692786533495,-1.40042637487073,0.131824334331922,-10.6234283826882,2.31885013245071e-26,3.21189890901954e-26,"Signifikan","Turun"
"Rv3629c",2472.98049240878,-0.458095637088441,0.0431383674508659,-10.619215889665,2.42590231627092e-26,3.35900680231998e-26,"Tidak Signifikan","Tidak Signifikan"
"Rv1905c",2626.56901262102,0.506733785910338,0.0477442000206392,10.6135150592383,2.57861774363204e-26,3.56921723272446e-26,"Tidak Signifikan","Tidak Signifikan"
"Rv2295",1954.99335053228,-0.530070674436374,0.0499728530294211,-10.6071725407453,2.75974253206376e-26,3.81859038182663e-26,"Tidak Signifikan","Tidak Signifikan"
"Rv0403c",653.064617190264,-0.926639922326912,0.0874366815763447,-10.5978395522458,3.04943312445209e-26,4.21795718434499e-26,"Tidak Signifikan","Tidak Signifikan"
"Rv1346",2802.36372535024,0.435510240610825,0.041115602715832,10.5923350709663,3.23421692328467e-26,4.47198972975611e-26,"Tidak Signifikan","Tidak Signifikan"
"Rv1037c",194.839298883951,-2.07801928209539,0.196209520728376,-10.5908177869315,3.2870748677647e-26,4.54349337993817e-26,"Signifikan","Turun"
"Rv0680c",1208.26663694142,0.671260020201972,0.0634109991859298,10.5858609518791,3.46579783846307e-26,4.78886103280495e-26,"Tidak Signifikan","Tidak Signifikan"
"Rv0110",1928.25573270612,-0.575661523238785,0.0544026649796312,-10.5814949222491,3.63117752229264e-26,5.01562716954559e-26,"Tidak Signifikan","Tidak Signifikan"
"Rv0553",1595.27113702592,-0.562711701045027,0.0532746339651861,-10.5624695875479,4.44802969391696e-26,6.14177994979762e-26,"Tidak Signifikan","Tidak Signifikan"
"Rv1721c",386.15266917542,-1.15798824298908,0.109683118382175,-10.5575795078531,4.68588928649548e-26,6.46796200401098e-26,"Signifikan","Turun"
"Rv3069",662.137047223014,-0.890794097654163,0.0843816415632296,-10.5567287048649,4.72854231588798e-26,6.52456604074004e-26,"Tidak Signifikan","Tidak Signifikan"
"Rv1224",1203.30029114464,0.67522248628397,0.0639877287642082,10.552374640021,4.95292154808556e-26,6.83179408249493e-26,"Tidak Signifikan","Tidak Signifikan"
"Rv0209",2022.05339062964,-0.50667133980959,0.0480153455630506,-10.5522793571122,4.95794799692374e-26,6.83635026200781e-26,"Tidak Signifikan","Tidak Signifikan"
"Rv1920",1834.81181681486,-0.524266641983449,0.0497281001192244,-10.5426638203854,5.49208239919232e-26,7.57021920694785e-26,"Tidak Signifikan","Tidak Signifikan"
"Rv2752c",5231.95614141972,0.328124670900985,0.031162756701905,10.5293852543195,6.32461614375346e-26,8.71474548185828e-26,"Tidak Signifikan","Tidak Signifikan"
"Rv3846",1816.93555260835,-0.560719007534773,0.0532901210464911,-10.5220066406979,6.84010634044647e-26,9.42177147658026e-26,"Tidak Signifikan","Tidak Signifikan"
"Rv1735a",662.397316534308,-0.933001996465479,0.0889475581825981,-10.4893491797734,9.66921052076497e-26,1.33140430877732e-25,"Tidak Signifikan","Tidak Signifikan"
"Rv2075c",4101.92697277698,0.360644977426726,0.0344026845229218,10.4830475420148,1.03358389909505e-25,1.42270205680433e-25,"Tidak Signifikan","Tidak Signifikan"
"Rv0435c",5011.38701148614,-0.341928163901764,0.032630067911328,-10.4789289691628,1.07959405744073e-25,1.48551842728664e-25,"Tidak Signifikan","Tidak Signifikan"
"Rv1868",4595.53587416877,-0.33406147442486,0.0319285521262004,-10.4627818106018,1.28040295598193e-25,1.76122001608194e-25,"Tidak Signifikan","Tidak Signifikan"
"Rv0363c",3680.58656040608,0.373142543779149,0.0357766307483398,10.429784358508,1.812992752606e-25,2.49294358737886e-25,"Tidak Signifikan","Tidak Signifikan"
"Rv3424c",887.254560141035,-0.960941395350638,0.092350847146421,-10.4053338441723,2.34432913085376e-25,3.22243716635373e-25,"Tidak Signifikan","Tidak Signifikan"
"Rvnt02",402.524455115205,-1.23333421436594,0.118669048709926,-10.3930572274215,2.66665762555907e-25,3.66422958108515e-25,"Signifikan","Turun"
"Rv2847c",3178.88857268961,0.411859993894067,0.0397049387147275,10.373016738628,3.28972135510561e-25,4.51881046250137e-25,"Tidak Signifikan","Tidak Signifikan"
"Rv2138",3289.94818288691,0.392843341272112,0.0378753367655285,10.3720091970153,3.32459882865481e-25,4.56513795544259e-25,"Tidak Signifikan","Tidak Signifikan"
"Rv0921",2099.35705854159,0.491134517459056,0.0473531107508751,10.3717476987503,3.333710693348e-25,4.57606585484827e-25,"Tidak Signifikan","Tidak Signifikan"
"Rv2900c",7015.16348724373,0.275840081971193,0.0265972843661926,10.3709866832047,3.36036920124014e-25,4.61106351481136e-25,"Tidak Signifikan","Tidak Signifikan"
"Rvnt27",90.6990286652358,-2.80165060049063,0.270996004326113,-10.3383465282357,4.72621542010482e-25,6.48302094452138e-25,"Signifikan","Turun"
"Rv3620c",397.402610344406,-1.12104641816206,0.10847900474565,-10.3342247727158,4.93385204093324e-25,6.76549984320158e-25,"Signifikan","Turun"
"Rv2968c",1888.70240497308,0.515643492426703,0.0499373174943405,10.3258148074362,5.38595520312523e-25,7.38289021796745e-25,"Tidak Signifikan","Tidak Signifikan"
"Rv1101c",2461.08503658534,-0.451041629700627,0.0437101720082669,-10.3189168327986,5.7872334234002e-25,7.93020897776463e-25,"Tidak Signifikan","Tidak Signifikan"
"Rv2695",1577.96128289878,-0.561696114337686,0.0544836237594997,-10.3094485201115,6.3866747846923e-25,8.74859767640689e-25,"Tidak Signifikan","Tidak Signifikan"
"Rv3819",504.316786232139,-0.990113862168674,0.0961168977834633,-10.3011425150159,6.96293496567421e-25,9.53467829093186e-25,"Tidak Signifikan","Tidak Signifikan"
"Rv0604",2735.62522501364,0.455454758651507,0.0443287744608049,10.2744721502331,9.18458241429799e-25,1.25725460446929e-24,"Tidak Signifikan","Tidak Signifikan"
"Rv2614c",5975.16703510894,0.29682841993081,0.0289442632164193,10.2551727681369,1.12175221029689e-24,1.53500897490436e-24,"Tidak Signifikan","Tidak Signifikan"
"Rv1338",1714.99832081675,-0.537162514628978,0.0524052412902265,-10.2501677581085,1.18138318828299e-24,1.61605072686849e-24,"Tidak Signifikan","Tidak Signifikan"
"Rv0875c",1560.83069881017,0.568869073225918,0.0555262073088594,10.2450554575362,1.24553432598597e-24,1.70321774256683e-24,"Tidak Signifikan","Tidak Signifikan"
"Rv2663",514.552366456447,-0.98674430174515,0.0964492008137185,-10.2307151684019,1.44448668639856e-24,1.9745963766172e-24,"Tidak Signifikan","Tidak Signifikan"
"Rv2466c",1454.54713123641,-0.572979525739791,0.0560278670371686,-10.2266881828587,1.50581060800216e-24,2.05771639061128e-24,"Tidak Signifikan","Tidak Signifikan"
"Rv0533c",2326.60146469216,0.458499216478631,0.0448799525579209,10.2161252485039,1.67919401786477e-24,2.29385766834351e-24,"Tidak Signifikan","Tidak Signifikan"
"Rv3371",2776.16693399583,-0.414207007973418,0.0405644456643986,-10.2110851310597,1.76875539167188e-24,2.41537095998704e-24,"Tidak Signifikan","Tidak Signifikan"
"Rv0429c",1130.10639337436,-0.64825455025754,0.0635138156449115,-10.2065124520585,1.85409627850864e-24,2.53103920744796e-24,"Tidak Signifikan","Tidak Signifikan"
"Rv3585",2981.80614475777,-0.608376360029952,0.0596123134360786,-10.205548568121,1.87259943054594e-24,2.55541862434666e-24,"Tidak Signifikan","Tidak Signifikan"
"Rv2719c",1233.19712452433,-0.622958499278104,0.0611092000403098,-10.1941851450711,2.10502334760719e-24,2.87160509627157e-24,"Tidak Signifikan","Tidak Signifikan"
"Rv2542",3598.02364930269,0.394897423990217,0.038749920576237,10.1909221520414,2.17689388905525e-24,2.96862772701347e-24,"Tidak Signifikan","Tidak Signifikan"
"Rv2283",182.120696796758,-1.77589235462595,0.174430097572517,-10.1811119717321,2.40793871654202e-24,3.28257487578082e-24,"Signifikan","Turun"
"Rv2892c",1608.30029061071,-0.557034251858343,0.0547292238108614,-10.1780038719971,2.48608667752329e-24,3.3879442974012e-24,"Tidak Signifikan","Tidak Signifikan"
"Rv0821c",2796.39122591329,0.426013829880334,0.0418617627289905,10.1766815850138,2.5200903538506e-24,3.43310385773535e-24,"Tidak Signifikan","Tidak Signifikan"
"Rv0481c",868.188432151782,-0.746815629062385,0.0735300645704458,-10.1566023833271,3.09680622592052e-24,4.21731215181144e-24,"Tidak Signifikan","Tidak Signifikan"
"Rv3891c",875.380715785617,-0.742730788213633,0.0731803641900165,-10.1493180094744,3.33687073519461e-24,4.54267886290907e-24,"Tidak Signifikan","Tidak Signifikan"
"Rv0491",3493.86187873158,0.533225354752959,0.0525404495019254,10.1488540697281,3.35277007333933e-24,4.5627577636148e-24,"Tidak Signifikan","Tidak Signifikan"
"Rv3303c",4057.78537737478,0.396987726768248,0.0391496659235539,10.1402583496736,3.66129994585041e-24,4.98092485774642e-24,"Tidak Signifikan","Tidak Signifikan"
"Rv1400c",2547.50888432895,0.445271735659953,0.0439413857126707,10.1333111925862,3.9310741342434e-24,5.34609910543146e-24,"Tidak Signifikan","Tidak Signifikan"
"Rv2861c",2543.06583961276,0.440977877813306,0.0435259111874687,10.1313876213639,4.00919035835895e-24,5.45046543920834e-24,"Tidak Signifikan","Tidak Signifikan"
"Rv0580c",1547.24083389121,-0.551777347536389,0.0544720332436949,-10.1295529958992,4.08512637875679e-24,5.5517973088483e-24,"Tidak Signifikan","Tidak Signifikan"
"Rv2498c",2970.69417546692,0.402768122684047,0.039836414616343,10.11055152837,4.96042350349303e-24,6.73904110902631e-24,"Tidak Signifikan","Tidak Signifikan"
"Rv1962c",760.447877256679,-0.778064319053279,0.0772041209355212,-10.0780153912133,6.9107831747582e-24,9.38551073408619e-24,"Tidak Signifikan","Tidak Signifikan"
"Rv3612c",914.000729597551,0.777702326820424,0.0771885741171838,10.0753555265803,7.10035364492574e-24,9.63966560897345e-24,"Tidak Signifikan","Tidak Signifikan"
"Rv3688c",1574.62539029787,0.563576008449791,0.0559990240428416,10.0640326877595,7.96666056535267e-24,1.08120911607096e-23,"Tidak Signifikan","Tidak Signifikan"
"Rv3286c",1398.89478091994,-0.577717799970695,0.0574425970416769,-10.0573064193379,8.53002367757713e-24,1.15727099620207e-23,"Tidak Signifikan","Tidak Signifikan"
"Rv2705c",686.069111217889,0.873739125380785,0.0869364568415874,10.0503190160243,9.1570499140303e-24,1.24191511141737e-23,"Tidak Signifikan","Tidak Signifikan"
"Rv1864c",1304.07890122416,-0.5915354739316,0.0589037753138855,-10.0424034075818,9.922651195599e-24,1.34528903940332e-23,"Tidak Signifikan","Tidak Signifikan"
"Rv0397A",987.77301300744,0.700122889057923,0.0698347510526707,10.0254225654771,1.17854382108263e-23,1.59729529833782e-23,"Tidak Signifikan","Tidak Signifikan"
"Rv1028A",163.365320797858,-1.80173826993444,0.179865172030895,-10.0171603517826,1.28131447817717e-23,1.73598857067242e-23,"Signifikan","Turun"
"Rv3101c",1653.52432847296,-0.527295593203327,0.0526578269657925,-10.0136223537266,1.32799125014098e-23,1.79861430157366e-23,"Tidak Signifikan","Tidak Signifikan"
"Rv3737",3691.90999492882,-0.355566834338869,0.0355245759652683,-10.0090381004547,1.39098360973967e-23,1.88328736513218e-23,"Tidak Signifikan","Tidak Signifikan"
"Rv0769",1172.48160659803,-0.643736973878246,0.0644323355634465,-9.9908992627523,1.67059231268588e-23,2.26108485309617e-23,"Tidak Signifikan","Tidak Signifikan"
"Rv0002",4011.86796786293,0.357036455225728,0.0357924382587932,9.97519231979159,1.95721909578362e-23,2.64812010674407e-23,"Tidak Signifikan","Tidak Signifikan"
"Rv3791",1971.52207188065,0.485472490189507,0.0487053424209593,9.96754084990468,2.11398095975513e-23,2.85924393704351e-23,"Tidak Signifikan","Tidak Signifikan"
"Rvnt05",159.946271640032,-1.84691298402452,0.185399628418372,-9.96179442095096,2.23982949634751e-23,3.02842658896066e-23,"Signifikan","Turun"
"Rv2357c",3604.13260422919,-0.374351844722921,0.0376289615965533,-9.94850319646373,2.56004617870908e-23,3.4602055165039e-23,"Tidak Signifikan","Tidak Signifikan"
"Rv3395c",946.434975232365,-0.698241951334809,0.0702619980987291,-9.93768993522886,2.85367931299309e-23,3.85577174204482e-23,"Tidak Signifikan","Tidak Signifikan"
"Rv1489",947.01451070052,0.722996895122426,0.0728062213357736,9.93042739834073,3.06937075179596e-23,4.14579290853748e-23,"Tidak Signifikan","Tidak Signifikan"
"Rv2179c",704.528480162472,-0.825377326025982,0.0831551441905206,-9.92575184687218,3.21669265269332e-23,4.34330148169993e-23,"Tidak Signifikan","Tidak Signifikan"
"Rv3433c",3405.02024803116,0.41163149907422,0.0415146410211168,9.91533321617404,3.57062999662711e-23,4.81956080184407e-23,"Tidak Signifikan","Tidak Signifikan"
"Rvnt15",161.964804842076,-1.79992970551422,0.181623496994255,-9.91022491749046,3.75799217610997e-23,5.0707329804858e-23,"Signifikan","Turun"
"Rv1010",2439.31338460735,0.437610841635137,0.0441580500097659,9.9101034021737,3.76256565448754e-23,5.07517781412855e-23,"Tidak Signifikan","Tidak Signifikan"
"Rv1159A",842.471725875746,0.805803230476288,0.0813741033722852,9.90245295594535,4.06187958402248e-23,5.47704837179374e-23,"Tidak Signifikan","Tidak Signifikan"
"Rv0381c",2561.60607945114,0.443054289088861,0.044781299893468,9.893734441449,4.43180164183202e-23,5.97382164904779e-23,"Tidak Signifikan","Tidak Signifikan"
"Rv0504c",1611.43607416074,0.535236986813059,0.0541350141604825,9.88707576996945,4.73661756253377e-23,6.38252780929737e-23,"Tidak Signifikan","Tidak Signifikan"
"Rv3732",2462.05832483532,-0.431500601596024,0.0437214020444123,-9.869322149315,5.65454279647546e-23,7.61683235097391e-23,"Tidak Signifikan","Tidak Signifikan"
"Rv3700c",3113.05798489472,0.383020572514175,0.0388621553017209,9.85587571097,6.46506308851085e-23,8.70567049291329e-23,"Tidak Signifikan","Tidak Signifikan"
"Rv0065",736.804516957233,-0.825954608326072,0.0842118473431986,-9.80805711291383,1.03950676580129e-22,1.39929533082244e-22,"Tidak Signifikan","Tidak Signifikan"
"Rv1293",3589.67909799643,0.371396446203394,0.0379322501732862,9.79104705116993,1.23015321003521e-22,1.6553655984429e-22,"Tidak Signifikan","Tidak Signifikan"
"Rv1144",2070.97392827277,0.489770404920765,0.0500288655550992,9.789756363381,1.24595747326202e-22,1.67606419004084e-22,"Tidak Signifikan","Tidak Signifikan"
"Rv1418",2114.38936457252,0.468261338764249,0.0478417930235025,9.78770462332409,1.27149536322487e-22,1.70983800200442e-22,"Tidak Signifikan","Tidak Signifikan"
"Rv0333",632.861238815789,-0.826844406579123,0.0845589403910385,-9.77832033792551,1.39506416615586e-22,1.87537090719766e-22,"Tidak Signifikan","Tidak Signifikan"
"Rv3312A",1235.07072835377,0.622576957079322,0.0637196516180789,9.77056435918555,1.50610744508877e-22,2.02395942908779e-22,"Tidak Signifikan","Tidak Signifikan"
"Rv0961",822.453829281476,-0.722917318105297,0.074154882491682,-9.74874875145797,1.8675584769118e-22,2.50883998574639e-22,"Tidak Signifikan","Tidak Signifikan"
"Rv0852",1311.5629771375,-0.583294369183053,0.0598909135761886,-9.73927987324874,2.05001914176821e-22,2.75302164366774e-22,"Tidak Signifikan","Tidak Signifikan"
"Rv0222",2100.56852850017,0.461354490908793,0.0473979408211893,9.73363996231971,2.16696924948634e-22,2.90909205167929e-22,"Tidak Signifikan","Tidak Signifikan"
"Rv3736",2168.23699445622,-0.447242368062894,0.0459657810369098,-9.7298981541022,2.24817936653768e-22,3.0170932161891e-22,"Tidak Signifikan","Tidak Signifikan"
"Rv2401",454.990758419112,-0.978056897272709,0.100668619842582,-9.71560848655841,2.58699191530938e-22,3.47061106798522e-22,"Tidak Signifikan","Tidak Signifikan"
"Rv1002c",4122.60458267645,0.328982652724364,0.0339216665935628,9.6983045280798,3.06550160635397e-22,4.11117135645916e-22,"Tidak Signifikan","Tidak Signifikan"
"Rv1124",2198.31394192403,0.461125719085655,0.0475504428815551,9.69761144463548,3.08639186854038e-22,4.1377886253801e-22,"Tidak Signifikan","Tidak Signifikan"
"Rv0251c",3207.19846182664,-0.376365624820001,0.0388320991259803,-9.69212670164916,3.25675365137798e-22,4.36471004561367e-22,"Tidak Signifikan","Tidak Signifikan"
"Rv0941c",1601.85910504769,-0.514140583686137,0.0530794034203205,-9.68625399978229,3.44949018522835e-22,4.62145476690336e-22,"Tidak Signifikan","Tidak Signifikan"
"Rv1561",445.017960842368,-0.994860290208149,0.10271100685309,-9.68601438822544,3.45758923646206e-22,4.63074156010971e-22,"Tidak Signifikan","Tidak Signifikan"
"Rv2574",1301.35830427962,0.585009302579835,0.0604423495117123,9.67879818216652,3.71051993381075e-22,4.96781389720799e-22,"Tidak Signifikan","Tidak Signifikan"
"Rv0804",1651.47101736419,0.515486382552032,0.0533123229970843,9.66917878592956,4.07635863947674e-22,5.45577419797713e-22,"Tidak Signifikan","Tidak Signifikan"
"Rv3467",173.197546641767,-3.64547463181332,0.377395790700181,-9.65955297235797,4.47813751373238e-22,5.99149123675425e-22,"Signifikan","Turun"
"Rv2438c",6271.18152010406,-0.265590616011523,0.0275324278246294,-9.64646553159895,5.08791719133302e-22,6.80504635806409e-22,"Tidak Signifikan","Tidak Signifikan"
"Rv3747",1809.33389617613,0.568434700248649,0.0589650620606352,9.64019506439446,5.40851026901351e-22,7.23139879918321e-22,"Tidak Signifikan","Tidak Signifikan"
"Rv1962A",290.636529767841,-1.24524392778625,0.129175294176649,-9.63995426310666,5.42121250368595e-22,7.24594002766919e-22,"Signifikan","Turun"
"Rv3544c",2412.44044407331,-0.421870968672259,0.0438126011128138,-9.62898704840591,6.0321158552839e-22,8.05975196965686e-22,"Tidak Signifikan","Tidak Signifikan"
"Rv3861",67.8797147546652,-3.17379008237158,0.330183081491758,-9.61221292148732,7.10062478454784e-22,9.48423519202063e-22,"Signifikan","Turun"
"Rv0361",2832.83739655075,0.408075559329791,0.0424710376813964,9.60832561688364,7.37382816857846e-22,9.84583518840482e-22,"Tidak Signifikan","Tidak Signifikan"
"Rv0119",3228.1557674947,-0.379086604559143,0.039468501375023,-9.60478840980371,7.6314510749382e-22,1.01863951595827e-21,"Tidak Signifikan","Tidak Signifikan"
"Rv1127c",3155.56758761801,-0.373329092083709,0.0388888540647249,-9.59989953579904,8.00223839860878e-22,1.06777261107572e-21,"Tidak Signifikan","Tidak Signifikan"
"Rv1406",2040.2094251385,-0.456755821734834,0.0476014791228818,-9.59541237270658,8.35821959070845e-22,1.11489768380432e-21,"Tidak Signifikan","Tidak Signifikan"
"Rv0103c",6807.42318255907,0.332714721727995,0.0347144852441686,9.58431961147644,9.3069027863981e-22,1.24102465054256e-21,"Tidak Signifikan","Tidak Signifikan"
"Rv2371",1031.29702231513,0.676942233477661,0.0706350761784404,9.58365545989573,9.36696788492795e-22,1.24861430105878e-21,"Tidak Signifikan","Tidak Signifikan"
"Rv1255c",875.692686031941,-0.699290440614009,0.0729970633799371,-9.57970647359228,9.73211252050602e-22,1.29685221259145e-21,"Tidak Signifikan","Tidak Signifikan"
"Rv0182c",2476.93838527542,-0.410907046567641,0.0429702927594731,-9.56258429207591,1.14852285059021e-21,1.5299496804202e-21,"Tidak Signifikan","Tidak Signifikan"
"Rv2458",2297.64198115231,-0.445783027794721,0.0466297562320594,-9.56005486231196,1.17694297679303e-21,1.56728190296674e-21,"Tidak Signifikan","Tidak Signifikan"
"Rv2551c",893.565554094486,-0.683288912633274,0.0715647820253431,-9.54783754376981,1.32431607723355e-21,1.76294022764614e-21,"Tidak Signifikan","Tidak Signifikan"
"Rv0446c",1417.91046011279,-0.538663140697672,0.056455778465139,-9.54132872386645,1.41013840505235e-21,1.87655788421424e-21,"Tidak Signifikan","Tidak Signifikan"
"Rv3617",2897.30909841786,0.383783767501149,0.040235059457008,9.53854108035382,1.44855703112823e-21,1.92703747232921e-21,"Tidak Signifikan","Tidak Signifikan"
"Rv0587",2168.04427374407,0.447670696813627,0.0469928222274332,9.52636329537766,1.62889665403986e-21,2.16621958651562e-21,"Tidak Signifikan","Tidak Signifikan"
"Rv1321",1963.43718213441,0.464456194430307,0.0487904019009844,9.51941726925878,1.7415286620504e-21,2.31522929033308e-21,"Tidak Signifikan","Tidak Signifikan"
"Rv0458",3050.54292740433,-0.390224022601445,0.0410764454877897,-9.49994620925614,2.0999874914215e-21,2.79083764772833e-21,"Tidak Signifikan","Tidak Signifikan"
"Rv3283",3147.32285383976,0.38284149875611,0.040354303645709,9.48700545342748,2.37766417388216e-21,3.15880568579723e-21,"Tidak Signifikan","Tidak Signifikan"
"Rv1833c",2255.37784191771,-0.429292034459752,0.0453146459177848,-9.47358245364257,2.7040713618849e-21,3.59124576250331e-21,"Tidak Signifikan","Tidak Signifikan"
"Rv0197",8797.83857140519,0.253695871575707,0.0267951240728447,9.46798644731086,2.85289849656468e-21,3.78763331187151e-21,"Tidak Signifikan","Tidak Signifikan"
"Rv2433c",210.625143088016,-1.49693742308023,0.158156958006054,-9.46488502278179,2.93884197764187e-21,3.90043028615099e-21,"Signifikan","Turun"
"Rv3120",2099.14863855591,0.457345841693113,0.048334642563814,9.46207145505007,3.01902148428308e-21,4.00550442413076e-21,"Tidak Signifikan","Tidak Signifikan"
"Rv1602",1837.87056322832,-0.47467801541689,0.0501799997299731,-9.45950613732983,3.09401036790922e-21,4.10362391491003e-21,"Tidak Signifikan","Tidak Signifikan"
"Rv2082",5693.45449981487,0.283058312076854,0.030002914559939,9.43436050225611,3.93386522261235e-21,5.21578988572968e-21,"Tidak Signifikan","Tidak Signifikan"
"Rv1581c",801.131693627703,-0.712295842854144,0.0755283730561611,-9.43083789617045,4.06825956602386e-21,5.3921769790901e-21,"Tidak Signifikan","Tidak Signifikan"
"Rv1085c",2195.56765660694,0.439115267754774,0.0467007580351918,9.40274390029975,5.31583543265666e-21,7.04339317346325e-21,"Tidak Signifikan","Tidak Signifikan"
"Rv1322",1103.00284609986,1.10254512378202,0.117651269103279,9.37129817795816,7.16458193329267e-21,9.48661432889587e-21,"Signifikan","Naik"
"Rv3668c",2331.97134456777,0.441272724108806,0.047087653095449,9.37130426131718,7.16416894909088e-21,9.48661432889587e-21,"Tidak Signifikan","Tidak Signifikan"
"Rv1302",2561.10107581354,-0.414729281574856,0.0442674760259412,-9.36871307801287,7.34222587243664e-21,9.71858860058597e-21,"Tidak Signifikan","Tidak Signifikan"
"Rv2469c",2110.56244611769,0.449414334473637,0.0479854377277537,9.36563998901913,7.55907782422685e-21,1.00022887687485e-20,"Tidak Signifikan","Tidak Signifikan"
"Rv1605",2422.92815573607,-0.412729005649792,0.0441666229132763,-9.34481693246523,9.20485713255096e-21,1.2175948064298e-20,"Tidak Signifikan","Tidak Signifikan"
"Rv3844",92.1748757692907,-3.19949841733419,0.342389880861008,-9.34460565624316,9.22325237890769e-21,1.21962140623756e-20,"Signifikan","Turun"
"Rv3813c",1968.00917339394,-0.452456183813163,0.0484738496848779,-9.33402621732173,1.01923825876077e-20,1.3473236162959e-20,"Tidak Signifikan","Tidak Signifikan"
"Rv2681",3079.0677722218,0.363130571556754,0.0389501959440441,9.32294595073225,1.13154006403326e-20,1.49527629381077e-20,"Tidak Signifikan","Tidak Signifikan"
"Rv0100",155.354147416572,-1.86527562108901,0.200269836443898,-9.31381207579675,1.23324798229593e-20,1.62913577947651e-20,"Signifikan","Turun"
"Rv1710",1693.9761868695,0.486768789709389,0.0523231302776582,9.30312821741166,1.36373106970076e-20,1.80090584337647e-20,"Tidak Signifikan","Tidak Signifikan"
"Rv1026",1784.73213003882,-0.478479225495889,0.0515039577222193,-9.29014480938557,1.54078554454816e-20,2.0340420150491e-20,"Tidak Signifikan","Tidak Signifikan"
"Rv0191",3352.83671204069,-0.343564935243697,0.0369828617055533,-9.28984181859859,1.54517791947571e-20,2.03916194496346e-20,"Tidak Signifikan","Tidak Signifikan"
"Rv0037c",3708.04720435043,0.33755861332921,0.0364908639193389,9.25049661952003,2.2345201894405e-20,2.94790209228815e-20,"Tidak Signifikan","Tidak Signifikan"
"Rv3624c",1581.18335110487,0.500727566838407,0.0541511221322606,9.24685485954311,2.31195394702081e-20,3.04904298797591e-20,"Tidak Signifikan","Tidak Signifikan"
"Rv1262c",583.214195718534,-0.823552532907893,0.08914183401198,-9.23867611695327,2.49565822824509e-20,3.29022139961724e-20,"Tidak Signifikan","Tidak Signifikan"
"Rv2443",3565.58581584479,0.340150924089579,0.0368477950199047,9.23124230108842,2.67511028445876e-20,3.52563538154415e-20,"Tidak Signifikan","Tidak Signifikan"
"Rv2550c",776.857913006102,0.74327564761487,0.0806619887319336,9.21469528956223,3.12163651987229e-20,4.11276389051258e-20,"Tidak Signifikan","Tidak Signifikan"
"Rv1206",3832.15789363335,-0.32020189390692,0.0347499524221581,-9.21445560606713,3.128618093713e-20,4.12059361811404e-20,"Tidak Signifikan","Tidak Signifikan"
"Rv3059",3877.59694759543,-0.332028561149557,0.0360972567892228,-9.19816602930026,3.64110868827483e-20,4.79398545183745e-20,"Tidak Signifikan","Tidak Signifikan"
"Rv0250c",1411.31175913783,0.529180284637033,0.0575380673520721,9.1970465639558,3.67923044945866e-20,4.84257040245604e-20,"Tidak Signifikan","Tidak Signifikan"
"Rv3175",3877.20068773265,0.32428757732133,0.0352824213302905,9.19119394572061,3.88504905278822e-20,5.1117710090915e-20,"Tidak Signifikan","Tidak Signifikan"
"Rv2489c",368.82819773952,-1.08823324210728,0.118789725986468,-9.16100473395525,5.14163400641591e-20,6.76288531281562e-20,"Signifikan","Turun"
"Rv3062",3581.02328418025,-0.369020223443688,0.0403048474757655,-9.15572807130883,5.39924814869656e-20,7.09937600460035e-20,"Tidak Signifikan","Tidak Signifikan"
"Rv3543c",2440.68791944506,-0.39677520343161,0.0433630528207805,-9.15007541262101,5.6893817636584e-20,7.47838881922892e-20,"Tidak Signifikan","Tidak Signifikan"
"Rv0470A",518.729906175219,-0.982204528731224,0.107360667488018,-9.14864402124593,5.76526326374863e-20,7.57562085700258e-20,"Tidak Signifikan","Tidak Signifikan"
"Rv1832",9425.56056430937,0.216534082848624,0.0236855502593625,9.14203303184954,6.12891110514656e-20,8.05079150798556e-20,"Tidak Signifikan","Tidak Signifikan"
"Rvnt26",292.242908196293,1.27522454026527,0.139496313697156,9.14163612261297,6.15145115415388e-20,8.07772483565986e-20,"Signifikan","Naik"
"Rv0898c",1295.73961556604,0.552660343952595,0.0604633476597723,9.14041920176864,6.22107074540335e-20,8.16644197452518e-20,"Tidak Signifikan","Tidak Signifikan"
"Rv3901c",1137.17790139576,-0.639879106542941,0.070139688933692,-9.1229247843951,7.31237194671792e-20,9.59582517784651e-20,"Tidak Signifikan","Tidak Signifikan"
"Rv0549c",1208.90641991578,-0.55699555014837,0.0611893403302013,-9.10281998698805,8.80162322837016e-20,1.1546309307852e-19,"Tidak Signifikan","Tidak Signifikan"
"Rv1929c",1017.84941793616,-0.614115969814309,0.0675804624794134,-9.08718211275016,1.01639055869496e-19,1.33289961862575e-19,"Tidak Signifikan","Tidak Signifikan"
"Rv3181c",714.964896696623,-0.729361979155951,0.0803012503741854,-9.08282219463945,1.05795359420499e-19,1.38694709458401e-19,"Tidak Signifikan","Tidak Signifikan"
"Rv0999",1731.35021575185,0.471536467931084,0.0519529936111247,9.07621361457243,1.1241760573808e-19,1.47327598930612e-19,"Tidak Signifikan","Tidak Signifikan"
"Rv0749A",369.298036626175,-1.01102973540143,0.111407673148468,-9.07504579199029,1.13629710914897e-19,1.4886692972239e-19,"Signifikan","Turun"
"Rv3703c",3394.42738315906,0.336711566766628,0.037113815392662,9.07240506545176,1.16418399539924e-19,1.52470053144563e-19,"Tidak Signifikan","Tidak Signifikan"
"Rvnt43",130.834975619851,-2.68302739289849,0.295843791309091,-9.06906777061723,1.20039612369668e-19,1.57160773026559e-19,"Signifikan","Turun"
"Rv1597",1900.11236656454,0.458553001589337,0.050676532376727,9.0486262592017,1.44778201414925e-19,1.89487009242166e-19,"Tidak Signifikan","Tidak Signifikan"
"Rv3126c",607.313655240613,-0.806297532275153,0.0891582794172616,-9.04343979656307,1.51817623219161e-19,1.98634733281798e-19,"Tidak Signifikan","Tidak Signifikan"
"Rv1142c",2923.14364654882,0.361100992884305,0.0399313426899822,9.04304660346161,1.52364879874542e-19,1.99285024221005e-19,"Tidak Signifikan","Tidak Signifikan"
"Rv1430",3541.62819400601,-0.353098159970004,0.0390628692642059,-9.03922744593559,1.57782951141624e-19,2.06303548839428e-19,"Tidak Signifikan","Tidak Signifikan"
"Rv0085",1135.62833966188,-0.575688785416525,0.0638323789559918,-9.01875811041641,1.90233530976458e-19,2.48651208363627e-19,"Tidak Signifikan","Tidak Signifikan"
"Rv1230c",3429.93284341275,0.334438028498079,0.0371415980726925,9.00440599899677,2.16836428103811e-19,2.83330075852378e-19,"Tidak Signifikan","Tidak Signifikan"
"Rv0001",4781.50409309623,-0.292244267039761,0.0324863376760097,-8.99591298823369,2.34276819518145e-19,3.06017827799961e-19,"Tidak Signifikan","Tidak Signifikan"
"Rv3416",751.006678660454,-0.697431813251163,0.0775580678543761,-8.99238251474584,2.41928053352239e-19,3.15908027534013e-19,"Tidak Signifikan","Tidak Signifikan"
"Rv1471",414.818866033996,-0.949182232784009,0.105600567711705,-8.98841979122049,2.50810416604536e-19,3.27398789953996e-19,"Tidak Signifikan","Tidak Signifikan"
"Rv1587c",124.926500836967,-10.7077493921008,1.19651198420392,-8.94913676875965,3.58273030342399e-19,4.67522734002729e-19,"Signifikan","Turun"
"Rv0712",2383.35658509471,-0.395567394661343,0.0442457021701593,-8.94024448160135,3.88310323413978e-19,5.06552796114189e-19,"Tidak Signifikan","Tidak Signifikan"
"Rv1024",991.76286556552,-0.711824640597999,0.0796365330967067,-8.9384182474844,3.94780378687278e-19,5.14823721976473e-19,"Tidak Signifikan","Tidak Signifikan"
"Rv0380c",1615.20813488966,0.479158081103094,0.053614895662385,8.93703279999592,3.9975973707579e-19,5.21145868215465e-19,"Tidak Signifikan","Tidak Signifikan"
"Rv1773c",1964.77322589355,-0.432988405408415,0.0485224737801659,-8.92346106198329,4.51938680798371e-19,5.88975278162661e-19,"Tidak Signifikan","Tidak Signifikan"
"Rv0960",733.381942456185,-0.699869907740812,0.0784395033701514,-8.92241635490942,4.56223433480093e-19,5.94363993634e-19,"Tidak Signifikan","Tidak Signifikan"
"Rv0886",4047.44841560473,0.335769430006388,0.0376365589371128,8.92136368171776,4.60581445639239e-19,5.99844581369291e-19,"Tidak Signifikan","Tidak Signifikan"
"Rv0463",534.883209165192,0.998851271719766,0.112088662099184,8.91126054155159,5.04555932080295e-19,6.5689969890467e-19,"Tidak Signifikan","Tidak Signifikan"
"Rv2185c",1712.45312357817,0.462227599537805,0.0520791929966476,8.87547546229373,6.96352864935096e-19,9.06309650655356e-19,"Tidak Signifikan","Tidak Signifikan"
"Rv1714",1253.7999173709,-0.536267123684111,0.0604638054069072,-8.86922548250411,7.36563985552646e-19,9.58330380678041e-19,"Tidak Signifikan","Tidak Signifikan"
"Rv0957",3785.20120443562,0.315763597137336,0.0356216212405309,8.86438028761179,7.69307568880436e-19,1.00060430352416e-18,"Tidak Signifikan","Tidak Signifikan"
"Rv1496",2726.25195802937,0.36486868482918,0.0413422978056097,8.82555407405708,1.08919201081514e-18,1.41619951062067e-18,"Tidak Signifikan","Tidak Signifikan"
"Rv3758c",2665.35282807907,-0.367088757850846,0.0415949283300203,-8.8253249275563,1.09142458566307e-18,1.41863739558499e-18,"Tidak Signifikan","Tidak Signifikan"
"Rv1170",2756.1880910752,0.415521204322092,0.0471094721727559,8.82033241209597,1.14120427911903e-18,1.48285534728634e-18,"Tidak Signifikan","Tidak Signifikan"
"Rv0884c",3463.2593428456,0.357588765595797,0.0406042212754201,8.80668941217362,1.28896204028706e-18,1.67430007001269e-18,"Tidak Signifikan","Tidak Signifikan"
"Rv1287",1586.01925484781,0.47601400365085,0.0541464998381404,8.79122390318476,1.47939400567958e-18,1.92103306727689e-18,"Tidak Signifikan","Tidak Signifikan"
"Rv2062c",8301.13470446828,0.259953042896325,0.0295971415284518,8.78304557372309,1.59106669338993e-18,2.06536700676632e-18,"Tidak Signifikan","Tidak Signifikan"
"Rv2299c",5383.73035087707,0.274705059485024,0.0312776739607612,8.78278416194408,1.59477021936722e-18,2.06949737004572e-18,"Tidak Signifikan","Tidak Signifikan"
"Rv0582",773.640346552649,-0.690211119348485,0.0786115122151513,-8.78002597710435,1.63436905627122e-18,2.12019033558795e-18,"Tidak Signifikan","Tidak Signifikan"
"Rv1244",2372.81977789053,0.390808036939003,0.044549481323357,8.77244864204749,1.74822261956212e-18,2.26714584236774e-18,"Tidak Signifikan","Tidak Signifikan"
"Rv3317",858.150925814961,-0.635814077610734,0.0725134746980394,-8.76821970341913,1.81513387448636e-18,2.3531490457802e-18,"Tidak Signifikan","Tidak Signifikan"
"Rv3495c",3200.85162342775,0.337776177598388,0.0385253328136592,8.76763814688264,1.8245310154082e-18,2.36455881676717e-18,"Tidak Signifikan","Tidak Signifikan"
"Rv2581c",1405.4514518589,-0.505976723185284,0.0577514407063365,-8.76128312985564,1.93040264733416e-18,2.50094947811058e-18,"Tidak Signifikan","Tidak Signifikan"
"Rv2613c",915.565676717046,-0.62056114070152,0.0708744458072143,-8.75578120765148,2.02694583625588e-18,2.62516948495823e-18,"Tidak Signifikan","Tidak Signifikan"
"Rv2292c",261.922991462367,-1.20613819782551,0.137932368630136,-8.74441735325924,2.24169395855845e-18,2.90234984778112e-18,"Signifikan","Turun"
"Rv3024c",3375.18162561739,0.326882463597437,0.0373823693581108,8.74429495000733,2.2441252529176e-18,2.9045497156033e-18,"Tidak Signifikan","Tidak Signifikan"
"Rv3889c",2733.85678964876,0.360909991498297,0.0413471742990587,8.72877040853824,2.57456261163979e-18,3.3311447750734e-18,"Tidak Signifikan","Tidak Signifikan"
"Rv3502c",4052.12240917298,0.301786779402163,0.0345793633328864,8.7273665653396,2.60671125831661e-18,3.37164120043756e-18,"Tidak Signifikan","Tidak Signifikan"
"Rv0050",6254.31096447048,0.25100472636948,0.0287964085110807,8.71652887799863,2.86860825739149e-18,3.70918153750718e-18,"Tidak Signifikan","Tidak Signifikan"
"Rv1114",798.341295749243,-0.671121823744127,0.0770740934870272,-8.70748903270705,3.10680271201512e-18,4.0158639161173e-18,"Tidak Signifikan","Tidak Signifikan"
"Rv3324A",106.230300825199,-1.97811017974661,0.228332019440696,-8.66330611270391,4.58275657728622e-18,5.92175744042164e-18,"Signifikan","Turun"
"Rv1021",2109.91905855518,-0.406908441386303,0.0469835541599615,-8.6606568758279,4.69053439814113e-18,6.05905241205661e-18,"Tidak Signifikan","Tidak Signifikan"
"Rv1343c",833.217574612954,0.656482011491664,0.0761094400998248,8.6255004718288,6.38129730570571e-18,8.24043177465318e-18,"Tidak Signifikan","Tidak Signifikan"
"Rv0140",919.803821928817,-0.636548875178105,0.0738371004411943,-8.62098960244339,6.63779378425484e-18,8.56886688647542e-18,"Tidak Signifikan","Tidak Signifikan"
"Rv1749c",1703.67573705231,0.450619860979382,0.0523198282827624,8.61279319465667,7.13016486090631e-18,9.20148471152092e-18,"Tidak Signifikan","Tidak Signifikan"
"Rv1270c",1655.16038927432,-0.451788161526267,0.0525364443365647,-8.59951919532224,8.00507539996379e-18,1.03271980850915e-17,"Tidak Signifikan","Tidak Signifikan"
"Rv3236c",3217.01472392047,0.333674216673657,0.0388674394153517,8.58492922849616,9.08923650974679e-18,1.17220420137079e-17,"Tidak Signifikan","Tidak Signifikan"
"Rv0064A",217.883806060991,-1.39630139745559,0.162734862745228,-8.58022290922129,9.46894640272301e-18,1.22077706791037e-17,"Signifikan","Turun"
"Rv0312",5660.88792802002,0.256665631076294,0.0299334041853435,8.57455535251037,9.94703372881162e-18,1.28199749194918e-17,"Tidak Signifikan","Tidak Signifikan"
"Rv1855c",3612.35104814592,0.308748840147211,0.0360147071214622,8.57285439267723,1.00951109852613e-17,1.3006594764057e-17,"Tidak Signifikan","Tidak Signifikan"
"Rv3115",301.108888471843,-2.76052931573756,0.322312846042175,-8.56475114050013,1.08309515858646e-17,1.39501249808848e-17,"Signifikan","Turun"
"Rv2548A",1169.35349362147,0.544634491729934,0.063626221347767,8.55990628066817,1.12959308843342e-17,1.45442901065089e-17,"Tidak Signifikan","Tidak Signifikan"
"Rv0236c",10102.9903683045,0.1935237295016,0.0227282828694165,8.51466565307529,1.67071637594809e-17,2.15046458902857e-17,"Tidak Signifikan","Tidak Signifikan"
"Rv3658c",2097.82139756595,0.408983398421278,0.0480575868119065,8.51027747235844,1.7351761413715e-17,2.23270961817086e-17,"Tidak Signifikan","Tidak Signifikan"
"Rv3368c",982.270131107492,-0.578548866879265,0.0680541526281576,-8.50130145680322,1.87476810324736e-17,2.41154509260126e-17,"Tidak Signifikan","Tidak Signifikan"
"Rv2018",1846.32468479421,-0.434914643594793,0.0512506105370345,-8.48603829373929,2.1380101662101e-17,2.74926623317843e-17,"Tidak Signifikan","Tidak Signifikan"
"Rv3445c",499.159494639046,-0.814746708308938,0.0960660205503415,-8.48111229799497,2.2305120045775e-17,2.86728487432241e-17,"Tidak Signifikan","Tidak Signifikan"
"Rv1320c",3509.42295252205,-0.318542195027389,0.0375707155098562,-8.47847028475738,2.28174003722242e-17,2.93218747251744e-17,"Tidak Signifikan","Tidak Signifikan"
"Rv0028",715.883554099145,-0.691994752667565,0.0817227543603133,-8.46758969498972,2.50522994277731e-17,3.21834429501217e-17,"Tidak Signifikan","Tidak Signifikan"
"Rv3100c",797.608907563253,-0.638752091929009,0.0755587992736695,-8.45370887400535,2.82192417942913e-17,3.62401204914062e-17,"Tidak Signifikan","Tidak Signifikan"
"Rv2619c",600.657135070513,-0.778822399066194,0.0921354792346817,-8.45301294935935,2.83880178124855e-17,3.64450701171942e-17,"Tidak Signifikan","Tidak Signifikan"
"Rv0939",6906.93961026003,0.223509441528327,0.0264555527452625,8.44848881746956,2.95097516501758e-17,3.78729164659487e-17,"Tidak Signifikan","Tidak Signifikan"
"Rv0778",2880.0216586659,0.340042690598608,0.0403385148899515,8.42972755755355,3.46470906470697e-17,4.4451813905862e-17,"Tidak Signifikan","Tidak Signifikan"
"Rv3896c",2768.40358102109,0.350158901753863,0.0415682555501664,8.42370932143823,3.64748541256112e-17,4.67816832577755e-17,"Tidak Signifikan","Tidak Signifikan"
"Rv3039c",1762.08067309369,0.431098973751417,0.0512351130457037,8.41413140567992,3.95816815618702e-17,5.07500099405103e-17,"Tidak Signifikan","Tidak Signifikan"
"Rv2468A",293.238311942897,1.43430869276727,0.170484226574526,8.41314602286839,3.99157546732671e-17,5.1161808978627e-17,"Signifikan","Naik"
"Rv1023",3322.47401905998,0.316790213729498,0.0376655137526129,8.41061709154363,4.07859172436179e-17,5.22602499048554e-17,"Tidak Signifikan","Tidak Signifikan"
"Rv1858",1343.77505727023,-0.497275717547692,0.059128380365217,-8.41010212821963,4.09653870728675e-17,5.24732613878157e-17,"Tidak Signifikan","Tidak Signifikan"
"Rv2502c",3215.6570556711,-0.3187277005525,0.0379261928936553,-8.40389388532115,4.31912999262954e-17,5.53066129140135e-17,"Tidak Signifikan","Tidak Signifikan"
"Rv0522",3199.26026889421,-0.326644549226028,0.0389593449347153,-8.38424131035546,5.10539642790951e-17,6.5353687091052e-17,"Tidak Signifikan","Tidak Signifikan"
"Rv3705A",900.210435702574,-0.598672889001387,0.0716410617999281,-8.35656080410003,6.45731570483813e-17,8.26328109712673e-17,"Tidak Signifikan","Tidak Signifikan"
"Rv3750c",1659.36379167965,0.454742877370388,0.0544179883054046,8.35648085368904,6.46169149173465e-17,8.26621417210944e-17,"Tidak Signifikan","Tidak Signifikan"
"Rv2742c",1795.7245672324,-0.458067406555955,0.0548845184825038,-8.34602214287401,7.06005768295945e-17,9.02877138243073e-17,"Tidak Signifikan","Tidak Signifikan"
"Rv0484c",2373.16977094086,0.374662149993574,0.0449347079007581,8.33792334471264,7.56065584888726e-17,9.66584652031445e-17,"Tidak Signifikan","Tidak Signifikan"
"Rv2547",476.092852903907,0.907182502240748,0.108823889095719,8.33624408922581,7.6687531068127e-17,9.80088388361017e-17,"Tidak Signifikan","Tidak Signifikan"
"Rv1760",3680.05143361238,-0.297916820904418,0.0359059018932583,-8.29715465134591,1.06634526250779e-16,1.3623805656581e-16,"Tidak Signifikan","Tidak Signifikan"
"Rv2852c",5096.15270713264,0.255562125305561,0.0308886327232479,8.27366259929063,1.2990543852711e-16,1.65915928730537e-16,"Tidak Signifikan","Tidak Signifikan"
"Rv0530A",439.295686606693,1.77061999111445,0.214240136107883,8.26465116799047,1.40103821194232e-16,1.78883765264731e-16,"Signifikan","Naik"
"Rv3884c",4921.71374613106,-0.258448637867272,0.031345013033346,-8.24528729952432,1.64763862584582e-16,2.1030187994628e-16,"Tidak Signifikan","Tidak Signifikan"
"Rv3190A",891.610324715987,-0.622675295359745,0.0756006296236543,-8.23637711034246,1.77503830498326e-16,2.26490091858109e-16,"Tidak Signifikan","Tidak Signifikan"
"Rv2100",5315.93828746177,0.26629351484391,0.0323350524307648,8.23544404061482,1.78892853490797e-16,2.28189051381991e-16,"Tidak Signifikan","Tidak Signifikan"
"Rv1731",3428.71208780915,-0.311727499091643,0.0378853161956043,-8.2281878678846,1.90066824644924e-16,2.42364221589975e-16,"Tidak Signifikan","Tidak Signifikan"
"Rv3422c",787.370629521416,-0.652250828609937,0.0793532144834654,-8.21958924859742,2.04201350393313e-16,2.60304227831065e-16,"Tidak Signifikan","Tidak Signifikan"
"Rv0759c",1024.60171745865,0.561554631148679,0.0683462104973359,8.21632431501916,2.09835505385156e-16,2.67400401497884e-16,"Tidak Signifikan","Tidak Signifikan"
"Rv2209",3156.30211354224,-0.352760456992011,0.0429420227221693,-8.21480765529691,2.12504600623022e-16,2.7071475615656e-16,"Tidak Signifikan","Tidak Signifikan"
"Rv3419c",2519.46562418844,-0.354098508708991,0.0431299966859641,-8.21002865562997,2.21135714269103e-16,2.81619704175131e-16,"Tidak Signifikan","Tidak Signifikan"
"Rv3384c",854.354481559213,-0.60532141484097,0.0738684495004248,-8.19458671374291,2.5145563920439e-16,3.20129820514704e-16,"Tidak Signifikan","Tidak Signifikan"
"Rvnt04",232.338776834958,-1.1715586277961,0.143027865030773,-8.19112155204185,2.58803050164132e-16,3.29378152069654e-16,"Signifikan","Turun"
"Rv0827c",1036.97951138081,0.547387702732686,0.0669618135978097,8.1746248096033,2.96787962556849e-16,3.77479271389233e-16,"Tidak Signifikan","Tidak Signifikan"
"Rv3572",918.62354816615,-0.571894027692418,0.0699596527123393,-8.17462645282041,2.9678391793157e-16,3.77479271389233e-16,"Tidak Signifikan","Tidak Signifikan"
"Rv3318",3910.39966211403,-0.298439656178977,0.0365815286119402,-8.15820627248383,3.40036454849774e-16,4.3234763345803e-16,"Tidak Signifikan","Tidak Signifikan"
"Rv1158c",1750.99268904919,0.435317400575617,0.0533891267751443,8.15367148462677,3.53039063329516e-16,4.48736291005508e-16,"Tidak Signifikan","Tidak Signifikan"
"Rv0942",948.037751295436,0.699121496722969,0.0861149115019028,8.11847198736913,4.72089645357908e-16,5.99865350139277e-16,"Tidak Signifikan","Tidak Signifikan"
"Rv2335",2088.89080476171,0.3833511002005,0.0473817773701864,8.09068636673203,5.93294448918935e-16,7.53634031015502e-16,"Tidak Signifikan","Tidak Signifikan"
"Rv2517c",505.558973717123,-0.763255124208346,0.0945638230365833,-8.07132262316711,6.9540693739974e-16,8.83059961800503e-16,"Tidak Signifikan","Tidak Signifikan"
"Rv1377c",1152.90402376503,-0.541251586480986,0.0671454615339824,-8.06088116926648,7.57464350303171e-16,9.61555544848857e-16,"Tidak Signifikan","Tidak Signifikan"
"Rv3282",1449.7397272571,0.452600111747567,0.0564034347211813,8.02433599983585,1.02076558171225e-15,1.29538613648513e-15,"Tidak Signifikan","Tidak Signifikan"
"Rv3147",1811.34772364042,0.413763588762822,0.0516694559605374,8.00789520754455,1.16688266930565e-15,1.48034011804781e-15,"Tidak Signifikan","Tidak Signifikan"
"Rv0645c",2327.54705387865,-0.367608245129808,0.0459351353115954,-8.00276830875064,1.21652712948563e-15,1.5428270852524e-15,"Tidak Signifikan","Tidak Signifikan"
"Rv3374",232.907338119937,-1.13640258723422,0.142071620318619,-7.99880077868931,1.25636800721343e-15,1.59284496152626e-15,"Signifikan","Turun"
"Rv0588",2059.88653352187,-0.387048130060443,0.0483886705148309,-7.99873453728831,1.25704397720962e-15,1.59319279795225e-15,"Tidak Signifikan","Tidak Signifikan"
"Rv2513",1061.29567930262,-0.524720102502302,0.0656334466245799,-7.99470589292186,1.29883537168793e-15,1.64563395703802e-15,"Tidak Signifikan","Tidak Signifikan"
"Rv2658c",622.831852021141,-0.712165609572761,0.0892112919399111,-7.98290882338578,1.42924480031541e-15,1.81028547983756e-15,"Tidak Signifikan","Tidak Signifikan"
"Rv1951c",859.398375427834,0.612220466284557,0.0767319059109782,7.9786948990272,1.47888627257412e-15,1.87256362697145e-15,"Tidak Signifikan","Tidak Signifikan"
"Rv2367c",1063.78340416047,-0.518308744401717,0.0649786575015469,-7.97659976876835,1.50419587167857e-15,1.90400287905198e-15,"Tidak Signifikan","Tidak Signifikan"
"Rv3440c",782.523374056037,0.63425186779624,0.0795937501110711,7.96861395412525,1.60463862965487e-15,2.03049487841814e-15,"Tidak Signifikan","Tidak Signifikan"
"Rv2676c",2162.05430589678,0.376932621969605,0.0473867098839849,7.95439529126279,1.80008537933598e-15,2.27708504458732e-15,"Tidak Signifikan","Tidak Signifikan"
"Rv0188",3424.99854187035,0.305247334364401,0.0383891142197179,7.95140342695421,1.84410347694102e-15,2.33202374658114e-15,"Tidak Signifikan","Tidak Signifikan"
"Rv0263c",1701.26112786794,-0.408845400762986,0.0515812450951318,-7.92624140826667,2.25878286546775e-15,2.85460070956055e-15,"Tidak Signifikan","Tidak Signifikan"
"Rv0269c",3369.07949808701,0.30623079784781,0.0386349241671457,7.92626889916926,2.25828312954802e-15,2.85460070956055e-15,"Tidak Signifikan","Tidak Signifikan"
"Rv2085",566.342412226395,0.732711986335148,0.0925022065749143,7.92102170818758,2.35566804763409e-15,2.97609399521161e-15,"Tidak Signifikan","Tidak Signifikan"
"Rv3037c",2543.52567075925,-0.334913212079244,0.0423324227184685,-7.91150589954612,2.54293888068971e-15,3.21166460990006e-15,"Tidak Signifikan","Tidak Signifikan"
"Rv2510c",3497.362279932,-0.29286965566916,0.0370518937031332,-7.9043100472998,2.69421674790319e-15,3.40164157827242e-15,"Tidak Signifikan","Tidak Signifikan"
"Rv1469",4582.66849699599,0.261815558726124,0.0331358612312645,7.90127520449339,2.76064368221527e-15,3.48440136409417e-15,"Tidak Signifikan","Tidak Signifikan"
"Rv2331",990.99346038745,0.546168719280026,0.0691894689018834,7.893812858349,2.93091555871845e-15,3.69813677526593e-15,"Tidak Signifikan","Tidak Signifikan"
"Rv1811",1867.18500053134,0.392573089771113,0.0497378997238227,7.89283608578036,2.95395483512188e-15,3.72602188582782e-15,"Tidak Signifikan","Tidak Signifikan"
"Rv0763c",142.152846723811,-1.47355430572395,0.186775846074887,-7.88942647933787,3.03578411574214e-15,3.82802148351846e-15,"Signifikan","Turun"
"Rv3048c",2652.61978045158,-0.327015893557784,0.0414910904425931,-7.88159313407881,3.2323305400383e-15,4.07456474494182e-15,"Tidak Signifikan","Tidak Signifikan"
"Rv1708",2311.10204684672,0.352177913755868,0.0447836870760459,7.86397763895244,3.72124003911413e-15,4.68937713950628e-15,"Tidak Signifikan","Tidak Signifikan"
"Rv3451",2009.97533308942,-0.37450015389262,0.0476662903330842,-7.85670861473958,3.94358807621724e-15,4.96799425162076e-15,"Tidak Signifikan","Tidak Signifikan"
"Rv2417c",2906.74676855013,0.32473543015089,0.0413802072639543,7.84760279424126,4.24064797877423e-15,5.34052397834837e-15,"Tidak Signifikan","Tidak Signifikan"
"Rv0744c",1077.44905238635,-0.553890126280991,0.0707081799952722,-7.83346603346355,4.74601106722369e-15,5.97506375870402e-15,"Tidak Signifikan","Tidak Signifikan"
"Rv2128",454.274711779126,0.834124033724421,0.106687749902257,7.81836747413467,5.35127827437477e-15,6.73493683833905e-15,"Tidak Signifikan","Tidak Signifikan"
"Rv0382c",1812.70788205972,0.422166819211804,0.0540206282460373,7.81491872491823,5.49985058395416e-15,6.91972954853985e-15,"Tidak Signifikan","Tidak Signifikan"
"Rv1363c",1748.48970178767,0.401319913761709,0.0514354932816958,7.80239263117021,6.07443057437295e-15,7.64022387081088e-15,"Tidak Signifikan","Tidak Signifikan"
"Rv0713",2969.82109234354,0.31522415211022,0.040428766759032,7.79702616181824,6.33831038118123e-15,7.96959660289887e-15,"Tidak Signifikan","Tidak Signifikan"
"Rv0417",1743.94642372543,-0.409918749869131,0.0527015111468744,-7.77812136594574,7.36094358858435e-15,9.25249151328077e-15,"Tidak Signifikan","Tidak Signifikan"
"Rv2252",2074.307600797,-0.371220696998223,0.047774236572705,-7.77031144042004,7.82933822635493e-15,9.83813263983213e-15,"Tidak Signifikan","Tidak Signifikan"
"Rv1950c",377.612859846318,-0.853582245095875,0.10989529792307,-7.76723173081898,8.02200031737859e-15,1.0077034597543e-14,"Tidak Signifikan","Tidak Signifikan"
"Rv3098A",379.529767565828,-0.866885118780315,0.111821151421781,-7.75242525906829,9.01538811158206e-15,1.13213183408186e-14,"Tidak Signifikan","Tidak Signifikan"
"Rv1621c",3333.89538467962,-0.291996615562422,0.0376835294777709,-7.7486535791364,9.28719991269408e-15,1.1658962675208e-14,"Tidak Signifikan","Tidak Signifikan"
"Rv2456c",3081.94370887269,-0.299428788580813,0.0386656047691497,-7.74406065464464,9.62910377035043e-15,1.20843576896489e-14,"Tidak Signifikan","Tidak Signifikan"
"Rv3707c",2517.70012418478,-0.334378231076169,0.0432015953125216,-7.73995100544939,9.94551320453255e-15,1.24774986977801e-14,"Tidak Signifikan","Tidak Signifikan"
"Rv3605c",1492.92662315553,0.430917108110976,0.0557156789436075,7.73421622568986,1.04042073375668e-14,1.30488430313397e-14,"Tidak Signifikan","Tidak Signifikan"
"Rv0406c",1444.32105735898,-0.431190852239772,0.0558273916509526,-7.72364317028618,1.13051037641945e-14,1.41742562049809e-14,"Tidak Signifikan","Tidak Signifikan"
"Rv3827c",2681.72244218667,-0.320439056390775,0.0415499340337126,-7.71214356515653,1.2372183950855e-14,1.55072523643101e-14,"Tidak Signifikan","Tidak Signifikan"
"Rv2061c",662.023411914519,0.64640118001032,0.0838179186125775,7.71196888099918,1.23891345600153e-14,1.55235934300634e-14,"Tidak Signifikan","Tidak Signifikan"
"Rv2411c",4886.08245337164,0.244224221185655,0.0316748457864262,7.71035233548996,1.25470854110908e-14,1.57165417826957e-14,"Tidak Signifikan","Tidak Signifikan"
"Rv0185",1119.10182645066,0.504607417377692,0.0655209432798733,7.70146753263696,1.34512355008573e-14,1.68437661716859e-14,"Tidak Signifikan","Tidak Signifikan"
"Rv0136",3003.1328908884,-0.306993315640231,0.039877880109537,-7.69833588939477,1.37849625849201e-14,1.72562153910943e-14,"Tidak Signifikan","Tidak Signifikan"
"Rv0792c",1762.02232099613,-0.3964870226658,0.0516371300936188,-7.6783318892232,1.61173484424659e-14,2.01695650697988e-14,"Tidak Signifikan","Tidak Signifikan"
"Rv1122",2128.12397924137,-0.360984141159043,0.0471415491438835,-7.6574518172337,1.89658466502052e-14,2.37267466607896e-14,"Tidak Signifikan","Tidak Signifikan"
"Rv1069c",4273.97336482716,-0.254716827578157,0.0333584311885001,-7.63575559470456,2.24499848890995e-14,2.80766362090346e-14,"Tidak Signifikan","Tidak Signifikan"
"Rv1571",1045.61440896536,-0.506822001414955,0.0665332074902203,-7.61757955964249,2.58476597798588e-14,3.2315684319792e-14,"Tidak Signifikan","Tidak Signifikan"
"Rv3898c",756.899545973142,-0.587236363148022,0.0772310454004108,-7.60363089873309,2.87935725402614e-14,3.59874298258402e-14,"Tidak Signifikan","Tidak Signifikan"
"Rv3337",2318.29186068436,0.341726726315142,0.0449461929482574,7.60301827361758,2.89302619762695e-14,3.61468816566492e-14,"Tidak Signifikan","Tidak Signifikan"
"Rv0469",3471.41205136116,0.279406276753664,0.0369169734782327,7.56850441487059,3.77545493866044e-14,4.71575243755225e-14,"Tidak Signifikan","Tidak Signifikan"
"Rv1512",2414.08304130982,0.336413563395529,0.0446220195548748,7.53918282389297,4.72925564570186e-14,5.90524304265007e-14,"Tidak Signifikan","Tidak Signifikan"
"Rv2763c",1283.37825086082,0.459503175267276,0.0611548813739782,7.51376120668592,5.74523396518173e-14,7.17159947761986e-14,"Tidak Signifikan","Tidak Signifikan"
"Rv2709",2042.15047222428,0.354997929555765,0.0476046365156199,7.45721332079248,8.8371566036244e-14,1.10276817384643e-13,"Tidak Signifikan","Tidak Signifikan"
"Rv2611c",2039.34135836161,0.361763076616768,0.0485139278767588,7.45689109188942,8.85878686393396e-14,1.1051197323656e-13,"Tidak Signifikan","Tidak Signifikan"
"Rv0030",1293.91873662598,0.448797147079457,0.0602700328706307,7.44643939456276,9.589305733164e-14,1.19587475144488e-13,"Tidak Signifikan","Tidak Signifikan"
"Rv3331",4127.15887396333,0.24977917280357,0.0337177267635969,7.40794818567788,1.28268395717397e-13,1.59912233127251e-13,"Tidak Signifikan","Tidak Signifikan"
"Rv3892c",2647.4498018237,-0.308002125403383,0.0415865992424325,-7.4062830578634,1.29888445623459e-13,1.61881075648213e-13,"Tidak Signifikan","Tidak Signifikan"
"Rv0819",2202.04487467884,-0.336642966712475,0.0455053234599452,-7.3978809755917,1.38374791076809e-13,1.72403516395007e-13,"Tidak Signifikan","Tidak Signifikan"
"Rv2713",4364.27783724002,0.252024313691185,0.0340744362730901,7.39628710718302,1.40045041074391e-13,1.74429726198464e-13,"Tidak Signifikan","Tidak Signifikan"
"Rv2501c",5329.64118126149,0.228601175918647,0.0309273408642136,7.39155612900314,1.45120278727951e-13,1.80694333243497e-13,"Tidak Signifikan","Tidak Signifikan"
"Rv3695",2448.88278409326,-0.318994664012867,0.0431665548529983,-7.3898569181439,1.46986897588589e-13,1.82961099069323e-13,"Tidak Signifikan","Tidak Signifikan"
"Rv3498c",2353.51626064569,0.328564823177101,0.0445313302108421,7.37828449366879,1.60342065042329e-13,1.99522262240565e-13,"Tidak Signifikan","Tidak Signifikan"
"Rv0012",2407.58732327978,0.361245164327992,0.0491477863919197,7.35018178534656,1.97937470862574e-13,2.46227013769781e-13,"Tidak Signifikan","Tidak Signifikan"
"Rvnt34",80.4341413496281,-2.10425742125881,0.286410315206667,-7.34700291691807,2.02700446474099e-13,2.52072937668574e-13,"Signifikan","Turun"
"Rv2596",750.434616898875,-0.57693461992359,0.0788127579942006,-7.32032014367576,2.47380066740517e-13,3.07538929727243e-13,"Tidak Signifikan","Tidak Signifikan"
"Rv2825c",1634.40784673522,-0.424769683757813,0.0580394775030392,-7.31863383393777,2.50508107497128e-13,3.1133009474972e-13,"Tidak Signifikan","Tidak Signifikan"
"Rv2522c",3424.13659227371,0.282013934195445,0.0385365345308152,7.3180927561075,2.51519995199515e-13,3.12489765410735e-13,"Tidak Signifikan","Tidak Signifikan"
"Rv3720",3413.52673341618,0.270377557533508,0.0369668942220619,7.31404580296458,2.5921672119146e-13,3.21951387904359e-13,"Tidak Signifikan","Tidak Signifikan"
"Rv3818",3525.32595423068,-0.269292597757866,0.0368368787088235,-7.31040759143805,2.66333258593839e-13,3.30686709496639e-13,"Tidak Signifikan","Tidak Signifikan"
"Rv0857",1602.86107682845,0.430929962878847,0.0590408857124856,7.29883973925067,2.90259794024631e-13,3.60281790643213e-13,"Tidak Signifikan","Tidak Signifikan"
"Rv3255c",3268.90853080592,0.277878835040607,0.0381503535145666,7.28378139234036,3.24590841433237e-13,4.02768804493479e-13,"Tidak Signifikan","Tidak Signifikan"
"Rv2090",2449.59287509002,0.340696910860838,0.0468684247201831,7.26922043774435,3.61567965467103e-13,4.48511606944339e-13,"Tidak Signifikan","Tidak Signifikan"
"Rv0605",2646.53970043133,0.326441481921871,0.0450608409463253,7.24446049088865,4.34163946209435e-13,5.38395865774563e-13,"Tidak Signifikan","Tidak Signifikan"
"Rv1885c",1569.99259952584,0.488490223864609,0.0674666384413289,7.24047077415033,4.47129937894338e-13,5.54301394883387e-13,"Tidak Signifikan","Tidak Signifikan"
"Rv0183",2122.05744991688,0.338140809536044,0.0467357460659773,7.23516447257924,4.64965300754961e-13,5.76231598905008e-13,"Tidak Signifikan","Tidak Signifikan"
"Rv0445c",1642.88320943285,0.390909358780983,0.0540663171461311,7.23018284608563,4.82344171298876e-13,5.97582550762849e-13,"Tidak Signifikan","Tidak Signifikan"
"Rv2006",9957.81858875824,-0.168968679746031,0.0233726655606283,-7.22932860643254,4.85387658279322e-13,6.01165420041858e-13,"Tidak Signifikan","Tidak Signifikan"
"Rv0473",5194.67659779048,0.222232368241745,0.0307663865305307,7.22321966608639,5.07709012043248e-13,6.28614747433073e-13,"Tidak Signifikan","Tidak Signifikan"
"Rv1252c",1105.76346697681,-0.459813498027858,0.0637489262145695,-7.21288224495254,5.47797848919013e-13,6.78038710346871e-13,"Tidak Signifikan","Tidak Signifikan"
"Rv0904c",3580.54832638349,0.259882853122488,0.0360988375655877,7.19920281782783,6.05656058545426e-13,7.4941908429498e-13,"Tidak Signifikan","Tidak Signifikan"
"Rv1840c",3538.23032537345,0.261357502455121,0.0363144126077469,7.19707365993208,6.15185335608281e-13,7.60972942425335e-13,"Tidak Signifikan","Tidak Signifikan"
"Rv3031",3245.10888784515,-0.270407079577979,0.0376877821808486,-7.17492683120495,7.23458676187149e-13,8.94626112354869e-13,"Tidak Signifikan","Tidak Signifikan"
"Rv1313c",406.981266348731,0.791307815722125,0.110402825024538,7.16745985029143,7.64020636876254e-13,9.44490453876005e-13,"Tidak Signifikan","Tidak Signifikan"
"Rv3895c",3497.37484338536,0.265622179993758,0.0370819522075451,7.16311208501347,7.88658142430603e-13,9.74643878823116e-13,"Tidak Signifikan","Tidak Signifikan"
"Rv2192c",2888.55622214172,0.300453709921142,0.041961093267153,7.16029270277228,8.05049818147104e-13,9.94591288878718e-13,"Tidak Signifikan","Tidak Signifikan"
"Rv3233c",1048.1774658364,-0.471740599737096,0.065941253926721,-7.153952520547,8.43142392117813e-13,1.04132810383915e-12,"Tidak Signifikan","Tidak Signifikan"
"Rv3609c",1689.20618252783,0.389684131609694,0.0545751097938772,7.14032702969317,9.31091297342425e-13,1.14959202507233e-12,"Tidak Signifikan","Tidak Signifikan"
"Rv3438",1906.05200852757,0.350949616183301,0.0492061577307656,7.13222963076171,9.8755933908517e-13,1.21893214005939e-12,"Tidak Signifikan","Tidak Signifikan"
"Rv2746c",1789.85636382327,0.368952835203213,0.0517888290837631,7.12417796908421,1.04703683930673e-12,1.29194250125343e-12,"Tidak Signifikan","Tidak Signifikan"
"Rv1421",2463.50046572999,0.309361280253301,0.0434353540386758,7.12233817589788,1.06111306370703e-12,1.30890408076051e-12,"Tidak Signifikan","Tidak Signifikan"
"Rv2135c",1889.24361068865,0.357123388252532,0.0501841890930817,7.11625304117476,1.10900610911152e-12,1.36755587032807e-12,"Tidak Signifikan","Tidak Signifikan"
"Rv3867",1582.85710484011,0.387735580836174,0.0545652771409491,7.10590326215338,1.19538125001135e-12,1.47361013635644e-12,"Tidak Signifikan","Tidak Signifikan"
"Rv1933c",2138.76582552709,-0.362526323634109,0.0510710743843351,-7.09846675450606,1.26148523777335e-12,1.55461694260543e-12,"Tidak Signifikan","Tidak Signifikan"
"Rv3886c",3059.89266785448,-0.285615515099335,0.0403135239783784,-7.08485607094337,1.39188886252905e-12,1.71478978809091e-12,"Tidak Signifikan","Tidak Signifikan"
"Rv1475c",7518.63584384496,0.196628342445152,0.0277839481836064,7.07704827066912,1.47257251839257e-12,1.81362781138259e-12,"Tidak Signifikan","Tidak Signifikan"
"Rv3869",4848.53599341309,0.22052597822308,0.0311844728110528,7.07165965444565,1.53091530515042e-12,1.88489789433014e-12,"Tidak Signifikan","Tidak Signifikan"
"Rv1444c",1144.55117366209,0.458591966954508,0.0649818093858663,7.05723603710937,1.69846984924e-12,2.09054604155603e-12,"Tidak Signifikan","Tidak Signifikan"
"Rv1281c",3882.21005392887,-0.246342825915624,0.0350112638170038,-7.0361020728416,1.97692140848144e-12,2.43252085218544e-12,"Tidak Signifikan","Tidak Signifikan"
"Rv3193c",8631.28659896496,0.175690379175817,0.0249886173656081,7.03081633550562,2.05328638154366e-12,2.52570141878565e-12,"Tidak Signifikan","Tidak Signifikan"
"Rv0798c",1448.58460609039,-0.447069958846428,0.0638171521088908,-7.0054827592995,2.46135644188497e-12,3.02672070829438e-12,"Tidak Signifikan","Tidak Signifikan"
"Rv0042c",1508.95114367681,-0.434481453519245,0.0620299680078539,-7.00437977759771,2.48082339493862e-12,3.04971379229052e-12,"Tidak Signifikan","Tidak Signifikan"
"Rv1473A",387.227023593078,-0.762617725625366,0.109047628207453,-6.99343707113514,2.68232205898186e-12,3.29639764807344e-12,"Tidak Signifikan","Tidak Signifikan"
"Rv2042c",1703.62979944384,-0.366421751930765,0.0523973063010045,-6.99314101808589,2.68799080247595e-12,3.30234113144072e-12,"Tidak Signifikan","Tidak Signifikan"
"Rv1116",526.50637679713,-0.679559253861798,0.0972483371783138,-6.9878753054231,2.79080252510087e-12,3.42758935513162e-12,"Tidak Signifikan","Tidak Signifikan"
"Rv0117",2688.69982660586,0.293321757308192,0.0419987976143667,6.98405130550343,2.86787253366973e-12,3.5211545469105e-12,"Tidak Signifikan","Tidak Signifikan"
"Rv0397",870.794946084781,-0.509991254095647,0.0730944502106192,-6.9771542521508,3.01218935841945e-12,3.697201480461e-12,"Tidak Signifikan","Tidak Signifikan"
"Rv3310",2494.6685787397,0.30378269299621,0.0435474221705358,6.97590529713948,3.0390740281113e-12,3.72904629431411e-12,"Tidak Signifikan","Tidak Signifikan"
"Rv3790",2852.58015315957,-0.280469394627705,0.0402495183416712,-6.96826710438741,3.2086860365172e-12,3.93594851789231e-12,"Tidak Signifikan","Tidak Signifikan"
"Rv1816",1706.9398683878,-0.359417581779825,0.0515872293860567,-6.9671813364912,3.23353781125411e-12,3.96520695432614e-12,"Tidak Signifikan","Tidak Signifikan"
"Rv1759c",3715.6941051435,-0.246501656902019,0.0354859965192228,-6.94644877081271,3.74595869424629e-12,4.59215640917029e-12,"Tidak Signifikan","Tidak Signifikan"
"Rv0870c",1033.57051736175,0.485274591157609,0.0698802669125634,6.94437231850876,3.80146714346022e-12,4.6587643367645e-12,"Tidak Signifikan","Tidak Signifikan"
"Rv1456c",1724.10058192643,-0.356246144768307,0.0513102761210648,-6.94297851618956,3.83917826033454e-12,4.70352691746359e-12,"Tidak Signifikan","Tidak Signifikan"
"Rv3855",2829.29454496306,-0.280792749034197,0.0405491743194578,-6.92474640351572,4.36757208682077e-12,5.34923077135473e-12,"Tidak Signifikan","Tidak Signifikan"
"Rv2361c",1417.39080863166,-0.390340132852385,0.0564529755228178,-6.91442973975061,4.69749154069336e-12,5.75152745121314e-12,"Tidak Signifikan","Tidak Signifikan"
"Rv2857c",1929.93803850335,-0.35044424023174,0.0507116028432364,-6.9105336961062,4.82833729599717e-12,5.90990868658463e-12,"Tidak Signifikan","Tidak Signifikan"
"Rv1412",2213.98789304614,0.318704208879544,0.0462787037185511,6.88662782816428,5.71304258664735e-12,6.98920769645774e-12,"Tidak Signifikan","Tidak Signifikan"
"Rv2751",2342.88706099371,0.306027971391752,0.044438096228376,6.88661300472942,5.7136376505199e-12,6.98920769645774e-12,"Tidak Signifikan","Tidak Signifikan"
"Rv3330",3372.18042186453,0.257425175919548,0.0373829045092631,6.88617375505858,5.73129824653196e-12,7.00864985943042e-12,"Tidak Signifikan","Tidak Signifikan"
"Rv3142c",1454.82799245232,-0.407065986402672,0.0591582798166025,-6.88096387630986,5.94489266644455e-12,7.26760838452559e-12,"Tidak Signifikan","Tidak Signifikan"
"Rv1842c",3994.99329113307,0.237886297342813,0.0346072066221762,6.87389479133447,6.24722900168328e-12,7.63486058215575e-12,"Tidak Signifikan","Tidak Signifikan"
"Rv3118",135.428904088382,-1.50491799864437,0.219134736846254,-6.86754651637102,6.5315458607161e-12,7.97987139804767e-12,"Signifikan","Turun"
"Rv2602",741.117444539497,-0.537286407089172,0.0784161421663943,-6.85173221030287,7.2961043311647e-12,8.91122102270023e-12,"Tidak Signifikan","Tidak Signifikan"
"Rv0691c",1389.19291358811,-0.393391867826793,0.0574846957323292,-6.84341915383142,7.73249718663852e-12,9.44131004598184e-12,"Tidak Signifikan","Tidak Signifikan"
"Rv2413c",2779.9835155375,0.279514635450363,0.0410254610915624,6.81319912106607,9.54518760794312e-12,1.16510028432955e-11,"Tidak Signifikan","Tidak Signifikan"
"Rv1212c",3404.86980327003,0.257758200554915,0.0378934683090076,6.80218021884378,1.0304757248884e-11,1.25742762246455e-11,"Tidak Signifikan","Tidak Signifikan"
"Rv1328",6814.35784756152,0.184372513980227,0.0271664854421954,6.78676357943075,1.14676898523541e-11,1.39890300259191e-11,"Tidak Signifikan","Tidak Signifikan"
"Rv1960c",359.178574958975,1.05041819573084,0.154887092027772,6.78183173290188,1.18661635606417e-11,1.44706642622397e-11,"Signifikan","Naik"
"Rv1141c",1927.00361798311,-0.32943559274313,0.048806705270924,-6.74980191583199,1.48047135868995e-11,1.80486474490567e-11,"Tidak Signifikan","Tidak Signifikan"
"Rv1246c",287.334761812618,-0.886644903011795,0.131426725458661,-6.74630597329065,1.51656635871524e-11,1.84830068971532e-11,"Tidak Signifikan","Tidak Signifikan"
"Rv0673",2294.90840668406,0.302757871731622,0.0449115371262627,6.74120484632844,1.57078560099168e-11,1.91379191619595e-11,"Tidak Signifikan","Tidak Signifikan"
"Rv1214c",566.247926276928,-0.605118493434859,0.0898371627691346,-6.73572578187831,1.63113658101637e-11,1.98671133463062e-11,"Tidak Signifikan","Tidak Signifikan"
"Rv0969",24001.4024719295,-0.14467586180751,0.0215350773004585,-6.71814917536561,1.84047227251563e-11,2.24099248160512e-11,"Tidak Signifikan","Tidak Signifikan"
"Rv2816c",865.999804050919,-0.48509417135592,0.0722159654588146,-6.71727045777119,1.85160113310063e-11,2.2538513946027e-11,"Tidak Signifikan","Tidak Signifikan"
"Rv1042c",306.73964414146,0.917595290279748,0.136705425929154,6.71220826856779,1.91700807676011e-11,2.33275185291637e-11,"Tidak Signifikan","Tidak Signifikan"
"Rv2497c",5862.28214894225,0.191236807539704,0.0286704295875934,6.67017586727958,2.55497067346918e-11,3.10811673157076e-11,"Tidak Signifikan","Tidak Signifikan"
"Rv2563",2946.48210928849,0.271604152607686,0.0407777199935206,6.66060173670432,2.72708712926184e-11,3.31647904407778e-11,"Tidak Signifikan","Tidak Signifikan"
"Rv0436c",1792.15787770976,0.337218602898216,0.0506401403066444,6.6591166781181,2.75478181505963e-11,3.34913253458215e-11,"Tidak Signifikan","Tidak Signifikan"
"Rv3871",7667.14042007602,0.167226624639361,0.025119474882427,6.65725001904195,2.78998365852368e-11,3.3908900653687e-11,"Tidak Signifikan","Tidak Signifikan"
"Rv0156",483.699058163167,-0.648301763606301,0.0974626444200976,-6.65179738825778,2.895351094509e-11,3.51787374943865e-11,"Tidak Signifikan","Tidak Signifikan"
"Rv1118c",1602.64929908839,-0.447140131281755,0.0672775498740478,-6.64620117883095,3.00754119938489e-11,3.65306672932023e-11,"Tidak Signifikan","Tidak Signifikan"
"Rv0729",2768.837935261,-0.269903684422189,0.0406261162600146,-6.64360045382521,3.06111679492877e-11,3.71700346663068e-11,"Tidak Signifikan","Tidak Signifikan"
"Rv2293c",1733.58972244687,-0.363343624815878,0.0547368720679596,-6.63800489667664,3.17957304902117e-11,3.85965920607924e-11,"Tidak Signifikan","Tidak Signifikan"
"Rv1113",468.55919057845,0.677743337693386,0.102812633865251,6.59202388085549,4.33870782224275e-11,5.2651128573989e-11,"Tidak Signifikan","Tidak Signifikan"
"Rv1498A",599.62974618396,-0.573521497436301,0.0870261174211962,-6.59022273348729,4.39167227950127e-11,5.32775655436745e-11,"Tidak Signifikan","Tidak Signifikan"
"Rv3690",1317.58930376705,-0.386064004048055,0.0585934906003138,-6.58885483852684,4.43231868085481e-11,5.37542286974962e-11,"Tidak Signifikan","Tidak Signifikan"
"Rv1655",2090.50423703922,-0.307196473907399,0.0466491159645867,-6.58525821026501,4.54095518689485e-11,5.50549181736305e-11,"Tidak Signifikan","Tidak Signifikan"
"Rv0115a",697.63987761569,-0.537814266929182,0.081837210090806,-6.57175710575211,4.97249325659226e-11,6.02685021353544e-11,"Tidak Signifikan","Tidak Signifikan"
"Rv1740",388.406543993802,0.729310577987648,0.111049865207777,6.56741524740339,5.11961331355811e-11,6.20327001065516e-11,"Tidak Signifikan","Tidak Signifikan"
"Rv2979c",1936.33310491704,-0.322351296413462,0.0491663031026061,-6.55634603522542,5.51421946470383e-11,6.67936140961224e-11,"Tidak Signifikan","Tidak Signifikan"
"Rv1319c",3188.36494823952,-0.263295831667052,0.0401661939956647,-6.5551600855055,5.55822176627931e-11,6.73060614982601e-11,"Tidak Signifikan","Tidak Signifikan"
"Rv0051",3525.00534610971,-0.238406171283041,0.036391856975225,-6.55108563009973,5.71202916827378e-11,6.91474510544464e-11,"Tidak Signifikan","Tidak Signifikan"
"Rv0576",2839.4624751944,-0.262694919828772,0.0401105831616065,-6.5492670293615,5.7820164019887e-11,6.99733345536582e-11,"Tidak Signifikan","Tidak Signifikan"
"Rv0948c",1209.94640175599,0.418244351711161,0.0639105391847111,6.5442156653126,5.98084365160452e-11,7.23574466786067e-11,"Tidak Signifikan","Tidak Signifikan"
"Rvnt03",852.94249917571,0.571090182766516,0.0876124417197329,6.51836852799287,7.10761949027449e-11,8.59631906034112e-11,"Tidak Signifikan","Tidak Signifikan"
"Rv3588c",1137.59421455138,-0.412502909146359,0.0633929997695484,-6.50707350410809,7.6628923106177e-11,9.26506973368498e-11,"Tidak Signifikan","Tidak Signifikan"
"Rv1532c",798.975308996487,-0.494408444334764,0.0759925454810747,-6.50601241483471,7.71718512924762e-11,9.32787123940443e-11,"Tidak Signifikan","Tidak Signifikan"
"Rv3722c",3578.97724884469,0.235667532641127,0.0363338191046558,6.4861756470552,8.80425199766354e-11,1.06385829042739e-10,"Tidak Signifikan","Tidak Signifikan"
"Rv1659",3500.5556330677,0.239713882574946,0.0370318205782416,6.47318654151701,9.59573642803935e-11,1.15914392235177e-10,"Tidak Signifikan","Tidak Signifikan"
"Rv2500c",2804.68464315844,-0.264299821390674,0.0408695820477361,-6.46690786027539,1.00028598394262e-10,1.20795570724516e-10,"Tidak Signifikan","Tidak Signifikan"
"Rv2638",1843.7363446719,0.346153008277567,0.0535339866638475,6.46604203888537,1.00603101361742e-10,1.21452374650648e-10,"Tidak Signifikan","Tidak Signifikan"
"Rv3575c",2426.46886683815,0.282282962383937,0.0436673835548018,6.46438919404632,1.01708792487762e-10,1.22749856951309e-10,"Tidak Signifikan","Tidak Signifikan"
"Rv1741",409.639434848598,0.749135058511278,0.115927474968788,6.46210105682863,1.03259098979093e-10,1.24582982253669e-10,"Tidak Signifikan","Tidak Signifikan"
"Rv0517",3867.24866316797,0.232873370036907,0.0360930953436854,6.45201991736763,1.10369069004565e-10,1.33120734795108e-10,"Tidak Signifikan","Tidak Signifikan"
"Rv3067",1247.96504822058,0.391788757639681,0.0608136129610017,6.44245159206254,1.17558866357077e-10,1.41749551014749e-10,"Tidak Signifikan","Tidak Signifikan"
"Rv2771c",1744.22835135398,0.330790166558522,0.0513781014425728,6.43834936034487,1.20779747171658e-10,1.45588956861127e-10,"Tidak Signifikan","Tidak Signifikan"
"Rv1259",1746.02766134417,-0.331954239851428,0.0518835408554332,-6.39806448014748,1.57358839510115e-10,1.89624093662402e-10,"Tidak Signifikan","Tidak Signifikan"
"Rv1383",2306.5924737282,-0.284049893911904,0.0444068330785825,-6.39653571803349,1.58941666409857e-10,1.91473304174887e-10,"Tidak Signifikan","Tidak Signifikan"
"Rv2409c",1017.54239407474,-0.432360731142662,0.0676646131409383,-6.38976136968521,1.6614482592025e-10,2.0009001955848e-10,"Tidak Signifikan","Tidak Signifikan"
"Rv1491c",2812.0617967923,0.283366943489019,0.0443528305428816,6.38892580294401,1.67055085796822e-10,2.01125197376629e-10,"Tidak Signifikan","Tidak Signifikan"
"Rv1241",613.802079502665,0.570530423823988,0.089304874870592,6.38856976901564,1.67444425248256e-10,2.01532777597036e-10,"Tidak Signifikan","Tidak Signifikan"
"Rv1265",4191.91459873114,0.239165770878323,0.0375354531782036,6.37172994136657,1.86907796137137e-10,2.24890272149234e-10,"Tidak Signifikan","Tidak Signifikan"
"Rv3078",681.365956896091,-0.530897226007659,0.0834248094288114,-6.36378110591535,1.9684662137817e-10,2.36777000305397e-10,"Tidak Signifikan","Tidak Signifikan"
"Rv3494c",3855.58585561832,0.22735567755261,0.0357773952175777,6.35472974401748,2.08793374862801e-10,2.51071027002343e-10,"Tidak Signifikan","Tidak Signifikan"
"Rv0325",207.25553100541,-0.955075356500331,0.150669819579217,-6.3388630793321,2.31466821743349e-10,2.78251176319959e-10,"Tidak Signifikan","Tidak Signifikan"
"Rv2414c",3326.76834807404,-0.262267249119245,0.041375896346957,-6.33864815688841,2.31789882498725e-10,2.78555123863205e-10,"Tidak Signifikan","Tidak Signifikan"
"Rv2351c",3698.21027213523,-0.235488718858058,0.0371733972097346,-6.33487215412185,2.37538153374377e-10,2.85376697285329e-10,"Tidak Signifikan","Tidak Signifikan"
"Rv3701c",2230.76128776185,0.292031035440371,0.0461090304977094,6.33348895624424,2.39678470636069e-10,2.87860881929544e-10,"Tidak Signifikan","Tidak Signifikan"
"Rv0674",1154.54306698258,-0.403996084999874,0.0638421742448674,-6.32804395806356,2.48288418073721e-10,2.98111426906311e-10,"Tidak Signifikan","Tidak Signifikan"
"Rv2730",608.77588532162,-2.66877286813208,0.422895150065129,-6.31071996858103,2.77740344593507e-10,3.33372449925096e-10,"Signifikan","Turun"
"Rv0572c",1136.92342986967,-0.401023866297668,0.0635826161716653,-6.30713063480987,2.8425590150676e-10,3.41089885443835e-10,"Tidak Signifikan","Tidak Signifikan"
"Rv2784c",1425.49133680232,-0.368754847264189,0.0584686624349726,-6.30688016293017,2.84716102203932e-10,3.41538789671303e-10,"Tidak Signifikan","Tidak Signifikan"
"Rv3015c",2774.12972304041,0.261157192848585,0.0414411367494738,6.30188294368882,2.94051216491208e-10,3.52630343355689e-10,"Tidak Signifikan","Tidak Signifikan"
"Rv2749",568.873104543404,0.617500904666022,0.0982465454515962,6.28521747841251,3.27395046090272e-10,3.92498080338504e-10,"Tidak Signifikan","Tidak Signifikan"
"Rv0617",1355.98986465341,0.367553354926445,0.0584853447349445,6.28453771781968,3.28830695650101e-10,3.94100111674909e-10,"Tidak Signifikan","Tidak Signifikan"
"Rv2228c",2775.88134534113,0.261946681992833,0.0416999924427747,6.28169615024044,3.3489890821071e-10,4.01251576222255e-10,"Tidak Signifikan","Tidak Signifikan"
"Rv3301c",1644.91466491938,-0.331678618125499,0.0528091482808092,-6.28070379703569,3.37043744710939e-10,4.03699436977142e-10,"Tidak Signifikan","Tidak Signifikan"
"Rv1568",2932.64025398943,-0.25844305869096,0.0412035013076813,-6.2723567291302,3.55623641911007e-10,4.25825230142156e-10,"Tidak Signifikan","Tidak Signifikan"
"Rv1778c",1666.77872664295,0.339183325229155,0.054266081809368,6.25037433918071,4.09470070259393e-10,4.90153219287572e-10,"Tidak Signifikan","Tidak Signifikan"
"Rv3102c",1512.4597456551,0.344317029761472,0.0551092060390334,6.24790401657383,4.15997169862235e-10,4.97816221068925e-10,"Tidak Signifikan","Tidak Signifikan"
"Rv3430a",387.008952453556,-0.671650432670663,0.107631559327691,-6.24027410608984,4.36804776832777e-10,5.22558669992649e-10,"Tidak Signifikan","Tidak Signifikan"
"Rv0013",1510.87516922354,0.352825684125853,0.0565457965157062,6.23964478116161,4.38565669019181e-10,5.24507087428125e-10,"Tidak Signifikan","Tidak Signifikan"
"Rv3505",2373.71000115011,-0.274505704987048,0.0440010736758257,-6.23861378950537,4.4146543534551e-10,5.27815968057757e-10,"Tidak Signifikan","Tidak Signifikan"
"Rv1495",285.573586363123,-0.845978733627711,0.135712658079139,-6.23360227116316,4.55829525923418e-10,5.44825468315215e-10,"Tidak Signifikan","Tidak Signifikan"
"Rv1428c",1870.09750364429,-0.308499741006271,0.0495527663882548,-6.22568150058707,4.79467223683642e-10,5.72905565166568e-10,"Tidak Signifikan","Tidak Signifikan"
"Rv3632",691.945855057134,-0.501309440959809,0.0805504471062146,-6.2235463485234,4.86041143431682e-10,5.80585732006469e-10,"Tidak Signifikan","Tidak Signifikan"
"Rv2830c",532.301969726353,0.635015762302033,0.102347891712674,6.20448307899433,5.48769772732376e-10,6.55318991098536e-10,"Tidak Signifikan","Tidak Signifikan"
"Rv1457c",1384.30657189416,-0.424777367866099,0.0685905602763579,-6.19294209224463,5.90514288077355e-10,7.04956419140194e-10,"Tidak Signifikan","Tidak Signifikan"
"Rv2261c",3602.66527298404,0.223098124191668,0.0361802280777505,6.16629955212651,6.99065982533471e-10,8.3429445027385e-10,"Tidak Signifikan","Tidak Signifikan"
"Rv1629",8259.18627030938,0.167401331475701,0.0271496275202158,6.16587948954559,7.00924526170898e-10,8.36260930923294e-10,"Tidak Signifikan","Tidak Signifikan"
"Rv1689",3214.50008718774,0.233646647532286,0.038162635315265,6.12239290085994,9.21803755300993e-10,1.099457455586e-09,"Tidak Signifikan","Tidak Signifikan"
"Rv3407",5121.17370930352,0.213769879179761,0.0349323313300244,6.11954229908569,9.38445175361317e-10,1.118969645524e-09,"Tidak Signifikan","Tidak Signifikan"
"Rv0990c",1450.76229855777,-0.351899329208797,0.0575915756734947,-6.11025701404365,9.94708179659482e-10,1.1856993235304e-09,"Tidak Signifikan","Tidak Signifikan"
"Rv3280",4294.83563162316,0.213199276188816,0.0349670313227493,6.0971511770892,1.07975396787645e-09,1.28668789142862e-09,"Tidak Signifikan","Tidak Signifikan"
"Rv0354c",1899.0708413581,0.31007294568187,0.0508985783287535,6.09197655146892,1.11525023196933e-09,1.32858788895566e-09,"Tidak Signifikan","Tidak Signifikan"
"Rv0336",641.998497032581,-1.26324293887611,0.208113286824592,-6.06997735776874,1.2792828521309e-09,1.5235410010217e-09,"Signifikan","Turun"
"Rv3497c",2498.16975369472,0.266534304145435,0.0439202594361545,6.06859585000603,1.29033398426696e-09,1.53624097106453e-09,"Tidak Signifikan","Tidak Signifikan"
"Rv0858c",2858.96604129042,0.256040470748065,0.0422898461795412,6.0544195327892,1.40924896356183e-09,1.67731492302724e-09,"Tidak Signifikan","Tidak Signifikan"
"Rv2118c",1925.65095217704,0.2985297630332,0.0494482375190331,6.03721746236744,1.56794360769676e-09,1.86563656020788e-09,"Tidak Signifikan","Tidak Signifikan"
"RV1984a",646.517194966002,-0.563743366436512,0.0934069323842218,-6.0353482557119,1.58620224707315e-09,1.88679589629361e-09,"Tidak Signifikan","Tidak Signifikan"
"Rv3702c",1218.58998205094,-0.366334652453946,0.0608723127965161,-6.01808335554013,1.76494309374885e-09,2.09877975206886e-09,"Tidak Signifikan","Tidak Signifikan"
"Rv2132",920.383674294219,0.552251166848251,0.0918732310699546,6.01101278812925,1.843678601491e-09,2.19175097755912e-09,"Tidak Signifikan","Tidak Signifikan"
"Rv2571c",2253.73364438233,-0.269707643769746,0.0449173116758505,-6.00453664093064,1.91879080669428e-09,2.28036043443864e-09,"Tidak Signifikan","Tidak Signifikan"
"Rv1064c",1046.61271706336,-0.424546444110757,0.0707487051760667,-6.00076627627632,1.96388505424164e-09,2.33325307282917e-09,"Tidak Signifikan","Tidak Signifikan"
"Rv0800",3022.17595006277,-0.234064285702221,0.0390833442393652,-5.98884998859613,2.1132996689572e-09,2.51001790022552e-09,"Tidak Signifikan","Tidak Signifikan"
"Rv3642c",516.373713097499,-0.565316562974773,0.094429884133503,-5.98662773085203,2.14236357350573e-09,2.54377620356098e-09,"Tidak Signifikan","Tidak Signifikan"
"Rv2472",541.117922379978,-0.550947781694448,0.0921140376046917,-5.98114897599915,2.21569109206663e-09,2.63005582352733e-09,"Tidak Signifikan","Tidak Signifikan"
"Rv2786c",2981.91353553351,0.260147969899859,0.0435825172685986,5.96909004352754,2.3858042461056e-09,2.83113534080195e-09,"Tidak Signifikan","Tidak Signifikan"
"Rv0411c",3289.73842005993,0.23313517639322,0.0392327141118238,5.94236676383698,2.8093597676001e-09,3.33275424583421e-09,"Tidak Signifikan","Tidak Signifikan"
"Rv2714",2643.12693359554,-0.258980973491952,0.0436051771070753,-5.93922535519136,2.86371989795468e-09,3.39622625865059e-09,"Tidak Signifikan","Tidak Signifikan"
"Rvnt29",266.770907271028,-0.769423582152606,0.130411040471982,-5.89998806364798,3.63527871152386e-09,4.30996731877321e-09,"Tidak Signifikan","Tidak Signifikan"
"Rv3455c",2001.51801268838,0.30932828999357,0.0525999302591032,5.88077376661608,4.0835298928432e-09,4.83996506869106e-09,"Tidak Signifikan","Tidak Signifikan"
"Rv1454c",2345.57989604114,0.261730156178939,0.0445697667593465,5.87236988679223,4.29608864462821e-09,5.0903774352569e-09,"Tidak Signifikan","Tidak Signifikan"
"Rv2689c",2908.02874240845,-0.258281204630271,0.0439998636193265,-5.87004557252362,4.35675364754496e-09,5.16071714536007e-09,"Tidak Signifikan","Tidak Signifikan"
"Rv1461",16343.2557020405,0.109466043314489,0.018684558924682,5.8586367361279,4.66682274166988e-09,5.52635397498639e-09,"Tidak Signifikan","Tidak Signifikan"
"Rv1894c",4141.71836578306,-0.201645419844252,0.0344280610376573,-5.85700773632571,4.71281180894708e-09,5.57914785022175e-09,"Tidak Signifikan","Tidak Signifikan"
"Rv3344c",1505.95525314451,-0.324926307624204,0.0555901314102128,-5.84503578929317,5.06459367392859e-09,5.99380760873351e-09,"Tidak Signifikan","Tidak Signifikan"
"Rv3300c",1819.11119772328,-0.290917451085213,0.0498348378237103,-5.83763214228424,5.29478978371387e-09,6.26436954130418e-09,"Tidak Signifikan","Tidak Signifikan"
"Rv0034",502.567158371455,-0.551643613151682,0.0946624337444309,-5.8274818355189,5.62699723871619e-09,6.65542577399735e-09,"Tidak Signifikan","Tidak Signifikan"
"Rv2679",2230.29932020876,0.288124396202911,0.0494691346959264,5.82432658209881,5.73433462749506e-09,6.78035930470131e-09,"Tidak Signifikan","Tidak Signifikan"
"Rv3401",4871.70987276615,-0.188427944181773,0.0324184522588032,-5.81236706421127,6.15955936636232e-09,7.2809809315731e-09,"Tidak Signifikan","Tidak Signifikan"
"Rv3788",1672.0979972939,0.326131415907077,0.0562290548724365,5.80005153291214,6.62945432039755e-09,7.83409153679389e-09,"Tidak Signifikan","Tidak Signifikan"
"Rv3169",2128.5204113311,-0.280328709602497,0.0483698339062978,-5.79552764529955,6.81067073015860e-09,8.04584001981511e-09,"Tidak Signifikan","Tidak Signifikan"
"Rv3644c",3350.35583807385,0.217272496910727,0.037552699058694,5.78580241519085,7.2167000963388e-09,8.52296793157964e-09,"Tidak Signifikan","Tidak Signifikan"
"Rv1225c",2511.19224736607,0.248891068066182,0.0430258823138062,5.78468249066719,7.2649417270019e-09,8.5773880449454e-09,"Tidak Signifikan","Tidak Signifikan"
"Rv1831",3469.80360568875,0.256659425033105,0.0443897566632255,5.78195161060061,7.38389496270525e-09,8.71523692860807e-09,"Tidak Signifikan","Tidak Signifikan"
"Rv0137c",1325.54792510301,0.340572670491353,0.0589051819818257,5.78170984339598,7.39451679257696e-09,8.72517790486401e-09,"Tidak Signifikan","Tidak Signifikan"
"Rv2474c",1339.47137149098,-0.336072357922461,0.0581274835972847,-5.78164298752062,7.39745666831156e-09,8.72605132417246e-09,"Tidak Signifikan","Tidak Signifikan"
"Rv2766c",1525.66481279983,-0.319908131235436,0.0554102235083172,-5.77344957266626,7.76648569740406e-09,9.15863518478059e-09,"Tidak Signifikan","Tidak Signifikan"
"Rv3848",2598.26144798122,-0.347297893074781,0.0602292564569459,-5.76626565733951,8.10472715662952e-09,9.55466645775611e-09,"Tidak Signifikan","Tidak Signifikan"
"Rv3761c",2514.18195766549,-0.245859825092784,0.0426443142828996,-5.76536003045486,8.14837041512977e-09,9.60326364730238e-09,"Tidak Signifikan","Tidak Signifikan"
"Rv2057c",25.9228291806944,-3.18061107229778,0.552198581717002,-5.75990445757396,8.41615607112881e-09,9.91591658276448e-09,"Signifikan","Turun"
"Rv0735",1450.31922387275,-0.320375771620216,0.0557107086888392,-5.75070357495556,8.88728182341188e-09,1.04678880621956e-08,"Tidak Signifikan","Tidak Signifikan"
"Rv2296",2525.67561067295,0.256948521674132,0.0447302895189362,5.74439656969702,9.22493613413619e-09,1.08623691434011e-08,"Tidak Signifikan","Tidak Signifikan"
"Rv3499c",3219.19463447634,0.218345481371955,0.0380295667211084,5.74146644828224,9.38601573002815e-09,1.10487609498581e-08,"Tidak Signifikan","Tidak Signifikan"
"Rv1861",925.246393635109,0.414459288157859,0.0723028571949885,5.7322670809555,9.90970660809342e-09,1.16617639021971e-08,"Tidak Signifikan","Tidak Signifikan"
"Rv0816c",875.334138984508,-0.411412877271423,0.0719868218133233,-5.7151137792734,1.09630646035006e-08,1.28975318155655e-08,"Tidak Signifikan","Tidak Signifikan"
"Rv2588c",1407.70110037589,0.335071144171297,0.0586360306634516,5.71442405599514,1.10076193375952e-08,1.29461090756716e-08,"Tidak Signifikan","Tidak Signifikan"
"Rv0345",1566.03419246457,0.309840490299129,0.0546614209546802,5.66835777203849,1.44172675351207e-08,1.69511856288749e-08,"Tidak Signifikan","Tidak Signifikan"
"Rv1959c",385.62997260222,-0.630561487516092,0.112021144064747,-5.6289506126775,1.81309298158009e-08,2.13112292086762e-08,"Tidak Signifikan","Tidak Signifikan"
"Rv3329",2948.44124029487,-0.221351696878852,0.0393719751595972,-5.62206229130204,1.88691196910815e-08,2.2172333475865e-08,"Tidak Signifikan","Tidak Signifikan"
"Rv2432c",1001.04568821641,0.400611488021681,0.0713096437406283,5.61791459061005,1.93275991543695e-08,2.27043487845378e-08,"Tidak Signifikan","Tidak Signifikan"
"Rv1642",474.520636175743,0.597831696380357,0.1064409317341,5.61655827923226,1.94798566345189e-08,2.28764331761801e-08,"Tidak Signifikan","Tidak Signifikan"
"Rv3321c",517.015079204821,-0.522519912728566,0.093066023362967,-5.61450778541041,1.97122554360032e-08,2.31425029045945e-08,"Tidak Signifikan","Tidak Signifikan"
"Rvnt33",30.2819739095153,3.4837964203305,0.620804960255271,5.6117406325136,2.00301505446725e-08,2.35087595297976e-08,"Signifikan","Naik"
"Rv1317c",4511.89636157014,-0.180244319234964,0.0321474472886411,-5.60680036634359,2.06101150512231e-08,2.41822911588885e-08,"Tidak Signifikan","Tidak Signifikan"
"Rv0409",3026.0303686931,0.226704621544114,0.0404937051369496,5.59851514642583,2.1619551649222e-08,2.53591843265712e-08,"Tidak Signifikan","Tidak Signifikan"
"Rv1640c",12331.3850647889,0.153052432319163,0.0273677529663497,5.59243692777224,2.23904501883791e-08,2.62556653553946e-08,"Tidak Signifikan","Tidak Signifikan"
"Rv3106",3034.82680747944,-0.220668927571457,0.039510027148035,-5.58513733095301,2.33515612170414e-08,2.73745990981097e-08,"Tidak Signifikan","Tidak Signifikan"
"Rv0063a",423.412513102115,-0.66398591793925,0.119074317075298,-5.57623116594799,2.45785269310159e-08,2.88044361404254e-08,"Tidak Signifikan","Tidak Signifikan"
"Rv3036c",1610.25822965951,-0.299896477250652,0.0538467840920167,-5.56944081819575,2.55558173721674e-08,2.99409118474271e-08,"Tidak Signifikan","Tidak Signifikan"
"Rv3316",730.510869864289,-0.43872196276474,0.0788047928443491,-5.56719898536222,2.5886672719964e-08,3.03195839031879e-08,"Tidak Signifikan","Tidak Signifikan"
"Rv1049",1114.8469214004,-0.355155994139817,0.0638438624413523,-5.56288389453359,2.65352447019862e-08,3.10700459659915e-08,"Tidak Signifikan","Tidak Signifikan"
"Rv2882c",1852.66035832923,0.297036023760052,0.0537454000073992,5.52672458887939,3.26264521894081e-08,3.8190951854642e-08,"Tidak Signifikan","Tidak Signifikan"
"Rv3792",3930.34507228163,-0.192426119492964,0.0349511929787248,-5.50556656564187,3.67982881041651e-08,4.30615955484433e-08,"Tidak Signifikan","Tidak Signifikan"
"Rv1961",1010.03988431256,-0.367843838017208,0.0671553775148881,-5.47750383706291,4.31367655812676e-08,5.04640368802384e-08,"Tidak Signifikan","Tidak Signifikan"
"Rv0379",456.100471983875,-0.566867397244232,0.103540151147906,-5.47485580192429,4.37868018465173e-08,5.12093876548155e-08,"Tidak Signifikan","Tidak Signifikan"
"Rv0477",1169.20883907158,0.451891592679612,0.0826683526662082,5.46631907017943,4.59476954212763e-08,5.3720750880107e-08,"Tidak Signifikan","Tidak Signifikan"
"Rv0272c",2516.36416651793,-0.240608511449418,0.0441169213781515,-5.45388263580372,4.92817349308343e-08,5.7601839266535e-08,"Tidak Signifikan","Tidak Signifikan"
"Rv3739c",820.519809225636,0.457053151119136,0.084132592035642,5.43253381430956,5.55594209971864e-08,6.49202424435459e-08,"Tidak Signifikan","Tidak Signifikan"
"Rv3210c",1971.76682066449,0.265795893058759,0.049013049473766,5.42296176043944,5.86195364087335e-08,6.84757658814623e-08,"Tidak Signifikan","Tidak Signifikan"
"RVnc0021",2202.37047362025,2.61203812957156,0.482627864254696,5.41211629710861,6.22842143046133e-08,7.27352011028558e-08,"Signifikan","Naik"
"Rv2418c",1653.27046252914,0.292138307165623,0.0540204387932091,5.40792177353339,6.37602600386235e-08,7.44370075259622e-08,"Tidak Signifikan","Tidak Signifikan"
"Rv0863",708.348830370315,0.463444611991514,0.0858509195154179,5.39824866882508,6.72945537837664e-08,7.85400102560169e-08,"Tidak Signifikan","Tidak Signifikan"
"Rv2859c",1956.84548051156,0.263845302901068,0.0490842784234859,5.37535258488841,7.6432964549313e-08,8.91792854020954e-08,"Tidak Signifikan","Tidak Signifikan"
"Rv3527",1147.40987792967,-0.340998491168134,0.0635127221376697,-5.36897931140455,7.91835013629665e-08,9.23613495756801e-08,"Tidak Signifikan","Tidak Signifikan"
"Rv0453",3889.9152445638,0.244635079479309,0.0455699141856898,5.36834628396406,7.94618747477768e-08,9.26588057391036e-08,"Tidak Signifikan","Tidak Signifikan"
"Rv3058c",2126.59024410763,0.249730552869476,0.0465643952745529,5.36312243285917,8.17955236410193e-08,9.53519959694163e-08,"Tidak Signifikan","Tidak Signifikan"
"Rv0448c",1241.28837860341,-0.328501842207066,0.0614889285338158,-5.34245513851174,9.16960691837007e-08,1.06862017171487e-07,"Tidak Signifikan","Tidak Signifikan"
"Rv0401",1199.2533484492,0.329451450482174,0.0617832367875835,5.33237602320608,9.6935948699498e-08,1.1293536225871e-07,"Tidak Signifikan","Tidak Signifikan"
"Rv3103c",994.931548544488,0.363236823733993,0.0683415703545123,5.31502015317695,1.06645523172531e-07,1.24211036531248e-07,"Tidak Signifikan","Tidak Signifikan"
"Rv1943c",488.502525160477,-0.508845611040565,0.0959364574564638,-5.30398583115788,1.13301110698161e-07,1.31924128599825e-07,"Tidak Signifikan","Tidak Signifikan"
"Rv0760c",850.56977951537,-0.407447498690922,0.0776206630012703,-5.24921435783477,1.52749250102696e-07,1.77804071349e-07,"Tidak Signifikan","Tidak Signifikan"
"Rv2657c",952.063342958506,0.916145134768921,0.174704785970943,5.24396128976853,1.57165187391612e-07,1.82890671276774e-07,"Tidak Signifikan","Tidak Signifikan"
"Rv1593c",2546.83578280006,0.223793239715897,0.0426870314185093,5.24265174408121,1.58285121393395e-07,1.84139905151788e-07,"Tidak Signifikan","Tidak Signifikan"
"Rv0265c",2919.29942462676,0.209856606453052,0.0401150900608787,5.23136321355813,1.68264522304192e-07,1.95691984749554e-07,"Tidak Signifikan","Tidak Signifikan"
"Rv0710",835.29557599978,0.429600615457389,0.0821868931305795,5.22711832864682,1.72172320802743e-07,2.00178076384666e-07,"Tidak Signifikan","Tidak Signifikan"
"Rv0416",80.4598805082061,-1.27222546659277,0.244697626753701,-5.19917370458734,2.00176392116743e-07,2.32669132003258e-07,"Signifikan","Turun"
"Rv2235",1823.93572755192,-0.258933209142895,0.0501031395745414,-5.16800366886519,2.36607666556485e-07,2.74933395790737e-07,"Tidak Signifikan","Tidak Signifikan"
"Rv3298c",2426.1364410829,0.236237853751993,0.0457131469809905,5.16783178043355,2.36825314331599e-07,2.75105716531026e-07,"Tidak Signifikan","Tidak Signifikan"
"Rv2021c",1023.3119442626,0.344889935422583,0.0669684628851498,5.15003511449958,2.60437695037656e-07,3.02446234254795e-07,"Tidak Signifikan","Tidak Signifikan"
"Rv2426c",1947.29315798134,-0.254155074196466,0.0493711163442313,-5.14784945157843,2.63489826373532e-07,3.05901124150951e-07,"Tidak Signifikan","Tidak Signifikan"
"Rv3060c",3666.75510954572,-0.183109717697792,0.0356298581363491,-5.13922107118878,2.75879675170975e-07,3.20191536396506e-07,"Tidak Signifikan","Tidak Signifikan"
"Rv0232",3260.79553173674,-0.193912279918017,0.0379229206420192,-5.11332662767433,3.16534273432007e-07,3.67268634894639e-07,"Tidak Signifikan","Tidak Signifikan"
"Rv0229c",1029.88981443219,-0.335343865235694,0.0659389944765103,-5.08566847125876,3.66333482115373e-07,4.24925416243182e-07,"Tidak Signifikan","Tidak Signifikan"
"Rv0740",1322.54368719455,-0.309687268706037,0.0609412838571481,-5.08173194105941,3.74008963623121e-07,4.33701712567355e-07,"Tidak Signifikan","Tidak Signifikan"
"Rv3814c",2062.52312384597,0.271337063143358,0.0534828045081625,5.07335143769335,3.90869654013508e-07,4.53120957764929e-07,"Tidak Signifikan","Tidak Signifikan"
"Rv2966c",1900.01689877059,0.250236207566211,0.0493263814198464,5.0730704414804,3.91447510682325e-07,4.53658274869057e-07,"Tidak Signifikan","Tidak Signifikan"
"Rv1638A",493.284820488065,0.526684421467347,0.104034396673093,5.06259889334817,4.1357940489616e-07,4.79167493931971e-07,"Tidak Signifikan","Tidak Signifikan"
"Rv0499",1795.00703343076,0.264264573865675,0.0524010481701273,5.04311617980816,4.58010967777888e-07,5.30490367642302e-07,"Tidak Signifikan","Tidak Signifikan"
"Rv1839c",485.063413813187,0.492628164120551,0.0980125204264774,5.02617585974731,5.0035708044356e-07,5.79368516672388e-07,"Tidak Signifikan","Tidak Signifikan"
"Rv1014c",864.51520326177,-0.374038259926222,0.0744553415671775,-5.0236591768066,5.06961699843277e-07,5.86844780647294e-07,"Tidak Signifikan","Tidak Signifikan"
"Rv3684",3137.5361715629,0.193873969653073,0.0386122392027532,5.02104963752658,5.13898758553202e-07,5.9470139299316e-07,"Tidak Signifikan","Tidak Signifikan"
"Rv2993c",1860.90231963217,0.263802640182887,0.0526896156265275,5.00672925862208,5.53627122059704e-07,6.40489586821477e-07,"Tidak Signifikan","Tidak Signifikan"
"Rv0358",976.256704541146,-0.438036231053782,0.0874949591982952,-5.00641677037683,5.54526226751894e-07,6.41342723476608e-07,"Tidak Signifikan","Tidak Signifikan"
"Rv0677c",1668.79714203778,0.262429474573981,0.0526991202617231,4.97976955346996,6.36600299327078e-07,7.36051701378758e-07,"Tidak Signifikan","Tidak Signifikan"
"Rv1424c",1405.60375975547,-0.282347416115508,0.056827405041066,-4.96850799207655,6.74700200035057e-07,7.79876367581315e-07,"Tidak Signifikan","Tidak Signifikan"
"Rv2504c",2036.99117447969,0.237970962738483,0.0479372176917889,4.96422141703157,6.89772161939532e-07,7.97065588818562e-07,"Tidak Signifikan","Tidak Signifikan"
"Rv3423c",3817.82908039674,0.177453492959504,0.0361344619391523,4.91092113833942,9.06495425430255e-07,1.0471949192434e-06,"Tidak Signifikan","Tidak Signifikan"
"Rv0547c",2299.58979328444,-0.223663212901835,0.0456058876827052,-4.9042618018518,9.37793440972193e-07,1.08303539456672e-06,"Tidak Signifikan","Tidak Signifikan"
"Rv2621c",2922.99488752614,-0.199431338035468,0.0406719869018921,-4.90340780539025,9.41881596047703e-07,1.08744013140897e-06,"Tidak Signifikan","Tidak Signifikan"
"Rv3040c",1804.27362583828,0.245339809564078,0.0503297652060503,4.87464641568773,1.09003514790703e-06,1.25812319806436e-06,"Tidak Signifikan","Tidak Signifikan"
"Rv1446c",2237.0069084345,0.22124173536892,0.0454868567522075,4.86386070979026,1.15117940113564e-06,1.32830968129874e-06,"Tidak Signifikan","Tidak Signifikan"
"Rv2630",1656.19658755198,0.255182783052916,0.0526164321451657,4.84986861801808,1.23543277220457e-06,1.4251124766896e-06,"Tidak Signifikan","Tidak Signifikan"
"Rv0116c",3187.99927089597,0.190772497065261,0.0393403615585411,4.84928174290871,1.2390932239603e-06,1.42891942425887e-06,"Tidak Signifikan","Tidak Signifikan"
"Rv0078A",1984.28667385651,0.236032583690136,0.0486794921566656,4.84870678047565,1.24268949061258e-06,1.43265016252837e-06,"Tidak Signifikan","Tidak Signifikan"
"Rv2793c",2564.28415047497,0.218577333088631,0.0452871090894265,4.82648015038928,1.38967237422098e-06,1.6016357665702e-06,"Tidak Signifikan","Tidak Signifikan"
"Rv1474c",978.67591929462,-0.326143018085226,0.0675828964012821,-4.82582184919554,1.39427101216396e-06,1.6064690982441e-06,"Tidak Signifikan","Tidak Signifikan"
"Rv2985",2541.60533889325,0.214775425792588,0.0445884046712122,4.81684481372024,1.45846028166737e-06,1.67993958692638e-06,"Tidak Signifikan","Tidak Signifikan"
"Rv3738c",2433.62938477747,0.23859607044185,0.049669145167466,4.80370800901429,1.55753919376234e-06,1.79354368117713e-06,"Tidak Signifikan","Tidak Signifikan"
"Rv0775",1177.12302232437,-0.297584159263661,0.0621408429377669,-4.78886582793361,1.67726572857878e-06,1.93085117390366e-06,"Tidak Signifikan","Tidak Signifikan"
"Rv0664",431.570434905687,-0.488670844313454,0.102099507262018,-4.7862213777328,1.69950593827498e-06,1.95588629449865e-06,"Tidak Signifikan","Tidak Signifikan"
"Rv3669",1427.46879332398,-0.267889092273661,0.0564300051025159,-4.74728102163006,2.06169407317936e-06,2.37202447456569e-06,"Tidak Signifikan","Tidak Signifikan"
"Rv0045c",2823.6239503188,0.194061719945044,0.0409145063471431,4.74310305246038,2.10469133367863e-06,2.42079168475011e-06,"Tidak Signifikan","Tidak Signifikan"
"Rv1283c",2085.40508423638,-0.22037075405854,0.0466049362822825,-4.72848525580577,2.26201048838883e-06,2.60098423404014e-06,"Tidak Signifikan","Tidak Signifikan"
"Rv3831",867.585948905938,-0.338733864557669,0.0717422421490784,-4.72153997994361,2.34065608522484e-06,2.69063537817645e-06,"Tidak Signifikan","Tidak Signifikan"
"Rv1521",4896.3707030202,-0.147197172355488,0.0312035720269219,-4.71731801181251,2.38974000012956e-06,2.74626262471435e-06,"Tidak Signifikan","Tidak Signifikan"
"Rv3362c",1057.90817418309,-0.306603613804314,0.0652008735997719,-4.70244640718106,2.57062705901831e-06,2.95328049323071e-06,"Tidak Signifikan","Tidak Signifikan"
"Rv3354",687.214076691835,-0.401241128804064,0.0854351774402587,-4.69643934531107,2.64735799685042e-06,3.04055274276364e-06,"Tidak Signifikan","Tidak Signifikan"
"Rv3228",3375.43228631718,1.10553454757526,0.235434804807213,4.69571416375983,2.65676842060007e-06,3.05047766266873e-06,"Signifikan","Naik"
"Rv0487",1912.941362837,-0.277304752159259,0.0592397374063349,-4.68105978014691,2.85395694486189e-06,3.27593958341063e-06,"Tidak Signifikan","Tidak Signifikan"
"Rv3492c",1260.1866377399,0.283057954813177,0.0606954865156346,4.66357502118817,3.10762820296924e-06,3.56608651465981e-06,"Tidak Signifikan","Tidak Signifikan"
"Rv3279c",1756.79794313481,-0.236542327931816,0.0507354719382628,-4.66226722439187,3.12744733769452e-06,3.58779166819958e-06,"Tidak Signifikan","Tidak Signifikan"
"Rv1744c",918.365336587146,-0.327305719728611,0.070258538263277,-4.65858994250793,3.18382694099311e-06,3.65141412978308e-06,"Tidak Signifikan","Tidak Signifikan"
"Rv1384",7741.08808346767,0.127737096415689,0.0275369495855735,4.63875259744129,3.50518344174494e-06,4.01880425242837e-06,"Tidak Signifikan","Tidak Signifikan"
"Rv3139",4821.92140926644,0.146946732030447,0.0317442989412723,4.62907472936485,3.67303211485347e-06,4.2100313203189e-06,"Tidak Signifikan","Tidak Signifikan"
"Rv3032",2579.75123372841,-0.19562312956681,0.0423572081152423,-4.61841415597018,3.86683887390494e-06,4.430892493582e-06,"Tidak Signifikan","Tidak Signifikan"
"Rv0412c",4502.01776921984,0.157102346575478,0.0341375600420722,4.60203794242647,4.18376962267431e-06,4.79266938872335e-06,"Tidak Signifikan","Tidak Signifikan"
"Rv2789c",3244.80401502781,0.179382896872145,0.0389987885024229,4.59970434366187,4.23090989876098e-06,4.84527123798638e-06,"Tidak Signifikan","Tidak Signifikan"
"Rv0529",2501.39252170811,0.199252545704411,0.0433247370584052,4.59904800889622,4.24425974216711e-06,4.85915682458208e-06,"Tidak Signifikan","Tidak Signifikan"
"Rv1253",4523.78365597165,0.149516971818701,0.03255693307464,4.59247716840889,4.38015443513853e-06,5.01329274212191e-06,"Tidak Signifikan","Tidak Signifikan"
"Rv2597",2001.39237273561,0.228499591611217,0.0498171614634225,4.5867645786882,4.50167810632632e-06,5.15089617761653e-06,"Tidak Signifikan","Tidak Signifikan"
"RVnc0015",469.621421628113,0.552738288467876,0.120548217325161,4.58520499707552,4.5354122532555e-06,5.18799896443616e-06,"Tidak Signifikan","Tidak Signifikan"
"Rv1210",1500.59085742346,-0.251097301337042,0.0547801748369827,-4.58372581110354,4.56763109494659e-06,5.22334752195247e-06,"Tidak Signifikan","Tidak Signifikan"
"Rv3452",1345.06423056763,-0.29280952065822,0.0639227789119163,-4.58067570969815,4.63476034658854e-06,5.29858625213739e-06,"Tidak Signifikan","Tidak Signifikan"
"Rv3885c",3639.91145146765,-0.163357753069164,0.0359057806449832,-4.54962265503586,5.37422010576513e-06,6.14218702378861e-06,"Tidak Signifikan","Tidak Signifikan"
"Rv0471c",667.394971926526,-0.388817711262215,0.0856230347226344,-4.54104100049413,5.5977143255694e-06,6.3957755557413e-06,"Tidak Signifikan","Tidak Signifikan"
"Rv3429",1448.73086306812,-0.252866731621713,0.0557061903383588,-4.5392932111459,5.6443103296044e-06,6.44715781098205e-06,"Tidak Signifikan","Tidak Signifikan"
"Rvnt39",156.147302543548,1.87030676306463,0.412106494975696,4.53840642131818,5.66809386968951e-06,6.47246067387976e-06,"Signifikan","Naik"
"Rv3437",794.218158004647,-0.357641969569904,0.0788282444763335,-4.5369774748349,5.70661990336042e-06,6.51457875010958e-06,"Tidak Signifikan","Tidak Signifikan"
"Rv1199c",408.697342933729,-0.518867387751995,0.114569647946044,-4.52883810899334,5.93089174797284e-06,6.76865580098052e-06,"Tidak Signifikan","Tidak Signifikan"
"Rv1342c",459.309446310298,-0.498458533249012,0.110071966531669,-4.5284784941641,5.94099264834015e-06,6.77823348747925e-06,"Tidak Signifikan","Tidak Signifikan"
"Rv1838c",1064.15031043694,-0.293789068365763,0.0649476609058126,-4.52347419858304,6.08327383000666e-06,6.93857023681323e-06,"Tidak Signifikan","Tidak Signifikan"
"Rv3250c",292.335706366182,0.839407844859955,0.18586296339243,4.51627279334631,6.29375772827643e-06,7.17658433689928e-06,"Tidak Signifikan","Tidak Signifikan"
"Rv2307D",496.746977591902,-0.428517149751324,0.0956802625166719,-4.47863685236709,7.51212040157188e-06,8.56338552673439e-06,"Tidak Signifikan","Tidak Signifikan"
"Rv3369",919.219519328142,-0.312331224017707,0.069820990072097,-4.4733141666309,7.70164926133969e-06,8.77691543227077e-06,"Tidak Signifikan","Tidak Signifikan"
"Rv1788",450.979147558642,-0.450831165056812,0.100828996635877,-4.4712451784569,7.77654818669254e-06,8.85972620810147e-06,"Tidak Signifikan","Tidak Signifikan"
"Rv1059",2330.8018196719,-0.197464937156584,0.0444963324411516,-4.43778006687944,9.08914185154543e-06,1.03521750574449e-05,"Tidak Signifikan","Tidak Signifikan"
"Rv0063",4061.31630199812,0.154114689792853,0.0347349361167677,4.43687845789521,9.12727942573629e-06,1.03926284391205e-05,"Tidak Signifikan","Tidak Signifikan"
"Rv0249c",1991.88689497778,-0.213786152086214,0.0482035273208271,-4.435072783436,9.20411871380866e-06,1.04771130380714e-05,"Tidak Signifikan","Tidak Signifikan"
"Rv0579",2350.42926468767,0.196953114455656,0.0444869251774609,4.42721347159864,9.5458249835094e-06,1.08629626246649e-05,"Tidak Signifikan","Tidak Signifikan"
"Rv0959A",289.091560504473,-0.574303833893516,0.129997688979989,-4.41780033475764,9.97104652925743e-06,1.13436024036605e-05,"Tidak Signifikan","Tidak Signifikan"
"Rv0874c",3427.22613553723,-0.162438105462239,0.0367841510244987,-4.41598082157866,1.00552999819552e-05,1.14361740333763e-05,"Tidak Signifikan","Tidak Signifikan"
"Rv3894c",10689.4859366078,-0.10487100551907,0.0237618732083358,-4.4134149104996,1.01752720879122e-05,1.15693047786608e-05,"Tidak Signifikan","Tidak Signifikan"
"Rv3188",1273.45625643542,0.264224480968087,0.0599087134280578,4.41045159958884,1.03155261675184e-05,1.17254132683512e-05,"Tidak Signifikan","Tidak Signifikan"
"Rv2141c",3687.05078508521,0.175213695113416,0.0397693084300826,4.40575162179283,1.05417701643709e-05,1.19791470186363e-05,"Tidak Signifikan","Tidak Signifikan"
"Rv2970A",397.025640805769,-0.466282173914295,0.105971870306739,-4.4000560956849,1.08222898307039e-05,1.2294393974342e-05,"Tidak Signifikan","Tidak Signifikan"
"Rv0482",2220.47223962378,-0.200000548377462,0.045551662066145,-4.39063119336993,1.13022098668239e-05,1.28359194221845e-05,"Tidak Signifikan","Tidak Signifikan"
"Rv3251c",76.0085431929324,-1.72617915459118,0.393511163926463,-4.38660783436821,1.15132098447243e-05,1.30718098036695e-05,"Signifikan","Turun"
"Rv3348",6.93663321829833,-6.53849829883515,1.49109941375576,-4.38501835525913,1.15975998717835e-05,1.3163856564053e-05,"Signifikan","Turun"
"Rv2777c",4146.74132435359,0.150824328229661,0.0344176706492765,4.38217710218083,1.17499232864452e-05,1.33329364065584e-05,"Tidak Signifikan","Tidak Signifikan"
"Rv0742",970.071445104922,-0.31753275595562,0.0725174834193638,-4.37870622342682,1.19385936830943e-05,1.35431515987518e-05,"Tidak Signifikan","Tidak Signifikan"
"Rv0198c",4686.04499010092,0.139459415294221,0.031861884451045,4.3769983382024,1.20324891407782e-05,1.3645764557309e-05,"Tidak Signifikan","Tidak Signifikan"
"Rv1284",1459.65939809124,-0.244308071518509,0.0558174614839147,-4.37691118555996,1.20372994363438e-05,1.36473183378039e-05,"Tidak Signifikan","Tidak Signifikan"
"Rv2764c",2482.8671964007,0.192308200365254,0.0439758609893118,4.37304002784605,1.22528247496796e-05,1.3887701651994e-05,"Tidak Signifikan","Tidak Signifikan"
"Rv0976c",4594.04794772732,-0.139412226656911,0.0320073008109067,-4.35563834265605,1.32679686891874e-05,1.50339993687536e-05,"Tidak Signifikan","Tidak Signifikan"
"Rv3734c",3981.40058634839,-0.152139028590099,0.0351432851729418,-4.32910662282754,1.49715440335845e-05,1.69594846319902e-05,"Tidak Signifikan","Tidak Signifikan"
"Rv3016",1771.23244253424,0.23206664660543,0.0538332134357255,4.31084514177306,1.62631772757354e-05,1.84173634749764e-05,"Tidak Signifikan","Tidak Signifikan"
"Rv1536",9066.78369828577,0.148116301920104,0.0343925693038534,4.30663672177319,1.65755494175597e-05,1.87657547201653e-05,"Tidak Signifikan","Tidak Signifikan"
"Rv3023c",423.325420701718,-3.14102407189757,0.729748513119025,-4.30425552834974,1.6754819226049e-05,1.8963300390795e-05,"Signifikan","Turun"
"Rv1987",1647.81931425584,-0.230821749954004,0.0537083856392246,-4.29768549560404,1.72590811487404e-05,1.95284583334436e-05,"Tidak Signifikan","Tidak Signifikan"
"Rvnt32",274.531679200945,-0.593759045358649,0.138339466189801,-4.29204377978453,1.77036031082676e-05,2.00257181438545e-05,"Tidak Signifikan","Tidak Signifikan"
"Rv1984c",1593.33733986969,-0.234373738771475,0.0546428940126705,-4.28918971087308,1.79326151877098e-05,2.02789864451667e-05,"Tidak Signifikan","Tidak Signifikan"
"Rv1771",3818.17515753929,0.149500342519954,0.0350590067018159,4.26424923533874,2.00575460800898e-05,2.26754874037379e-05,"Tidak Signifikan","Tidak Signifikan"
"Rv3781",1519.98703948219,-0.232847560781457,0.0546296741497596,-4.26229085941714,2.02341839527889e-05,2.28686631739925e-05,"Tidak Signifikan","Tidak Signifikan"
"Rv2003c",1821.44083965514,-0.218996945069465,0.0515306446524783,-4.24983903357654,2.13924190022089e-05,2.41708134952329e-05,"Tidak Signifikan","Tidak Signifikan"
"Rv3773c",1426.08995728444,-0.240326580956821,0.0565870943505351,-4.24702105162161,2.16631611660353e-05,2.44697495289471e-05,"Tidak Signifikan","Tidak Signifikan"
"Rv3907c",3738.81093031709,-0.159211388721288,0.037491587745881,-4.24658965633642,2.17048949515908e-05,2.45099112647199e-05,"Tidak Signifikan","Tidak Signifikan"
"Rv2828c",825.777012659219,-0.388781384035686,0.0916395894070617,-4.24250464838646,2.21038961605392e-05,2.49533739524356e-05,"Tidak Signifikan","Tidak Signifikan"
"Rv0278c",3828.71562632273,-0.153324580176388,0.0361604781757751,-4.24011484115562,2.2340546047489e-05,2.52133559517464e-05,"Tidak Signifikan","Tidak Signifikan"
"Rv0801",600.202122030861,0.368295083934043,0.0872391230573971,4.22167338490703,2.42495318065974e-05,2.73600377351456e-05,"Tidak Signifikan","Tidak Signifikan"
"Rv1333",4681.93818042146,0.136615400795443,0.0323623330617291,4.22143238359415,2.42754776643032e-05,2.73815239961021e-05,"Tidak Signifikan","Tidak Signifikan"
"Rv1907c",1254.28733380007,-0.271189779758374,0.0643850426626695,-4.21199969035059,2.53119891438244e-05,2.85425414819645e-05,"Tidak Signifikan","Tidak Signifikan"
"Rv3607c",841.668660512459,0.376171328995106,0.0897143266852006,4.19299060578203,2.75300848168274e-05,3.10349094823399e-05,"Tidak Signifikan","Tidak Signifikan"
"Rv0750",506.691034058628,-0.404068989864517,0.0965513951549558,-4.18501451186723,2.85147883921434e-05,3.21358424862594e-05,"Tidak Signifikan","Tidak Signifikan"
"Rv0945",1464.20552091261,-0.232972776890214,0.0557935037947501,-4.17562549481138,2.97168371294098e-05,3.34810260983723e-05,"Tidak Signifikan","Tidak Signifikan"
"Rv2223c",4163.89717007652,0.141430027463006,0.033888426592843,4.17340200423689,3.00084766025984e-05,3.38000075759534e-05,"Tidak Signifikan","Tidak Signifikan"
"Rv0616A",734.636351944359,0.332452883305558,0.0797788626255278,4.16718003195973,3.0839093770295e-05,3.47257124572126e-05,"Tidak Signifikan","Tidak Signifikan"
"Rv2450c",1000.98267244003,0.280603323099632,0.0676241683042672,4.14945322265687,3.33270380574367e-05,3.7516560719027e-05,"Tidak Signifikan","Tidak Signifikan"
"Rv1374c",864.962375215816,0.321579140017554,0.0777530384630026,4.13590447877573,3.53559250212444e-05,3.97892069671706e-05,"Tidak Signifikan","Tidak Signifikan"
"Rvnt13",261.074489919588,0.584732704578609,0.142282192933142,4.1096689088379,3.96226806074193e-05,4.45783250055679e-05,"Tidak Signifikan","Tidak Signifikan"
"Rv2570",784.563988791405,-0.316267580484845,0.0770847531148083,-4.10285520424257,4.08082658593893e-05,4.58991751245244e-05,"Tidak Signifikan","Tidak Signifikan"
"Rv1739c",4607.49441764314,0.408903828945199,0.100062048516569,4.08650267516252,4.37924438970083e-05,4.92416737356666e-05,"Tidak Signifikan","Tidak Signifikan"
"Rv0657c",552.123358852274,-0.373565713808202,0.0922256630345734,-4.05056143286452,5.10948928138975e-05,5.74365088673084e-05,"Tidak Signifikan","Tidak Signifikan"
"Rv1016c",1609.40626048115,-0.214694584023043,0.0531115907021509,-4.04233014271869,5.29226476245107e-05,5.94742615089048e-05,"Tidak Signifikan","Tidak Signifikan"
"Rv3856c",4424.96160795485,0.131618518711879,0.0325631006897184,4.04195288298934,5.3007885330956e-05,5.95531807159168e-05,"Tidak Signifikan","Tidak Signifikan"
"Rv2449c",4392.52525710769,0.131429620547108,0.032753921457713,4.01263771474785,6.00440283803433e-05,6.74390318756574e-05,"Tidak Signifikan","Tidak Signifikan"
"Rv3924c",417.403367107993,0.438037307957102,0.10940852468115,4.00368535480828,6.23632971902038e-05,7.0024115469442e-05,"Tidak Signifikan","Tidak Signifikan"
"Rv2656c",912.063981925,0.547343140877384,0.137073199020028,3.99307191187252,6.52227772717675e-05,7.32141362300797e-05,"Tidak Signifikan","Tidak Signifikan"
"Rvnt37",17.5180376505515,-2.20982614142337,0.557214950460976,-3.96584143981637,7.31374723161881e-05,8.20753472923107e-05,"Signifikan","Turun"
"Rv3699",2260.36294835568,0.181712234621842,0.0458847162079551,3.9601908792091,7.48898783365291e-05,8.40181412220054e-05,"Tidak Signifikan","Tidak Signifikan"
"Rv3465",1368.82907340911,-0.226640223691063,0.0573412963049855,-3.95247820149748,7.73459769870724e-05,8.67490785150456e-05,"Tidak Signifikan","Tidak Signifikan"
"Rv2530A",371.642676224034,0.456360583115368,0.115570105620266,3.94877707055882,7.85514612166801e-05,8.80762144280865e-05,"Tidak Signifikan","Tidak Signifikan"
"Rv0092",5908.64211038241,-0.113953381748892,0.0290045686695262,-3.92880801115371,8.53679586647695e-05,9.5692198932789e-05,"Tidak Signifikan","Tidak Signifikan"
"Rv1228a",614.122864632784,0.365506676557183,0.0931848129941881,3.9223846119644,8.76768857366234e-05,9.82526004850806e-05,"Tidak Signifikan","Tidak Signifikan"
"Rv3022c",9.43511456270698,-3.40843073196492,0.86992592957061,-3.91807005183453,8.92607685093836e-05,9.99992851388661e-05,"Signifikan","Turun"
"Rv1022",1842.94626511517,0.201507010293934,0.0520920318812297,3.8682885465741,0.000109601922619184,0.000122752915592971,"Tidak Signifikan","Tidak Signifikan"
"Rv2637",1896.29991509624,-0.202368470499455,0.052396507777945,-3.86225111332013,0.000112346998266842,0.000125791854960361,"Tidak Signifikan","Tidak Signifikan"
"Rv0187",2175.95027895401,0.17780080419155,0.0460416172305827,3.86174107006491,0.000112581849604281,0.000126019243053099,"Tidak Signifikan","Tidak Signifikan"
"Rv3536c",1909.71224191866,-0.189468184827253,0.0491173737844158,-3.85745755990252,0.000114572564700874,0.000128211386225209,"Tidak Signifikan","Tidak Signifikan"
"Rv0228",2864.39709069374,-0.153934109197794,0.0401047175154849,-3.8383042877277,0.000123886900670296,0.000138595413130024,"Tidak Signifikan","Tidak Signifikan"
"Rv1015c",1533.1334283969,0.260304949155985,0.0678590955987587,3.83596254649681,0.000125073469018461,0.000139883408964261,"Tidak Signifikan","Tidak Signifikan"
"Rv0930",2074.66335378295,-0.181622629629679,0.0473495952550027,-3.83577998188886,0.00012516642386872,0.000139947915300792,"Tidak Signifikan","Tidak Signifikan"
"Rv0727c",1513.83695267419,-0.223454329788598,0.0585151312560056,-3.81874439981991,0.000134132653275852,0.000149930751069401,"Tidak Signifikan","Tidak Signifikan"
"Rv1684",161.68334776873,0.757377141261506,0.198535137733549,3.81482668462431,0.000136278545220985,0.000152286475744126,"Tidak Signifikan","Tidak Signifikan"
"Rv1625c",3746.2306616899,0.14132651774548,0.0370626205267278,3.8131820075583,0.000137189005441595,0.000153260710950945,"Tidak Signifikan","Tidak Signifikan"
"Rv0807",1128.51195383002,-0.241326535820991,0.0633831196410618,-3.807425970631,0.000140420754672439,0.000156826895772963,"Tidak Signifikan","Tidak Signifikan"
"Rv1649",2673.45913318328,0.301716574060468,0.079727413412289,3.78435171978077,0.000154109755004546,0.000172066816240651,"Tidak Signifikan","Tidak Signifikan"
"Rv2401A",458.407563484647,-0.395040873371347,0.104392625103862,-3.78418372924634,0.000154213873587649,0.000172134619167755,"Tidak Signifikan","Tidak Signifikan"
"Rv3608c",2168.25588651358,-0.172880573756815,0.0458656994608643,-3.76927803977628,0.000163720429028372,0.00018269449844038,"Tidak Signifikan","Tidak Signifikan"
"Rv1247c",579.135531238857,0.35232660468107,0.0938117832621529,3.75567537924856,0.000172874651631375,0.00019285538330193,"Tidak Signifikan","Tidak Signifikan"
"Rv3697A",263.344825911805,-0.60017575517545,0.160219241594917,-3.74596552324768,0.000179701271714781,0.000200414659795484,"Tidak Signifikan","Tidak Signifikan"
"Rv1531",1242.4453229975,0.226517147666627,0.0606225027353917,3.73651923701238,0.000186585180638524,0.00020803356143705,"Tidak Signifikan","Tidak Signifikan"
"Rv1500",2299.94452233255,-0.166973609474251,0.0446954211908622,-3.73581017977716,0.000187111778446074,0.000208562075047928,"Tidak Signifikan","Tidak Signifikan"
"Rv3531c",2716.29399410847,-0.15536815967325,0.0417055865662098,-3.72535606055065,0.000195039721573451,0.000217337802101652,"Tidak Signifikan","Tidak Signifikan"
"Rv1977",3441.11242400427,0.140939577997501,0.0380082032145795,3.70813577273861,0.000208790705176791,0.000232595542666759,"Tidak Signifikan","Tidak Signifikan"
"Rv1001",2921.89305866027,-0.146709608689338,0.0397506304364741,-3.69074923034984,0.000223594488432737,0.000249017219430845,"Tidak Signifikan","Tidak Signifikan"
"Rv3336c",2816.15399752151,0.148504312799124,0.0404688017372142,3.66959994920144,0.000242930342570466,0.000270475629799899,"Tidak Signifikan","Tidak Signifikan"
"Rv3065",1376.68001958834,0.211216620935922,0.0576315295256397,3.66494907691031,0.000247387801070794,0.000275361225265949,"Tidak Signifikan","Tidak Signifikan"
"Rv1420",5523.74189100529,0.108419976896027,0.0296361295073655,3.65837168004954,0.000253822769801675,0.000282444580028961,"Tidak Signifikan","Tidak Signifikan"
"Rv3678A",406.178643568025,0.494253220892474,0.135506007810662,3.64746352488724,0.000264841893793322,0.000294623609836822,"Tidak Signifikan","Tidak Signifikan"
"Rv1766",856.592966888176,-0.264182884097259,0.0725044938815973,-3.64367599791373,0.000268771719684328,0.000298911525648368,"Tidak Signifikan","Tidak Signifikan"
"Rv3363c",421.02595025622,-0.388420711043742,0.106972347112501,-3.63103850227054,0.000282283064207973,0.000313850032430782,"Tidak Signifikan","Tidak Signifikan"
"Rv2212",2698.33524986735,0.150786449242261,0.041591208843877,3.62544040997404,0.000288469412109153,0.000320638318250774,"Tidak Signifikan","Tidak Signifikan"
"Rv3775",3233.02233725952,0.138679445005251,0.0382585785035307,3.62479345625591,0.000289192479557685,0.000321351979385248,"Tidak Signifikan","Tidak Signifikan"
"Rv0407",2205.58713194407,-0.165408001923939,0.0456674741346555,-3.62200899126183,0.000292323958450663,0.000324740728976136,"Tidak Signifikan","Tidak Signifikan"
"Rv2911",2067.48838948343,0.173242537223395,0.0479334400816611,3.61423125334325,0.000301240100360852,0.000334551925568729,"Tidak Signifikan","Tidak Signifikan"
"Rv0332",2142.14633340445,0.171566752604437,0.0475961830022262,3.60463259409714,0.000312594827226639,0.000347065121636742,"Tidak Signifikan","Tidak Signifikan"
"Rv3626c",2613.80987682156,0.155393438586869,0.0431773450908949,3.59895770014905,0.00031949514680927,0.000354627097759478,"Tidak Signifikan","Tidak Signifikan"
"Rv2358",1661.63689775195,-0.189761598481348,0.052758393779755,-3.59680393746493,0.000322151115490917,0.000357475097944746,"Tidak Signifikan","Tidak Signifikan"
"Rv1848",550.262719122979,0.327957227933354,0.0914448057164878,3.5863953711066,0.000335280499315406,0.000371940084111917,"Tidak Signifikan","Tidak Signifikan"
"Rv1237",1785.41123249458,0.197133007101253,0.0552806262550867,3.56604149510903,0.000362414013164522,0.000401927981611311,"Tidak Signifikan","Tidak Signifikan"
"Rv1200",2457.90971520765,-0.164519879105334,0.0462573768155005,-3.55661929904777,0.000375657928575359,0.000416499441771506,"Tidak Signifikan","Tidak Signifikan"
"Rv0004",1468.43495976493,0.228889456371046,0.0643635047096913,3.55619939286155,0.000376258554076505,0.000417048808052946,"Tidak Signifikan","Tidak Signifikan"
"Rv1681",2110.70870077581,-0.178914520609119,0.0503141065242255,-3.55595146110712,0.000376613612113114,0.000417325753981208,"Tidak Signifikan","Tidak Signifikan"
"Rv0965c",957.63975548545,-0.244398086447164,0.0688352859395374,-3.55047681013245,0.00038453401142122,0.000425983363113091,"Tidak Signifikan","Tidak Signifikan"
"Rv1825",1841.27768573441,-0.175812854055496,0.0495678725358873,-3.54691143801274,0.00038977559416741,0.000431669397560613,"Tidak Signifikan","Tidak Signifikan"
"Rv1765c",453.302207730677,-0.840171823762657,0.239123665052537,-3.51354527615686,0.000442169050183318,0.000489557527791577,"Tidak Signifikan","Tidak Signifikan"
"Rv0474",1177.50880573315,0.226237433071436,0.0644822771572872,3.50852114790534,0.000450605408094755,0.000498758832006667,"Tidak Signifikan","Tidak Signifikan"
"Rv2140c",1362.88949690697,0.202287305528414,0.0579584933794485,3.49020986801812,0.000482641361241927,0.000534069255243159,"Tidak Signifikan","Tidak Signifikan"
"Rv0634c",2048.28148571045,0.167368680551494,0.0480107247161999,3.48606861364498,0.000490175262138742,0.000542254675098826,"Tidak Signifikan","Tidak Signifikan"
"Rv2116",996.909220182243,-0.234441564921426,0.0672901824381741,-3.48403818249162,0.000493909020793485,0.000546232808889812,"Tidak Signifikan","Tidak Signifikan"
"Rv2470",1114.81214605793,-0.222405176203254,0.0644633942021983,-3.45010030817876,0.000560378293458751,0.000619570983877053,"Tidak Signifikan","Tidak Signifikan"
"Rv0633c",2132.92639358936,-0.166363849367673,0.0483616741959183,-3.43999359273038,0.000581727958176941,0.000642996603535226,"Tidak Signifikan","Tidak Signifikan"
"Rv3580c",3732.87180994847,0.122677884188832,0.0357341486124281,3.43307141634726,0.000596784881503909,0.000659455605828971,"Tidak Signifikan","Tidak Signifikan"
"Rv2103c",766.755243566556,-0.266213658100605,0.0775674405209137,-3.43202839120144,0.000599084838163266,0.000661812741017454,"Tidak Signifikan","Tidak Signifikan"
"Rv2640c",1017.75248609553,-0.234275056200168,0.0682646734494741,-3.43186372045808,0.000599448703941648,0.000662030347588117,"Tidak Signifikan","Tidak Signifikan"
"Rv2674",1325.46980494611,0.200379057594546,0.058515139473556,3.42439682101588,0.000616165770928187,0.000680303260025638,"Tidak Signifikan","Tidak Signifikan"
"Rv3521",2537.84352000462,0.153888762426986,0.0449499437567506,3.42355850898868,0.000618069448947993,0.000682215220917276,"Tidak Signifikan","Tidak Signifikan"
"Rv3876",5058.70651323821,0.10462634484272,0.0306472645371519,3.41388852880775,0.000640427725712698,0.000706697298442914,"Tidak Signifikan","Tidak Signifikan"
"Rv0424c",747.739395871668,-0.30184999382951,0.0889853927732564,-3.39212970154162,0.000693516029711253,0.00076506620963975,"Tidak Signifikan","Tidak Signifikan"
"RVnc0024",708.161790831262,2.90775579840343,0.862284438645275,3.37215386024103,0.000745827704497129,0.000822546150608872,"Signifikan","Naik"
"Rv2537c",740.140646148569,0.269729908180894,0.0803784437492566,3.35574932282001,0.000791502764200105,0.000872676894269544,"Tidak Signifikan","Tidak Signifikan"
"Rv0839",2044.32911938324,-0.161660741700987,0.0482127975858627,-3.35306702360682,0.000799213504842517,0.000880933585359896,"Tidak Signifikan","Tidak Signifikan"
"Rv3783",2407.37825135776,0.163945750054746,0.0491495922811006,3.33564822098816,0.000851007745521432,0.000937763257356534,"Tidak Signifikan","Tidak Signifikan"
"Rv1335",674.932358740077,0.29518665041918,0.0886484902593497,3.32985535969741,0.000868911083199343,0.000957225844779726,"Tidak Signifikan","Tidak Signifikan"
"Rv2485c",3162.17912159212,-0.133969238510546,0.0404039052469939,-3.31574974477283,0.000913976345241917,0.0010065919382495,"Tidak Signifikan","Tidak Signifikan"
"Rv3718c",989.318962718687,0.225290509761424,0.0680346408337697,3.31140882057246,0.000928274853375935,0.00102205560459127,"Tidak Signifikan","Tidak Signifikan"
"Rv1166",4719.62075732189,-0.108708990563009,0.0328404704749693,-3.31021416535023,0.000932246122707786,0.00102614327657652,"Tidak Signifikan","Tidak Signifikan"
"Rv0310c",1127.61450065632,-0.260787454443737,0.0788919510486888,-3.30562815315329,0.000947637574625575,0.0010427956334368,"Tidak Signifikan","Tidak Signifikan"
"Rvnt41",472.42798501675,0.357514608413362,0.108319732574719,3.30054921587577,0.000964957874065126,0.00106156070061463,"Tidak Signifikan","Tidak Signifikan"
"Rv1616",853.0784850255,-0.244583247042195,0.0741235645100367,-3.29966925712372,0.000967988361613871,0.00106459934308906,"Tidak Signifikan","Tidak Signifikan"
"Rv3535c",1928.62398502581,-0.159241905399326,0.0484115404203041,-3.28933770784413,0.00100423452010941,0.00110415696820233,"Tidak Signifikan","Tidak Signifikan"
"Rv1066",1089.86724885486,0.248517286440087,0.075661446375832,3.28459603066046,0.00102128687686855,0.00112259491286714,"Tidak Signifikan","Tidak Signifikan"
"Rv3390",1529.53394942026,-0.177069547421564,0.0542716633057003,-3.26265193723971,0.00110374989168678,0.00121290188928572,"Tidak Signifikan","Tidak Signifikan"
"Rv2218",2726.573669268,0.136919902584493,0.0420657922561,3.2548989390456,0.00113432722438789,0.00124615787846767,"Tidak Signifikan","Tidak Signifikan"
"Rv0936",1859.8530135624,-0.161032582266658,0.0495401638936051,-3.2505460137859,0.00115183627330328,0.0012650427730327,"Tidak Signifikan","Tidak Signifikan"
"Rv1780",1873.36792747932,0.159480845337227,0.0493503218948282,3.23160699290068,0.00123096230416558,0.00135157139790336,"Tidak Signifikan","Tidak Signifikan"
"Rv2464c",1745.30785126001,-0.164249261115273,0.050857596167919,-3.22959151614172,0.00123967198828925,0.00136075782444478,"Tidak Signifikan","Tidak Signifikan"
"Rv2794c",1434.21474454099,-0.184033732603119,0.0571826891098948,-3.21834694149202,0.00128931761881489,0.00141486113245883,"Tidak Signifikan","Tidak Signifikan"
"Rv2297",1030.72557584538,-0.220749231024559,0.068613831143435,-3.21727015305544,0.00129416675894255,0.00141978969378459,"Tidak Signifikan","Tidak Signifikan"
"Rv2770c",3033.5436012623,0.12678302080909,0.0394252840361097,3.21577951582971,0.0013009073828138,0.0014267900435782,"Tidak Signifikan","Tidak Signifikan"
"Rv2425c",3066.86439358417,-0.125812100124573,0.039314606114053,-3.20013635033219,0.00137362587521201,0.00150612875814429,"Tidak Signifikan","Tidak Signifikan"
"Rv2915c",2361.47089456111,-0.160336409447851,0.0501204334568802,-3.19902280146464,0.00137894262282541,0.00151154058710925,"Tidak Signifikan","Tidak Signifikan"
"Rv1809",3773.68494115908,0.114244722762205,0.0357415619177885,3.19641103052482,0.00139148732354805,0.00152487022445169,"Tidak Signifikan","Tidak Signifikan"
"Rv2043c",1353.70555311465,0.190757647065022,0.0597173395166247,3.19434269190638,0.00140149642286295,0.00153541461184682,"Tidak Signifikan","Tidak Signifikan"
"Rv1544",1624.55386581349,-0.172636649541156,0.0540707693624232,-3.192790699611,0.00140905036970234,0.00154326416803125,"Tidak Signifikan","Tidak Signifikan"
"Rv2365c",1135.87510432631,0.276213460214085,0.0866134336372485,3.18903718066314,0.00142747516293411,0.00156301241274072,"Tidak Signifikan","Tidak Signifikan"
"Rv3243c",1858.13496714554,-0.15782232646924,0.0495330652482721,-3.1862014934508,0.00144154161656344,0.00157797891636512,"Tidak Signifikan","Tidak Signifikan"
"Rv0075",2799.10302033993,-0.129369293173721,0.0406103096193156,-3.18562686141621,0.00144440760729757,0.00158067999397227,"Tidak Signifikan","Tidak Signifikan"
"Rv0812",2083.52495449094,-0.147996828945212,0.0467017610774221,-3.16897747602844,0.00152976249719594,0.00167362598631448,"Tidak Signifikan","Tidak Signifikan"
"Rv2126c",1483.23021941637,-0.17654393211781,0.0559594230324303,-3.15485618955537,0.00160577235149083,0.00175629967421122,"Tidak Signifikan","Tidak Signifikan"
"Rv0552",3680.15863495808,-0.115279754873123,0.0366443041516342,-3.14591196481982,0.00165569834612223,0.00181040665354655,"Tidak Signifikan","Tidak Signifikan"
"Rv0691A",89.390434153448,1.63094602800401,0.520041597013909,3.13618379254455,0.00171161901356025,0.00187103682193263,"Signifikan","Naik"
"Rv2801A",271.311549380792,-0.420625385206639,0.134556191101562,-3.1260203024709,0.00177189318610608,0.00193639125875559,"Tidak Signifikan","Tidak Signifikan"
"Rv2069",1306.00774444139,0.185084700063966,0.0592894333449184,3.12171477482722,0.00179801044059891,0.00196439201813711,"Tidak Signifikan","Tidak Signifikan"
"Rv2708c",535.944117474264,0.312559920989159,0.100155328815477,3.12075178311289,0.00180390014142016,0.00197028410270203,"Tidak Signifikan","Tidak Signifikan"
"Rv0400c",2582.65479506685,-0.165149228513762,0.0529999928855599,-3.11602359778349,0.00183307603005758,0.0020015999480425,"Tidak Signifikan","Tidak Signifikan"
"Rv3198c",5460.88659904364,-0.0961842143422738,0.0308960482956936,-3.113155877468,0.00185098227783539,0.00202059622899642,"Tidak Signifikan","Tidak Signifikan"
"Rv2242",3201.88112698777,0.121122130543169,0.0390356061408249,3.1028628095644,0.00191658464392896,0.0020916344656028,"Tidak Signifikan","Tidak Signifikan"
"Rv3155",471.753739750533,-0.321755565177301,0.10381034285928,-3.09945576052529,0.00193876529134702,0.00211525905136789,"Tidak Signifikan","Tidak Signifikan"
"Rv0670",3485.82158123429,-0.132824996134138,0.0431610898179468,-3.07742452042783,0.00208797709498903,0.00227742786247497,"Tidak Signifikan","Tidak Signifikan"
"Rvnt07",100.792228732485,1.72088308560223,0.559390890960125,3.07635164142295,0.00209550555039246,0.00228501113754999,"Signifikan","Naik"
"Rv0791c",2730.34882863421,0.126494007048424,0.0411254321607959,3.0758097946265,0.00209931717596304,0.00228853839984759,"Tidak Signifikan","Tidak Signifikan"
"Rv0546c",1234.50188403116,0.187204553562681,0.0608679589379841,3.07558454117735,0.00210090359347954,0.00228963861410256,"Tidak Signifikan","Tidak Signifikan"
"Rv2836c",3191.63197178824,0.117522013643614,0.0384264477724771,3.05836267613029,0.0022255005338248,0.00242476259755094,"Tidak Signifikan","Tidak Signifikan"
"Rv1413",1127.79305443745,-0.193713985425747,0.0634870547849841,-3.05123597372427,0.00227901386118217,0.00248219621839968,"Tidak Signifikan","Tidak Signifikan"
"Rv1665",2662.22373196167,-0.12865096780724,0.0421643815930786,-3.05117644197487,0.00227946579874717,0.00248219621839968,"Tidak Signifikan","Tidak Signifikan"
"Rv3227",3349.78372723198,0.113507614296176,0.0373047007723239,3.04271611743866,0.00234453395968121,0.00255235077334121,"Tidak Signifikan","Tidak Signifikan"
"Rv1065",2254.93084021601,0.139587845478992,0.0461679521569349,3.0234792525452,0.00249886162719391,0.00271961154323134,"Tidak Signifikan","Tidak Signifikan"
"Rv3754",2221.5051164876,0.141010168533764,0.046705195433299,3.01915380560059,0.00253481809407065,0.0027579877617055,"Tidak Signifikan","Tidak Signifikan"
"Rv3405c",1513.56919421036,0.165642844028326,0.0548757882217125,3.01850505288572,0.00254025165576255,0.00276314184765836,"Tidak Signifikan","Tidak Signifikan"
"Rv0262c",1434.49146953736,0.169325405674187,0.0563300020677448,3.00595418886278,0.00264748881049203,0.00287899893399723,"Tidak Signifikan","Tidak Signifikan"
"Rv3662c",1878.18332954313,-0.14750787344061,0.0490935912410721,-3.00462585261441,0.00265907724621632,0.00289080828603457,"Tidak Signifikan","Tidak Signifikan"
"Rv0789c",1061.81261414077,-0.198440275524092,0.0661346884567467,-3.00054752134919,0.00269494698381078,0.00292900128350065,"Tidak Signifikan","Tidak Signifikan"
"Rv3148",3163.99959625311,-0.11712104403596,0.0391875327630028,-2.98873227728526,0.00280137477905109,0.00304383833155181,"Tidak Signifikan","Tidak Signifikan"
"Rv0879c",992.755564035689,0.243958230542828,0.0818944265137133,2.97893569719274,0.00289251473049394,0.003142006006536,"Tidak Signifikan","Tidak Signifikan"
"Rv1511",2583.39499277342,0.129118338055287,0.0433686796173571,2.97722548148805,0.00290870001381946,0.0031587224075614,"Tidak Signifikan","Tidak Signifikan"
"Rv1632c",1365.79292031316,0.181136641727134,0.0611890452440098,2.96027893562968,0.00307360617810359,0.00333688990381416,"Tidak Signifikan","Tidak Signifikan"
"Rv3547",1331.09718581149,0.178174405140577,0.0602377007845962,2.95785534341209,0.00309787463612719,0.00336231701272682,"Tidak Signifikan","Tidak Signifikan"
"Rv1344",440.516674569912,-0.346748520156684,0.117427284678711,-2.95287863553527,0.00314825711585364,0.00341606563965848,"Tidak Signifikan","Tidak Signifikan"
"Rv0275c",3242.56139462052,0.542702182927081,0.185635306123842,2.92348580805545,0.0034613600379189,0.00375477584643814,"Tidak Signifikan","Tidak Signifikan"
"Rv0158",1670.04575733013,0.156317144886038,0.0535475232997966,2.91922268768371,0.00350905451872113,0.00380547273804449,"Tidak Signifikan","Tidak Signifikan"
"Rv3119",1029.34597266841,-0.191558794327494,0.0660323466787156,-2.90098419884326,0.00371992635683864,0.00403305489411831,"Tidak Signifikan","Tidak Signifikan"
"Rv0876c",5081.88606404799,0.0885964677086662,0.0308678054356252,2.87019003969797,0.00410225169017072,0.00444634766527521,"Tidak Signifikan","Tidak Signifikan"
"Rv1707",4051.06171878269,-0.100889196391013,0.0352142298509057,-2.86501215043378,0.00416993241807864,0.00451847088296038,"Tidak Signifikan","Tidak Signifikan"
"Rv2386a",997.113716055169,0.192830083398259,0.0674607214758536,2.85840529392025,0.0042577618422994,0.0046123815478978,"Tidak Signifikan","Tidak Signifikan"
"Rv2971",2153.31255054869,-0.133116955458986,0.0466473229652924,-2.85368906503018,0.00432148049430868,0.00468012916214101,"Tidak Signifikan","Tidak Signifikan"
"Rv0391",2847.0814305415,-0.114552934061498,0.0403713121926405,-2.83748354561487,0.0045470690443383,0.00492309576934772,"Tidak Signifikan","Tidak Signifikan"
"Rv0865",958.483324518688,0.197661034453229,0.0703165015807396,2.81101917771419,0.00493848422424042,0.00534542071420511,"Tidak Signifikan","Tidak Signifikan"
"Rv3890c",651.334875824501,0.235141701588791,0.083910060178583,2.80230643487023,0.00507386539321877,0.00549045936031065,"Tidak Signifikan","Tidak Signifikan"
"Rv3556c",2943.20348066996,-0.109833209059805,0.0394191242278144,-2.78629247126465,0.00533147441632435,0.00576764630748805,"Tidak Signifikan","Tidak Signifikan"
"Rv0078",1137.71865626545,-0.179585926945585,0.06445795220326,-2.78609420260954,0.0053347365939576,0.00576960198152393,"Tidak Signifikan","Tidak Signifikan"
"Rv1893",361.901587633957,0.325801815024748,0.117597406310947,2.77048470068527,0.00559729297005941,0.00605191093274072,"Tidak Signifikan","Tidak Signifikan"
"Rv2360c",1010.16196351994,-0.193350658375835,0.0702923586396441,-2.75066397141477,0.00594746175783702,0.00642876860853936,"Tidak Signifikan","Tidak Signifikan"
"Rv0675",1656.47897730436,0.143686092188266,0.0523807192659748,2.74311033146886,0.00608602329449631,0.00657675140541184,"Tidak Signifikan","Tidak Signifikan"
"Rv3771c",1056.37117807964,-0.181843843868991,0.0663906618373591,-2.73899730529068,0.00616268785542906,0.00665778396581892,"Tidak Signifikan","Tidak Signifikan"
"RVnc0004",958.080178645901,-0.281510565543925,0.103258768856079,-2.72626304441313,0.00640559271807749,0.00691831917032764,"Tidak Signifikan","Tidak Signifikan"
"Rv2805",60.6649717881609,-0.887554468590792,0.3257376519712,-2.72475246020766,0.00643497126615038,0.0069481575973921,"Tidak Signifikan","Tidak Signifikan"
"Rv2511",1607.0416789227,0.144529085933941,0.0531912683083298,2.71715810753299,0.00658451447720445,0.00710769222614151,"Tidak Signifikan","Tidak Signifikan"
"Rv1205",1771.4370772217,0.138208578542947,0.0514064308037965,2.68854647914479,0.00717638443428517,0.00774448233155857,"Tidak Signifikan","Tidak Signifikan"
"Rv1304",1637.67609725592,-0.141306544209338,0.0526192997138737,-2.68545087026463,0.00724320227276313,0.00781446380637785,"Tidak Signifikan","Tidak Signifikan"
"Rv2139",3327.72428508514,0.102230733016892,0.0381210783581242,2.68173770050513,0.00732408612796558,0.00789957848549197,"Tidak Signifikan","Tidak Signifikan"
"Rv3534c",3055.83883996779,0.105398759286949,0.039596091832746,2.66184753111881,0.00777130710467575,0.00837966167008663,"Tidak Signifikan","Tidak Signifikan"
"Rv2428",1472.60877419383,-0.148505318314145,0.055903492669999,-2.6564586794385,0.00789661275678668,0.00851246271906869,"Tidak Signifikan","Tidak Signifikan"
"Rv1489A",608.230100565692,-0.234739130877729,0.0883838277617348,-2.65590591426453,0.00790956786022658,0.00852411184502006,"Tidak Signifikan","Tidak Signifikan"
"Rv0731c",2218.00290908729,-0.121373003235475,0.0457387860008857,-2.65361225881956,0.00796352765118355,0.00857993324069668,"Tidak Signifikan","Tidak Signifikan"
"Rv3863",3609.12181564165,0.108271053422082,0.0409798101288921,2.64205844491571,0.00824038348777069,0.00887580811729197,"Tidak Signifikan","Tidak Signifikan"
"Rv2858c",3023.54387243512,0.103380117258084,0.0392415977855245,2.6344522927713,0.0084273145711891,0.00907468971332985,"Tidak Signifikan","Tidak Signifikan"
"Rv1924c",1078.42013229767,-0.171359644759783,0.0653778758705951,-2.62106473295281,0.00876556161476713,0.0094363590029257,"Tidak Signifikan","Tidak Signifikan"
"Rv2616",1401.94819904949,-0.148319048771574,0.0566350280940072,-2.6188571589544,0.00882248815177948,0.00949506524636711,"Tidak Signifikan","Tidak Signifikan"
"Rv2009",470.037648369074,0.263007953953787,0.101305487758659,2.59618664075094,0.00942648452957728,0.0101423553373564,"Tidak Signifikan","Tidak Signifikan"
"Rv0672",3773.73280101298,-0.0906286711812069,0.0350981544060257,-2.58214919601721,0.00981871275735017,0.0105615058319979,"Tidak Signifikan","Tidak Signifikan"
"Rv3010c",3521.88649001604,-0.093090280355436,0.0361751744422964,-2.57331945983911,0.0100728184432447,0.0108318977404043,"Tidak Signifikan","Tidak Signifikan"
"Rv3095",1476.63975758523,0.144634456244831,0.0562501210113088,2.57127369051798,0.0101325215456334,0.0108931471467555,"Tidak Signifikan","Tidak Signifikan"
"Rv2410c",2333.97185284739,0.114065009230067,0.0443873764671101,2.56976235832694,0.0101768299560611,0.0109378175117026,"Tidak Signifikan","Tidak Signifikan"
"Rv3091",4037.89956912377,0.0892390222643515,0.0348146884886481,2.56325781267437,0.0103695017187544,0.0111418779302001,"Tidak Signifikan","Tidak Signifikan"
"Rv0154c",3163.51508373588,0.101685976405507,0.0400580792301299,2.53846360983338,0.0111340381364717,0.0119601216591886,"Tidak Signifikan","Tidak Signifikan"
"Rv2919c",755.028746637039,-0.201119035831151,0.0793506622474752,-2.53456026874621,0.0112588557827361,0.0120909260666253,"Tidak Signifikan","Tidak Signifikan"
"Rv1425",3248.89489150129,-0.0948489886401507,0.037652528747217,-2.51906025427738,0.0117668518660308,0.0126330450209862,"Tidak Signifikan","Tidak Signifikan"
"Rv3340",3232.36014975776,0.102925263399667,0.0409519945644556,2.51331502883625,0.011960247940714,0.0128372033497869,"Tidak Signifikan","Tidak Signifikan"
"Rv2963",238.813056907951,-0.345635374316762,0.138150807925859,-2.5018700904178,0.0123539246890986,0.013256158842752,"Tidak Signifikan","Tidak Signifikan"
"Rv2790c",3050.06809735069,-0.096859972868171,0.0388731583257046,-2.49169290687974,0.0127135907147686,0.0136384030193312,"Tidak Signifikan","Tidak Signifikan"
"Rv2055c",629.683727931572,0.21059052125757,0.0846059360261843,2.48907501233005,0.0128075939939339,0.0137355299740297,"Tidak Signifikan","Tidak Signifikan"
"Rv3757c",1193.3246061699,-0.152611062237599,0.061422819018589,-2.48459879692941,0.0129697513621003,0.0139056766630952,"Tidak Signifikan","Tidak Signifikan"
"Rv3759c",2728.31509631372,-0.10137321097708,0.0410305201833455,-2.47067818112206,0.0134857117881207,0.0144549631622467,"Tidak Signifikan","Tidak Signifikan"
"Rv0508",426.268480519111,-0.254717116868283,0.103694266381318,-2.45642431117266,0.0140327359166149,0.015037240243439,"Tidak Signifikan","Tidak Signifikan"
"Rv3589",1465.31673478435,-0.15650990144586,0.0640562801655036,-2.44331861047008,0.014552883163587,0.0155904098055494,"Tidak Signifikan","Tidak Signifikan"
"Rv0398c",1306.08597828697,0.145576530989517,0.0600363250740335,2.42480749462929,0.0153165061332816,0.0164040442307581,"Tidak Signifikan","Tidak Signifikan"
"Rv0421c",1418.40408334797,-0.137261633961946,0.0566408017851337,-2.42337024964172,0.0153772453153873,0.0164646510569882,"Tidak Signifikan","Tidak Signifikan"
"Rv2831",1697.55170882353,0.125229008662779,0.0517917143630413,2.41793518911093,0.0156088566700236,0.016708131249321,"Tidak Signifikan","Tidak Signifikan"
"Rv2290",1772.67785785571,-0.130636548554386,0.0544507803700942,-2.39916760910437,0.016432391115793,0.0175849192221071,"Tidak Signifikan","Tidak Signifikan"
"Rv2494",937.580596154421,-0.16903856553783,0.0704930081181036,-2.39794796747251,0.0164872070849935,0.0176388216036055,"Tidak Signifikan","Tidak Signifikan"
"Rv2493",420.188880742841,0.255119456180417,0.107331372880196,2.37693275818976,0.0174572701570356,0.0186716070943543,"Tidak Signifikan","Tidak Signifikan"
"Rv2520c",643.26296055669,0.19996494821028,0.0841657222596921,2.37584782547569,0.0175086819054694,0.0187215474714278,"Tidak Signifikan","Tidak Signifikan"
"Rv3335c",2302.03729971086,0.105601049045531,0.0445903362115251,2.36824967061442,0.0178724704802772,0.0191053867947345,"Tidak Signifikan","Tidak Signifikan"
"Rv3522",2157.34108095166,-0.15636749116616,0.0661091680043797,-2.36529207500843,0.0180158564472821,0.0192534758961121,"Tidak Signifikan","Tidak Signifikan"
"Rv3655c",447.957556861223,0.258656622561248,0.109724826444862,2.35732086294276,0.0184073341186196,0.0196665484644665,"Tidak Signifikan","Tidak Signifikan"
"Rv1745c",1363.88782721898,-0.136851271029846,0.0581225076597732,-2.35453142921708,0.0185460752743674,0.0198094455071124,"Tidak Signifikan","Tidak Signifikan"
"Rv2722",293.183719994477,-0.367573742671152,0.15630883624823,-2.35158645853787,0.0186935447530337,0.0199615860121897,"Tidak Signifikan","Tidak Signifikan"
"Rv3231c",1120.34473935725,-0.16423647224692,0.0699905506186173,-2.34655208160676,0.0189480178830253,0.0202278759262544,"Tidak Signifikan","Tidak Signifikan"
"Rv2256a",642.071502758482,0.206936041925637,0.0882256327532322,2.34553196693345,0.0189999492290547,0.0202778581091364,"Tidak Signifikan","Tidak Signifikan"
"Rv3435c",2322.19050194001,0.1674785334772,0.0717344634407079,2.33470113867415,0.0195590387474119,0.0208689367162407,"Tidak Signifikan","Tidak Signifikan"
"Rv1447c",3534.50766258846,0.0842760909539813,0.0361968469386673,2.32827160599874,0.0198976860198631,0.0212245551064256,"Tidak Signifikan","Tidak Signifikan"
"Rv0041",7575.61799839285,-0.0637332943884148,0.0274403439308328,-2.32261281232712,0.0201999618092242,0.0215411958325786,"Tidak Signifikan","Tidak Signifikan"
"Rv1231c",1254.56011033215,-0.139935686455954,0.0602918945388541,-2.32097013249062,0.0202884558801167,0.0216297512702023,"Tidak Signifikan","Tidak Signifikan"
"Rv3254",3184.09547321988,-0.0898235756684333,0.0388947070960206,-2.3094035763448,0.0209211967616972,0.0222983308849148,"Tidak Signifikan","Tidak Signifikan"
"Rv0541c",3036.43933709499,0.0904304210531682,0.0392840535865621,2.30196257252082,0.0213372829516788,0.0227356974131909,"Tidak Signifikan","Tidak Signifikan"
"Rv1696",4152.08790594386,0.0806794645659858,0.0353380490077746,2.28307636757864,0.0224258703499599,0.0238892125881555,"Tidak Signifikan","Tidak Signifikan"
"Rv1976c",1246.45364309399,0.143830379869653,0.0632371180148894,2.2744613351258,0.0229382632892658,0.0244284806626893,"Tidak Signifikan","Tidak Signifikan"
"Rv2073c",1605.03958586046,-0.122080478922114,0.0537643720610153,-2.27065757940163,0.0231677148907885,0.0246662171153403,"Tidak Signifikan","Tidak Signifikan"
"Rv3685c",4076.0372163603,-0.0820025961557101,0.0361219437185829,-2.27016012190739,0.0231978695857106,0.0246916953706772,"Tidak Signifikan","Tidak Signifikan"
"Rv1993c",601.569653182405,-0.200639030057782,0.0885942117093349,-2.26469682597381,0.023531290398023,0.0250398682963942,"Tidak Signifikan","Tidak Signifikan"
"Rv1476",1601.08849799215,-0.12569539298892,0.055908232911319,-2.24824478334517,0.0245605854855466,0.0261281422958335,"Tidak Signifikan","Tidak Signifikan"
"Rv1608c",1265.41993118031,-0.134867248558949,0.0600978076180502,-2.24412926035661,0.0248240858186056,0.0264013802794661,"Tidak Signifikan","Tidak Signifikan"
"Rv0686",2262.8415352919,0.101153115312865,0.0451716975841092,2.23930294239041,0.0251362115664671,0.0267261729520705,"Tidak Signifikan","Tidak Signifikan"
"Rv0557",2142.73865471021,-0.106879732109522,0.0478063290148425,-2.23568164115549,0.0253726324581665,0.0269703196574347,"Tidak Signifikan","Tidak Signifikan"
"Rv3204",314.916164315626,-0.298647700224718,0.134121297285952,-2.22669856516515,0.0259674263977825,0.0275951729225832,"Tidak Signifikan","Tidak Signifikan"
"Rv1434",8.48903947325517,3.18012033224889,1.433282403375,2.21876744231322,0.0265025500641899,0.0281562978319875,"Signifikan","Naik"
"Rv2397c",2886.42563361144,0.292234138355217,0.13240558850114,2.20711332250678,0.0273061432562463,0.0290022678172768,"Tidak Signifikan","Tidak Signifikan"
"Rv2762c",632.526624495189,-0.195890762981248,0.0888588816074814,-2.20451528803346,0.0274881259923814,0.0291877397783129,"Tidak Signifikan","Tidak Signifikan"
"Rv0321",1074.79280764321,-0.141796660345289,0.0647227822315977,-2.1908307315637,0.0284640438413586,0.0302159116721085,"Tidak Signifikan","Tidak Signifikan"
"Rv2272",654.527350660766,-0.186274910145718,0.085428584816297,-2.18047519511506,0.029222255564041,0.0310124900541869,"Tidak Signifikan","Tidak Signifikan"
"Rv3235",1656.1861390968,-0.113296737553877,0.0522441984218328,-2.16859940388194,0.0301131104800179,0.0319493739701072,"Tidak Signifikan","Tidak Signifikan"
"Rv3851",797.16925201584,-0.161966224244064,0.0753560838946731,-2.14934502794024,0.0316070596180025,0.033525456017277,"Tidak Signifikan","Tidak Signifikan"
"Rv0199",1221.27042738729,-0.134729037117246,0.0633904444696155,-2.12538401086341,0.0335545833447483,0.0355816712452864,"Tidak Signifikan","Tidak Signifikan"
"Rv2700",1702.51243566834,0.112185836139341,0.053313532438102,2.10426567156455,0.0353552787787018,0.0374811306560957,"Tidak Signifikan","Tidak Signifikan"
"Rv1798",5334.68089896972,0.0626717948301584,0.0302139806267054,2.0742647453333,0.0380547300890653,0.040332117088785,"Tidak Signifikan","Tidak Signifikan"
"Rv2675c",2373.56415426775,0.0905726297024777,0.0438875625322801,2.06374253835263,0.039042133816128,0.0413675600557104,"Tidak Signifikan","Tidak Signifikan"
"Rvnt23",13.4105522909201,-1.40946134648612,0.68547085083466,-2.05619443156466,0.0397637788114652,0.0421209373952156,"Signifikan","Turun"
"Rv1942c",1050.40262735562,0.151686393234525,0.0742412693718817,2.04315462973448,0.0410371334241283,0.0434581709272603,"Tidak Signifikan","Tidak Signifikan"
"Rv2967c",8345.50774556484,0.0525885636086177,0.0258411861163608,2.03506771600249,0.0418440598631091,0.0443008768286506,"Tidak Signifikan","Tidak Signifikan"
"Rv3313c",2795.72046067664,0.0858857804879567,0.0422898138220964,2.03088575535609,0.0422665851079725,0.044736270844004,"Tidak Signifikan","Tidak Signifikan"
"Rv3472",1193.41798445436,0.127758420866884,0.0629815993729043,2.02850391445994,0.0425088441988276,0.0449806841655773,"Tidak Signifikan","Tidak Signifikan"
"Rv2362c",1906.05579647118,0.105481945627962,0.0520069274398567,2.02822875375489,0.0425369065531271,0.044998375545668,"Tidak Signifikan","Tidak Signifikan"
"Rv3057c",1993.47423525444,-0.0967493640117182,0.048022422711223,-2.01467061738032,0.0439391728446638,0.0464693944747485,"Tidak Signifikan","Tidak Signifikan"
"Rv1202",2431.78614064865,0.0869936329201304,0.0433583323585411,2.00638788873977,0.0448148794801136,0.0473828962946723,"Tidak Signifikan","Tidak Signifikan"
"Rv0008c",1412.56891773002,-0.116652720988939,0.0582781968652577,-2.00165288673303,0.0453220767584824,0.0479063891555821,"Tidak Signifikan","Tidak Signifikan"
"Rv2171",1690.87137510863,0.111203192956616,0.0557871366447507,1.99334828142823,0.0462233229326948,0.0488460101422483,"Tidak Signifikan","Tidak Signifikan"
"Rv3576",1858.76167493961,-0.0998322445552187,0.050407998239128,-1.9804842097008,0.0476491459139833,0.050339324058794,"Tidak Signifikan","Tidak Signifikan"
"Rv2334",2219.64624877017,0.0895710976452768,0.0454140131214927,1.97232289085869,0.0485727581021159,0.0513014194331986,"Tidak Signifikan","Tidak Signifikan"
"Rv1692",2025.90371465423,0.0941902276009126,0.0477816474494846,1.97126370957577,0.0486937200344182,0.0514154877233264,"Tidak Signifikan","Tidak Signifikan"
"Rv3546",3532.47458147502,-0.0717984149708346,0.03661659432387,-1.96081629918351,0.0499004560019644,0.0526756543267144,"Tidak Signifikan","Tidak Signifikan"
"Rv0975c",3232.11311819254,0.0764326756172782,0.039350054591973,1.94237788002636,0.0520913711209116,0.0549737880384826,"Tidak Signifikan","Tidak Signifikan"
"Rv1565c",4749.0295197429,-0.0618466500323937,0.0319140190044508,-1.9379148086541,0.0526336169616287,0.055531265554995,"Tidak Signifikan","Tidak Signifikan"
"Rv0056",946.722416145583,0.134847270056628,0.0699395016007838,1.92805591933353,0.0538481710915039,0.0567975790268535,"Tidak Signifikan","Tidak Signifikan"
"Rv1367c",2490.78515030924,0.0835674767875578,0.0434788832866696,1.92202445119328,0.0546026811609881,0.0575781063704518,"Tidak Signifikan","Tidak Signifikan"
"Rv1279",3414.12511774601,-0.0727076417083562,0.0378375380157489,-1.92157432859647,0.0546593413712652,0.0576225371298987,"Tidak Signifikan","Tidak Signifikan"
"Rv1360",2703.8872031157,0.0831144067023463,0.0435239076689753,1.90962648240319,0.0561813228584444,0.0592112932463998,"Tidak Signifikan","Tidak Signifikan"
"Rv2143",3030.48184406126,-0.0909400672491794,0.0478325099767596,-1.90121880063088,0.057273359530015,0.0603461931621699,"Tidak Signifikan","Tidak Signifikan"
"Rv0359",1519.91142914968,-0.103304941127827,0.0546300065884152,-1.89099265365517,0.0586253248958754,0.0617378985563944,"Tidak Signifikan","Tidak Signifikan"
"Rv3332",2841.43263361139,0.0783844101769894,0.0414511305489881,1.89100777563479,0.0586233062699789,0.0617378985563944,"Tidak Signifikan","Tidak Signifikan"
"Rv0153c",1946.87751342437,0.0948444353398701,0.0504805615909862,1.87883082815793,0.0602675962132954,0.0634505186247725,"Tidak Signifikan","Tidak Signifikan"
"Rv0189c",5073.61325196446,-0.0571124230274166,0.030414701322387,-1.87779003390635,0.0604098941674359,0.0635834571934779,"Tidak Signifikan","Tidak Signifikan"
"Rv0970",2729.42833567099,-0.0901525075769871,0.0485555258396165,-1.85668893535968,0.06335542259795,0.0666660375188508,"Tidak Signifikan","Tidak Signifikan"
"Rv0923c",2729.46001871612,0.0926392321650022,0.051294916944864,1.80601193417622,0.070916475452728,0.0746024020474601,"Tidak Signifikan","Tidak Signifikan"
"Rv2740",1436.54885810647,0.105064111578689,0.0583860247546571,1.7994736243849,0.0719437924854049,0.0756630500502654,"Tidak Signifikan","Tidak Signifikan"
"Rv1271c",819.690429715973,0.140600155548447,0.0784561275063707,1.79208635472137,0.0731191343146361,0.0768787717535546,"Tidak Signifikan","Tidak Signifikan"
"Rv0567",2601.26594968773,-0.0823787365635692,0.0464501256986995,-1.77348791471356,0.0761478927088235,0.0800420483242985,"Tidak Signifikan","Tidak Signifikan"
"Rv0688",3243.94666247717,-0.0669957505327408,0.0379045152874505,-1.76748733032663,0.0771466489843582,0.0810703990783971,"Tidak Signifikan","Tidak Signifikan"
"Rvnt40",404.15147878744,0.185203146718506,0.105324957692816,1.75839754200193,0.0786798910782091,0.0826597266703537,"Tidak Signifikan","Tidak Signifikan"
"Rv0968",2453.01340962828,-0.0817654717528552,0.0465440538772925,-1.75673292164063,0.0789633432723779,0.082935552756559,"Tidak Signifikan","Tidak Signifikan"
"Rv0212c",2314.63391854237,-0.0816093262142339,0.0472338339265212,-1.72777264579429,0.084028993388627,0.0882326672241088,"Tidak Signifikan","Tidak Signifikan"
"Rv1859",2581.5750313608,0.073207685402588,0.0424315579868705,1.72531221750661,0.0844712213404919,0.0886735472499951,"Tidak Signifikan","Tidak Signifikan"
"Rv0241c",2197.15520570915,0.0786010043668685,0.0457545310764847,1.71788460110052,0.0858176661184626,0.0900631432518363,"Tidak Signifikan","Tidak Signifikan"
"Rv3086",4136.39093205619,-0.0583375816289753,0.0339800990913966,-1.71681611263299,0.0860127760005086,0.0902440313128848,"Tidak Signifikan","Tidak Signifikan"
"Rv0653c",1909.26940443709,0.0846372787690772,0.0494859635876814,1.71032900307404,0.0872050514815072,0.0914707665857057,"Tidak Signifikan","Tidak Signifikan"
"Rv1186c",4438.1499457095,0.0565741856750578,0.0331649236289097,1.70584399071983,0.0880371301943623,0.0923191370555208,"Tidak Signifikan","Tidak Signifikan"
"Rv0337c",3423.88216033366,-0.0681462027913902,0.040268458461974,-1.6922972816489,0.0905893058817349,0.0949703426091021,"Tidak Signifikan","Tidak Signifikan"
"Rv0995",1603.84941900761,-0.0933629699439081,0.055307620368497,-1.68806702081667,0.0913983642897185,0.0957679110241187,"Tidak Signifikan","Tidak Signifikan"
"Rv1580c",378.380076357671,0.20585122265565,0.121943018166299,1.68809355181714,0.0913932720640446,0.0957679110241187,"Tidak Signifikan","Tidak Signifikan"
"Rv0831c",2050.19636522843,0.0792154827349079,0.0471148390018232,1.68132767538148,0.0926992851301067,0.0971053773728897,"Tidak Signifikan","Tidak Signifikan"
"Rv1364c",4540.14859214406,-0.112922386784641,0.0674253418481603,-1.67477662981582,0.0939780658306624,0.0984189512012243,"Tidak Signifikan","Tidak Signifikan"
"Rv1062",1969.15313355425,0.0808633750069961,0.0483285954108567,1.67319936198333,0.0942880559234478,0.0987175291233353,"Tidak Signifikan","Tidak Signifikan"
"Rv2688c",2313.04966698484,-0.0838155101123215,0.0501520434623247,-1.67122821576125,0.0946766090667561,0.099098181574623,"Tidak Signifikan","Tidak Signifikan"
"Rv1499",738.605881909571,0.133020049602365,0.0798765355486139,1.66532071889131,0.0958487871072334,0.100298638473858,"Tidak Signifikan","Tidak Signifikan"
"Rv0880",1007.01268765118,-0.115070405353869,0.0691071014166958,-1.66510247130794,0.0958923137811889,0.100317723831745,"Tidak Signifikan","Tidak Signifikan"
"Rv0722",158.685912136606,0.384477765515261,0.231035827464834,1.66414780657247,0.0960828953917104,0.100490600057716,"Tidak Signifikan","Tidak Signifikan"
"Rv1048c",3125.0952387922,0.0726478656919546,0.0438092868819791,1.65827546765748,0.0972618783072291,0.101696855889504,"Tidak Signifikan","Tidak Signifikan"
"Rv1000c",1665.14689529305,0.0906377127127664,0.0550716248764592,1.64581511651584,0.099801829092576,0.104325126748419,"Tidak Signifikan","Tidak Signifikan"
"Rv2549c",929.432371724786,0.128826695656477,0.0788876610576913,1.63303986870982,0.102460611844704,0.107076197889342,"Tidak Signifikan","Tidak Signifikan"
"Rv1672c",2914.4158583939,-0.0910413745521323,0.0560962935987358,-1.62294812565271,0.104600494499965,0.109283687564225,"Tidak Signifikan","Tidak Signifikan"
"Rv2047c",6010.84600747541,0.049252697322814,0.0303658526132847,1.62197643353068,0.104808394208856,0.109472064198665,"Tidak Signifikan","Tidak Signifikan"
"Rv0868c",629.414582310596,-0.145139616548509,0.0895494024129327,-1.62077705308671,0.105065461498717,0.109711683539197,"Tidak Signifikan","Tidak Signifikan"
"Rv3355c",434.66046145153,0.173371522280902,0.107686771722817,1.60996118192823,0.107406330916126,0.112126556511651,"Tidak Signifikan","Tidak Signifikan"
"Rv1316c",1101.0413727074,-0.103035342717129,0.0644335209677934,-1.59909533375695,0.109799421359295,0.114594660492587,"Tidak Signifikan","Tidak Signifikan"
"Rv2133c",2565.04139238107,0.0676442821828601,0.0424419480523984,1.59380719516803,0.110979225500082,0.115795525396851,"Tidak Signifikan","Tidak Signifikan"
"Rv0010c",1519.77903136062,-0.0890467239476243,0.0563074761835228,-1.58143695976347,0.113778162292899,0.11868471465052,"Tidak Signifikan","Tidak Signifikan"
"Rv2304c",567.014692579209,-0.141028471265971,0.0894320812415103,-1.57693379498935,0.114810759423044,0.119730358210099,"Tidak Signifikan","Tidak Signifikan"
"Rv2693c",2381.44784648616,-0.0773993015769838,0.049252062985524,-1.57149359611054,0.116068040745614,0.121009702401538,"Tidak Signifikan","Tidak Signifikan"
"Rv3586",2161.52050857269,-0.0721167259979952,0.045946991587636,-1.56956361028436,0.116516669970197,0.121445514916388,"Tidak Signifikan","Tidak Signifikan"
"Rv3299c",7547.98076114577,-0.0402507097789357,0.0258004100816059,-1.56008023328404,0.118740922080497,0.123731346964363,"Tidak Signifikan","Tidak Signifikan"
"Rv2877c",2198.11722400881,0.0963406150480459,0.0617871658108054,1.55923343923954,0.118941139019358,0.123907431326101,"Tidak Signifikan","Tidak Signifikan"
"Rvnt12",33.3040167668603,0.854430663972058,0.548433721798086,1.55794698613852,0.119245815713967,0.12419221605075,"Tidak Signifikan","Tidak Signifikan"
"Rv1025",930.364497617299,-0.109196613880001,0.0705766702200711,-1.54720552187438,0.121813694885561,0.126833314333601,"Tidak Signifikan","Tidak Signifikan"
"Rv3011c",3159.02919942637,-0.0585543403865034,0.038142927896921,-1.53512967186848,0.124751979108007,0.129858593839272,"Tidak Signifikan","Tidak Signifikan"
"Rv3501c",2096.29914180093,0.0786113555827479,0.0513751328802396,1.53014408285811,0.125981068665935,0.131103593755972,"Tidak Signifikan","Tidak Signifikan"
"Rv3486",1089.03470013795,0.0972171094028026,0.064752096380253,1.50137392976284,0.133258872970961,0.138640951763914,"Tidak Signifikan","Tidak Signifikan"
"Rv1380",1863.80688877336,0.0731484859576214,0.0493503073037577,1.48222959397968,0.138279214690606,0.143826335783334,"Tidak Signifikan","Tidak Signifikan"
"Rv1732c",1307.27767691559,-0.0949028062723022,0.0641915278420748,-1.47843195921094,0.139292196434086,0.144841977261866,"Tidak Signifikan","Tidak Signifikan"
"Rv2773c",1717.6110914631,0.0758514721257039,0.0515453797748117,1.47154744920067,0.141143125326615,0.146728191344518,"Tidak Signifikan","Tidak Signifikan"
"Rv3857c",724.720986199421,-0.117980845710153,0.0803365266197457,-1.46858285607228,0.141945967680504,0.147524142988881,"Tidak Signifikan","Tidak Signifikan"
"Rv1823",1762.01802057109,-0.0781470718039039,0.0536046331528959,-1.45784174254128,0.144884169535295,0.150538371017945,"Tidak Signifikan","Tidak Signifikan"
"Rv1583c",685.204616636363,-1.37838904918498,0.959258551277499,-1.4369317295627,0.150737393099944,0.156579009800335,"Tidak Signifikan","Tidak Signifikan"
"Rv0925c",1824.13844424822,0.0705844262942199,0.0499792861594518,1.41227359808682,0.157869417177969,0.163944496844241,"Tidak Signifikan","Tidak Signifikan"
"Rv0210",3454.28844915988,-0.0543861033538288,0.0386673318202741,-1.40651296051705,0.159571858786804,0.165669082388708,"Tidak Signifikan","Tidak Signifikan"
"Rv0307c",1128.77313796778,-0.0896526436390482,0.0638415632763759,-1.40429900268785,0.160229831147686,0.16630867089557,"Tidak Signifikan","Tidak Signifikan"
"Rv2923c",961.374273459381,0.0987790291693859,0.0704807428504823,1.4015038033713,0.16106347100563,0.167130209123551,"Tidak Signifikan","Tidak Signifikan"
"Rv3002c",1017.02184827641,0.0928926450690152,0.0676290989016275,1.37356029546003,0.169578230354199,0.175919675683867,"Tidak Signifikan","Tidak Signifikan"
"Rv3488",1035.81063253604,-0.0925131814865764,0.0674072126449758,-1.37245226225019,0.169922690160607,0.176230931207093,"Tidak Signifikan","Tidak Signifikan"
"RVnc0006",285.417375468149,-0.224031090128485,0.163798166421344,-1.36772648328799,0.171397707029064,0.177714245631024,"Tidak Signifikan","Tidak Signifikan"
"Rv0127",4545.07928027441,0.0436071961695967,0.0320394440519495,1.36104721726416,0.173498768364922,0.179845731409367,"Tidak Signifikan","Tidak Signifikan"
"Rv3017c",648.955347808877,0.125434055277023,0.0934404903401655,1.34239508825763,0.179467926462612,0.185984656289755,"Tidak Signifikan","Tidak Signifikan"
"Rv1560",248.761368623379,-0.179456600116563,0.133736892355423,-1.34186309369021,0.179640390146491,0.186114763048088,"Tidak Signifikan","Tidak Signifikan"
"Rv3687c",1279.96576290561,-0.0805210538549049,0.060594941606682,-1.32884118244658,0.18390037213941,0.190478531665024,"Tidak Signifikan","Tidak Signifikan"
"Rv0848",4743.88222954139,0.0409641316683493,0.0315770995815721,1.29727341051473,0.194537129776191,0.201443172493383,"Tidak Signifikan","Tidak Signifikan"
"Rv3034c",2781.18472672982,-0.0530419816312279,0.0412051561937045,-1.28726563689939,0.19800171643369,0.204977246631641,"Tidak Signifikan","Tidak Signifikan"
"Rv2478c",770.532778014769,-0.098518949029136,0.076903984803677,-1.28106429440085,0.200171083951333,0.207168977311489,"Tidak Signifikan","Tidak Signifikan"
"Rv0609",568.205181252627,0.186502479129966,0.147401513710558,1.26526841166765,0.205775126052219,0.212913386815115,"Tidak Signifikan","Tidak Signifikan"
"Rv0515",997.211306532889,0.666665099998676,0.532155240051025,1.25276432481385,0.210291488450098,0.217529683098185,"Tidak Signifikan","Tidak Signifikan"
"Rv0479c",2230.84368595704,0.0588191193718163,0.0475963916215501,1.23578946571204,0.216536831701292,0.223931598373052,"Tidak Signifikan","Tidak Signifikan"
"Rv0048c",2423.75204076049,-0.0529218784720624,0.0433437706761802,-1.22098003118925,0.222093580552898,0.22961825229433,"Tidak Signifikan","Tidak Signifikan"
"Rv2084",2533.85736165363,0.0521807787156493,0.0429952628129698,1.21364018502775,0.224885154743632,0.232443827219382,"Tidak Signifikan","Tidak Signifikan"
"Rv1403c",2233.85769982381,-0.0547429426718254,0.0451195017629305,-1.21328783636528,0.225019791761526,0.232522405292518,"Tidak Signifikan","Tidak Signifikan"
"Rv3247c",1369.21056999847,0.0703798387136994,0.0583576646150202,1.20600848539756,0.227814218656414,0.235348699325519,"Tidak Signifikan","Tidak Signifikan"
"Rv0200",1423.43429536966,-0.0684630674733706,0.0569172130393403,-1.20285347467821,0.229033027147653,0.236546216791132,"Tidak Signifikan","Tidak Signifikan"
"Rv3305c",3426.02739145487,0.0441243512032606,0.0366989887628235,1.20233152712805,0.229235106690232,0.236693302509149,"Tidak Signifikan","Tidak Signifikan"
"Rv2174",3336.67934758056,-0.0450043701044431,0.0378113047578784,-1.19023584064673,0.233953710010214,0.241502567684236,"Tidak Signifikan","Tidak Signifikan"
"Rv1106c",2355.21404617939,0.0635666259476976,0.053808710825332,1.18134452531377,0.237465886054569,0.245064300202517,"Tidak Signifikan","Tidak Signifikan"
"Rv0346c",3757.03386532986,-0.0438869700361777,0.0373447424744819,-1.17518470146544,0.239920829422089,0.247533401903102,"Tidak Signifikan","Tidak Signifikan"
"Rv0751c",1771.4982198373,-0.0592961865071618,0.050517626092136,-1.17377222751946,0.240486270934931,0.248052271658573,"Tidak Signifikan","Tidak Signifikan"
"Rv1228",1786.7617557987,0.0589745399404641,0.0512765827268051,1.15012617464531,0.250091907173223,0.257893058423752,"Tidak Signifikan","Tidak Signifikan"
"Rv0111",5829.48062093036,0.0373565886714067,0.0325604816184886,1.14729840636616,0.251258312439504,0.259028514929187,"Tidak Signifikan","Tidak Signifikan"
"Rv2567",6373.4806019937,-0.0314684892903055,0.0276055902081684,-1.13993176936293,0.254314728177572,0.262111334549345,"Tidak Signifikan","Tidak Signifikan"
"Rv1382",821.157870891466,-0.0848290836713306,0.0746485058022441,-1.1363801962233,0.255797480332812,0.26357106609877,"Tidak Signifikan","Tidak Signifikan"
"Rv1376",3271.272582594,0.0443969431095032,0.0391951417002376,1.1327154637952,0.257333761614586,0.26508518107636,"Tidak Signifikan","Tidak Signifikan"
"Rv3373",1631.02171707909,-0.0600237018504186,0.0529987848451353,-1.13254864287569,0.257403846128986,0.265088540392962,"Tidak Signifikan","Tidak Signifikan"
"Rv0414c",1264.12485266627,0.0673645654697537,0.0604854820939414,1.1137311489909,0.26539454204646,0.273246859148276,"Tidak Signifikan","Tidak Signifikan"
"Rv2229c",1470.70297979311,0.0615410815605747,0.0556844155520019,1.10517603445265,0.269083319209783,0.276972892398861,"Tidak Signifikan","Tidak Signifikan"
"Rv3756c",1570.17663062679,0.0594397231490288,0.0539825079387042,1.10109228745951,0.270856493380276,0.278725735211298,"Tidak Signifikan","Tidak Signifikan"
"Rv0902c",3849.8956514826,-0.0379546432813803,0.0347215446183635,-1.09311505863443,0.274343285111531,0.282240615154939,"Tidak Signifikan","Tidak Signifikan"
"Rv3654c",516.075739362628,-0.102366495545543,0.0936631245895891,-1.09292206505057,0.274428019439079,0.282254589866431,"Tidak Signifikan","Tidak Signifikan"
"Rv0025",982.536273498971,0.0748570535993113,0.068610836881563,1.09103834032123,0.275256012380127,0.283032815218239,"Tidak Signifikan","Tidak Signifikan"
"Rv0748",445.082199929771,-0.109955841073116,0.1010902843888,-1.08769939404085,0.276727835341103,0.284472485824865,"Tidak Signifikan","Tidak Signifikan"
"Rv0599c",490.418851632156,-0.103252853125399,0.0957908038759495,-1.07789943238302,0.281078638777286,0.288870196898833,"Tidak Signifikan","Tidak Signifikan"
"Rv2907c",1108.84250984974,0.0717967913915439,0.0668344423451025,1.07424837961269,0.282711374173915,0.290472940002051,"Tidak Signifikan","Tidak Signifikan"
"Rv0506",1282.34032057738,-0.0625912465124071,0.0594189720198303,-1.05338824258888,0.292163090566936,0.300106416436829,"Tidak Signifikan","Tidak Signifikan"
"RVnc0036",2101.18749669146,0.395232377295419,0.383338378012684,1.03102741589401,0.302527963461091,0.310672645884066,"Tidak Signifikan","Tidak Signifikan"
"Rv0671",2306.26254794427,0.0456113710469537,0.0447458020789622,1.0193441379476,0.308039616487418,0.31625081744451,"Tidak Signifikan","Tidak Signifikan"
"Rv0102",6137.80087834349,0.029457466150191,0.0294015518610027,1.00190174618852,0.316391049176865,0.324740825895116,"Tidak Signifikan","Tidak Signifikan"
"Rv0822c",5009.8227081668,-0.0311104440474094,0.0313570783656786,-0.992134652489206,0.321131844582139,0.329521476321093,"Tidak Signifikan","Tidak Signifikan"
"Rv2284",3281.13697092833,-0.0368722728345312,0.0375867900414697,-0.980990204107608,0.326597572273577,0.335043333128854,"Tidak Signifikan","Tidak Signifikan"
"Rv3304",1230.23654149107,0.0588298000301143,0.0607851578828637,0.967831656265211,0.333128451157044,0.34165474812306,"Tidak Signifikan","Tidak Signifikan"
"Rv0077c",2392.44217364357,0.0447354255564568,0.0466558720730945,0.958838053361665,0.337640335675726,0.346192610913829,"Tidak Signifikan","Tidak Signifikan"
"Rv1603",2122.25212230842,0.045331092307666,0.0474966529939786,0.954406036008746,0.339878152088072,0.348397061843251,"Tidak Signifikan","Tidak Signifikan"
"Rvnt31",464.666928404021,-0.103160550491217,0.108759961015856,-0.948515883305411,0.342866890775527,0.351369918808193,"Tidak Signifikan","Tidak Signifikan"
"Rv0514",691.574624244654,0.081829383106965,0.0875123206200227,0.935061286538922,0.34975671615105,0.358338040540087,"Tidak Signifikan","Tidak Signifikan"
"Rv1914c",920.169849372662,-0.0650457356920664,0.0700464475710654,-0.928608629667828,0.353091947971465,0.361661698322438,"Tidak Signifikan","Tidak Signifikan"
"Rv1799",759.634349846133,0.0704831339966424,0.0772318652440944,0.912617269748407,0.361443868304794,0.370120760342054,"Tidak Signifikan","Tidak Signifikan"
"Rv0526",1421.90100926904,-0.0509055166252904,0.0562558987454557,-0.904892069285489,0.365522568923673,0.374200782172957,"Tidak Signifikan","Tidak Signifikan"
"Rv2298",2573.16734337849,0.0378379075322736,0.0421684037841893,0.897304714826805,0.369556341312519,0.378232715682859,"Tidak Signifikan","Tidak Signifikan"
"Rv2600",752.918129313631,-0.0698011531685751,0.0779317140382589,-0.89567070389736,0.370428661446937,0.379027727614135,"Tidak Signifikan","Tidak Signifikan"
"Rv3194c",2499.94140745903,0.0388333169842238,0.0435597423231501,0.89149556248834,0.372663371123914,0.381215985881528,"Tidak Signifikan","Tidak Signifikan"
"Rv0489",2290.68967626109,0.0399831150357738,0.0459297008326192,0.870528531885795,0.384011633828856,0.392723421345469,"Tidak Signifikan","Tidak Signifikan"
"Rv3049c",4804.76211839967,-0.027603633756082,0.0317676098336188,-0.868923847297754,0.38488878495276,0.393519023172062,"Tidak Signifikan","Tidak Signifikan"
"Rv2503c",1639.36934435898,0.045593212599041,0.0525465065798827,0.867673525160591,0.385573083184491,0.394117088635113,"Tidak Signifikan","Tidak Signifikan"
"Rvnt36",171.754870707346,0.144787776946406,0.171161441433545,0.845913517283746,0.397600991182989,0.406306834627233,"Tidak Signifikan","Tidak Signifikan"
"Rv2579",2383.50657288689,-0.038600134618067,0.0456805430403786,-0.845001658232193,0.398109913202004,0.406722128682037,"Tidak Signifikan","Tidak Signifikan"
"Rv1139c",1372.91680540074,0.0507126348105166,0.0605599390334022,0.837395737511323,0.402370160902085,0.410968699355966,"Tidak Signifikan","Tidak Signifikan"
"Rv0528",4384.91243740765,0.0269510709842103,0.0333842793255758,0.80729827118248,0.419494659810007,0.428348858549883,"Tidak Signifikan","Tidak Signifikan"
"Rv0255c",3063.54878875565,0.0330075781150245,0.0410950275985905,0.803201264090564,0.421858415000577,0.43065165525149,"Tidak Signifikan","Tidak Signifikan"
"Rv1952",529.827750661993,-0.0728975053827924,0.0921109028201229,-0.791410171336057,0.42870467644218,0.437528029700573,"Tidak Signifikan","Tidak Signifikan"
"Rv1119c",118.095584011293,0.180706915741597,0.231877830950077,0.779319502003203,0.435791529428902,0.444646347027894,"Tidak Signifikan","Tidak Signifikan"
"Rv1775",1538.73603179674,-0.0431678854055584,0.0554823711634713,-0.778046873273856,0.43654138061874,0.445296903295073,"Tidak Signifikan","Tidak Signifikan"
"Rv2446c",756.235124036328,0.0599301457678631,0.0772697873890613,0.775596100272785,0.437987503676633,0.446657179199281,"Tidak Signifikan","Tidak Signifikan"
"Rv0900",54.742122504341,-0.243707582648938,0.31466952323682,-0.774487405523299,0.438642613223361,0.447210292124665,"Tidak Signifikan","Tidak Signifikan"
"Rv0083",3744.61939872203,-0.0280175700351718,0.0363552994156438,-0.770659862124962,0.44090856884617,0.449405008379433,"Tidak Signifikan","Tidak Signifikan"
"Rv3712",2682.1429132142,-0.03169616021266,0.0413254404166722,-0.766989048224943,0.443088027026847,0.451510455488184,"Tidak Signifikan","Tidak Signifikan"
"Rv2231B",8.02467949657055,-2.88116900134652,3.77221640395191,-0.763786774886007,0.444994319264917,0.453336534289658,"Tidak Signifikan","Tidak Signifikan"
"Rv1679",2434.17777119854,0.033029914884643,0.0433862392009101,0.761299331147147,0.446478299992497,0.45473155739929,"Tidak Signifikan","Tidak Signifikan"
"Rv0055",471.182922180947,-0.077084417036464,0.101620845419036,-0.758549259441842,0.448122235444214,0.45628873408809,"Tidak Signifikan","Tidak Signifikan"
"Rv2113",2823.11610178468,0.0292567401792583,0.0403396966541994,0.725259300535981,0.468292969087495,0.476704698067769,"Tidak Signifikan","Tidak Signifikan"
"Rv2887",750.836967498282,0.0549840408313201,0.0774013862464118,0.710375401498304,0.477471373015609,0.485923277771401,"Tidak Signifikan","Tidak Signifikan"
"Rv1677",1219.30939304913,0.0431147004115285,0.0613660051089041,0.702582811688888,0.482315777254598,0.490727542541418,"Tidak Signifikan","Tidak Signifikan"
"Rv0866",950.487988603035,-0.0488303822133931,0.0699391510473186,-0.698183799519615,0.485062256612319,0.493395377431044,"Tidak Signifikan","Tidak Signifikan"
"Rv1875",1236.17465248884,0.0423117946287291,0.0613811063494846,0.689329292760205,0.490616068107716,0.498916673207719,"Tidak Signifikan","Tidak Signifikan"
"Rv2559c",3764.30010678485,0.0247301073585376,0.0360676024910776,0.68565986232812,0.492927622993498,0.50113887247955,"Tidak Signifikan","Tidak Signifikan"
"Rv3913",2553.66261787138,-0.028624984057765,0.0423681347078884,-0.675625307914144,0.499278569190762,0.50746556084544,"Tidak Signifikan","Tidak Signifikan"
"Rv3593",3166.87161960461,-0.0281333056569682,0.041710399909122,-0.674491391074279,0.499998957135278,0.508067587847246,"Tidak Signifikan","Tidak Signifikan"
"Rv2232",1695.49272791192,0.0349145329971294,0.0519756910939691,0.671747354624029,0.501744548910053,0.50971078758673,"Tidak Signifikan","Tidak Signifikan"
"Rv0814c",471.011266165754,0.0942913056950665,0.140807725714966,0.669645825300372,0.503083594236717,0.510940250470316,"Tidak Signifikan","Tidak Signifikan"
"Rv2683",1276.49216240623,-0.039292434031402,0.062803450255928,-0.625641328164024,0.531550224730298,0.539713268877679,"Tidak Signifikan","Tidak Signifikan"
"Rv0856",1095.00716232957,-0.0398904109443527,0.0640159480822488,-0.623132393401419,0.533197524224725,0.541247333316142,"Tidak Signifikan","Tidak Signifikan"
"Rv1366A",414.746214930951,0.0682195231662208,0.110245440499458,0.618796776149272,0.536050246282645,0.544003920952483,"Tidak Signifikan","Tidak Signifikan"
"Rv2237",2104.3994086182,0.0283290396012155,0.0466690839652134,0.607019405444763,0.543838033992175,0.55148401862141,"Tidak Signifikan","Tidak Signifikan"
"Rv2421c",1523.54077368015,0.0331188233137917,0.0545354430123697,0.607289892305077,0.543658545017582,0.55148401862141,"Tidak Signifikan","Tidak Signifikan"
"Rv2976c",1826.47405732521,0.0308500025743465,0.0508091835050742,0.607173751793622,0.543735609628116,0.55148401862141,"Tidak Signifikan","Tidak Signifikan"
"Rv3677c",2066.45929760199,-0.0282600878085135,0.0479885864305454,-0.588891857638165,0.55593382016555,0.563605792127968,"Tidak Signifikan","Tidak Signifikan"
"Rv1932",1160.91700857806,-0.0354013205001987,0.0631614537469107,-0.560489323789989,0.575145719800666,0.582933845285958,"Tidak Signifikan","Tidak Signifikan"
"Rv0268c",1869.06970233331,0.0253573438310833,0.0506624743045196,0.500515306036309,0.616712281431669,0.624903606753367,"Tidak Signifikan","Tidak Signifikan"
"Rv0389",2972.47245891787,0.019552598409314,0.0393069354843728,0.497433803179275,0.618883173046805,0.62694319394195,"Tidak Signifikan","Tidak Signifikan"
"Rv0971c",2049.43713531977,0.0237371559036161,0.0477428599876053,0.497187556626868,0.61905679547158,0.626958975653755,"Tidak Signifikan","Tidak Signifikan"
"Rv0277c",993.997366461764,-0.0357526667701382,0.0730132240188729,-0.489673853614472,0.624364706524672,0.632173249306629,"Tidak Signifikan","Tidak Signifikan"
"Rv3661",3002.45823309096,0.0197360221949549,0.0410956144537865,0.480246431578455,0.63105217451309,0.638781315716618,"Tidak Signifikan","Tidak Signifikan"
"Rv3297",1621.95859167264,-0.0249493691520064,0.052867397293435,-0.471923537554298,0.636981366782295,0.644618643373817,"Tidak Signifikan","Tidak Signifikan"
"Rv1278",6001.33662584291,-0.013225815295895,0.0282758541839673,-0.467742378703953,0.639968831240927,0.647476754280224,"Tidak Signifikan","Tidak Signifikan"
"Rv2099c",435.040216797989,-0.0472818532440072,0.101742470799785,-0.464720906346489,0.64213133484311,0.649498981469306,"Tidak Signifikan","Tidak Signifikan"
"Rv3652",750.690542652689,-0.0365191754471065,0.0789362644199981,-0.462641293142504,0.643621505043028,0.650840303468185,"Tidak Signifikan","Tidak Signifikan"
"Rv2829c",815.142409293457,-0.0348031669387556,0.0755241501803909,-0.460821695518951,0.644926534930863,0.651993772698964,"Tidak Signifikan","Tidak Signifikan"
"Rv1160",1016.63791450518,0.0308267227884314,0.0686312205656425,0.449164717374465,0.653312837527902,0.660303701012277,"Tidak Signifikan","Tidak Signifikan"
"Rv0609A",419.906371417673,0.0466712174915358,0.108310988828607,0.430900114533985,0.666541000180843,0.673501820610647,"Tidak Signifikan","Tidak Signifikan"
"Rv1019",2485.93668031347,-0.0182560667361907,0.0428275195847871,-0.426269532141559,0.669911456324909,0.676735102429568,"Tidak Signifikan","Tidak Signifikan"
"Rv3511",3735.3716667517,0.0176125774113002,0.0413860834913062,0.425567628669188,0.670422932600768,0.677079372104697,"Tidak Signifikan","Tidak Signifikan"
"Rv3272",3262.49962925947,-0.0150712910396676,0.0377915582412891,-0.398800466057563,0.690040233626726,0.696714076558214,"Tidak Signifikan","Tidak Signifikan"
"Rv1140",2156.59348049776,-0.0186673577209763,0.0472368118164044,-0.395186656405407,0.692705139577138,0.69922679101845,"Tidak Signifikan","Tidak Signifikan"
"Rv2845c",4040.68395087327,-0.0133558070714732,0.0347753195816421,-0.384059937684188,0.700934023733804,0.707353160048843,"Tidak Signifikan","Tidak Signifikan"
"Rv3914",901.273507914006,0.0260803599190678,0.0707115369353594,0.368827507495828,0.71225629994777,0.718596322963582,"Tidak Signifikan","Tidak Signifikan"
"Rv1787",1777.41403345638,0.0203465444594439,0.0554729236081608,0.366783344666742,0.713780632147326,0.719951123246489,"Tidak Signifikan","Tidak Signifikan"
"Rv1906c",1402.69310689164,0.0198156335027363,0.0576011150481087,0.344014755377325,0.730835189414792,0.736965733708307,"Tidak Signifikan","Tidak Signifikan"
"Rv3911",1423.79109421661,-0.0202082294022017,0.0592732664242759,-0.340933284451577,0.733153806971255,0.739115921792876,"Tidak Signifikan","Tidak Signifikan"
"Rv2205c",2799.30213714848,-0.0134679484524338,0.0412907670939518,-0.326173365144543,0.744293191920024,0.750155257201915,"Tidak Signifikan","Tidak Signifikan"
"Rv0427c",2258.40374319594,-0.0145259064125391,0.0455148319106329,-0.319146656216599,0.749615305491974,0.755327385543983,"Tidak Signifikan","Tidak Signifikan"
"Rv1365c",1262.83948854148,-0.0195994753643067,0.0624275367955929,-0.313955609501004,0.753554753773227,0.759104039669474,"Tidak Signifikan","Tidak Signifikan"
"Rv2046",1269.20473119337,-0.0181425920106808,0.0595388855831838,-0.304718367382492,0.760580659353636,0.765987173306898,"Tidak Signifikan","Tidak Signifikan"
"Rv2148c",1674.00921029098,-0.0151718282600318,0.0522168955995292,-0.290554007200852,0.771392440015783,0.776678631863607,"Tidak Signifikan","Tidak Signifikan"
"Rv1584c",447.987144934133,-0.0306049211416522,0.108821914809889,-0.281238583194559,0.778527413274744,0.783663600218449,"Tidak Signifikan","Tidak Signifikan"
"Rv0076c",754.511470379125,0.0212926403144648,0.0778219838584892,0.273607009982978,0.784386646318126,0.789361193796044,"Tidak Signifikan","Tidak Signifikan"
"Rv0542c",2144.37627696225,0.0126076003374233,0.0463182772323079,0.27219493234151,0.785472138192678,0.79025309972365,"Tidak Signifikan","Tidak Signifikan"
"Rv2668",1325.20723705655,-0.0150044498634034,0.0582724971341641,-0.257487676027642,0.796802327772816,0.801448994491573,"Tidak Signifikan","Tidak Signifikan"
"Rv0882",354.393227566491,-0.028403578151268,0.118224705225367,-0.240250784276632,0.810135846152246,0.814653713988837,"Tidak Signifikan","Tidak Signifikan"
"Rv3196A",535.392865869354,-0.0207821325173,0.0924564851117797,-0.224777445218412,0.822152413213578,0.826527780845987,"Tidak Signifikan","Tidak Signifikan"
"Rv0938",6474.05508462136,-0.00612852893595293,0.0273064811392053,-0.224434957573273,0.822418872178595,0.826586183413348,"Tidak Signifikan","Tidak Signifikan"
"Rv3198A",467.838556396107,-0.0232562405277506,0.1039305021582,-0.22376722949294,0.822938430466857,0.826898873774574,"Tidak Signifikan","Tidak Signifikan"
"Rv2136c",2118.63316051923,0.00926364844809188,0.0465108712841354,0.199171681637614,0.842128450398225,0.845966969544128,"Tidak Signifikan","Tidak Signifikan"
"Rv0109",3863.73549902527,-0.00683291089879195,0.0351726803381163,-0.194267563151484,0.845966382623563,0.849607250599411,"Tidak Signifikan","Tidak Signifikan"
"Rvnt30",569.330961574013,0.0174489244461242,0.0958115077273706,0.182117209717383,0.855490743177978,0.858955145073915,"Tidak Signifikan","Tidak Signifikan"
"Rv3479",7469.45729192647,0.00397756209656935,0.028841203517137,0.137912486703474,0.890309581750148,0.893688793219342,"Tidak Signifikan","Tidak Signifikan"
"Rv2486",1989.72530784538,0.00651524519870028,0.0492527976550766,0.132281728325919,0.894761459049309,0.897930358727197,"Tidak Signifikan","Tidak Signifikan"
"Rv0464c",1251.14620526593,-0.00818479413722644,0.0637149435833132,-0.128459568147056,0.897785293013151,0.90073704030935,"Tidak Signifikan","Tidak Signifikan"
"Rv1507A",1092.09327997811,-0.00817211757753535,0.0644734505905891,-0.12675167069045,0.89913694831004,0.901865050302384,"Tidak Signifikan","Tidak Signifikan"
"Rv2737c",6536.11657007879,0.00323526844010294,0.0299968348669307,0.107853660376334,0.914111776278937,0.916653543098721,"Tidak Signifikan","Tidak Signifikan"
"Rv2548",737.58605207955,0.00770777101884077,0.0801246749368021,0.0961972204557489,0.92336393833368,0.925697433249863,"Tidak Signifikan","Tidak Signifikan"
"Rv2922A",393.874185341188,-0.0102900282832085,0.107454092125668,-0.0957620885314846,0.92370952790185,0.925809928546397,"Tidak Signifikan","Tidak Signifikan"
"Rv3755c",1256.1011266394,0.00569917328936341,0.0602346027475899,0.0946162675504895,0.924619628168311,0.926488018424776,"Tidak Signifikan","Tidak Signifikan"
"Rv3656c",303.599332818178,-0.0114277092290938,0.178536329261573,-0.0640077527994382,0.948964053627582,0.950641515338539,"Tidak Signifikan","Tidak Signifikan"
"Rv1545",278.470754551985,0.00770207244297872,0.138277068510535,0.0557002872995669,0.955580570627623,0.957028054450841,"Tidak Signifikan","Tidak Signifikan"
"Rv3905c",714.29468806708,-0.00351730576710316,0.0792877940158967,-0.044361251448085,0.964616448089084,0.965833783334023,"Tidak Signifikan","Tidak Signifikan"
"Rv3532",3570.93534969437,0.00120392729229787,0.037380468323321,0.0322073892141891,0.974306663496837,0.975290066639403,"Tidak Signifikan","Tidak Signifikan"
"Rv0505c",3178.54064267675,-0.000688808773444419,0.0399957952162487,-0.0172220297088776,0.986259487628408,0.987005899955069,"Tidak Signifikan","Tidak Signifikan"
"Rvnt35",54.4128917589535,0.00404005142247762,0.318376272512862,0.0126895493517483,0.989875476205761,0.99037478287724,"Tidak Signifikan","Tidak Signifikan"
"Rv2482c",6112.25768743287,0.000112757437903068,0.0283261084268001,0.0039806893415823,0.99682387782108,0.997075220200763,"Tidak Signifikan","Tidak Signifikan"
"Rv0949",6476.94689488274,6.90068000129476e-05,0.0306914489642814,0.0022484047622925,0.998206034065244,0.998206034065244,"Tidak Signifikan","Tidak Signifikan"
