Geneid,RVD1-2-24-1,RVD-Control-1,RVD1-2-24-1-2,RVD-Control-2,RVD1-2-24-1-3,RVD-Control-3
Rv0001,4033,5258,4401,5313,4401,5313
Rv0002,2682,5493,2949,5578,2947,5578
Rv0003,2527,2205,2751,2252,2751,2252
Rv0004,999,1867,1150,1995,1150,1995
Rv0005,5553,20015,5961,20555,5955,20539
Rv0006,6077,27457,6546,28454,6545,28436
Rv0007,2059,9649,2182,9991,2182,9985
Rvnt01,341,185,361,198,361,198
Rvnt02,403,284,488,302,488,302
Rv0008c,1113,1637,1236,1686,1235,1686
Rv0009,1335,6836,1507,7041,1500,7041
Rv0010c,1198,1757,1311,1843,1311,1843
Rv0011c,957,824,1006,853,1004,853
Rv0012,1598,3196,1771,3406,1771,3404
Rv0013,1007,2074,1115,2094,1114,2094
Rv0014c,3832,4109,4100,4206,4099,4206
Rv0015c,2713,11421,2858,11543,2858,11537
Rv0016c,3062,8554,3298,8612,3294,8608
Rv0017c,2473,1976,2693,2002,2691,2002
Rv0018c,3137,6806,3333,6760,3333,6760
Rv0019c,1163,5966,1255,6617,1255,6612
Rv0020c,5510,29670,5807,30709,5805,30693
Rvnt03,495,1179,590,1295,590,1295
Rv0021c,2156,2189,2427,2335,2427,2333
Rv0022c,1001,129,1090,134,1088,134
Rv0023,1613,1598,1760,1657,1760,1657
Rv0024,1696,1776,1781,1825,1781,1825
Rv0025,760,1238,786,1243,786,1243
Rv0026,3157,1746,3405,1776,3403,1776
Rv0027,599,293,617,301,617,301
Rv0028,665,657,746,684,746,682
Rv0029,2255,4942,2460,5061,2460,5061
Rv0030,838,1805,916,1857,914,1857
Rv0032,4997,1668,5327,1687,5327,1687
Rv0033,291,9,272,11,272,11
Rv0034,472,500,492,503,492,503
Rv0035,3273,1721,3490,1539,3490,1539
Rv0036c,1516,5579,1665,5740,1665,5738
Rv0037c,2508,5037,2741,5130,2739,5130
Rv0038,2235,8698,2340,8871,2340,8865
Rv0039c,962,12954,1001,13254,1001,13250
Rv0040c,2032,10999,2298,11366,2296,11364
Rv0041,5912,8957,6484,9212,6484,9206
Rv0042c,1278,1553,1477,1595,1477,1595
Rv0043c,1814,819,1991,848,1991,846
Rv0044c,1671,1205,1803,1234,1803,1234
Rv0045c,2077,3661,2171,3736,2171,3736
Rv0046c,3644,35792,3834,36737,3833,36719
Rv0047c,2938,8210,3082,8447,3081,8445
Rv0048c,1926,2897,2045,2947,2045,2947
Rv0049,1623,8297,1723,8621,1723,8615
Rv0050,4393,8198,4767,8465,4765,8453
Rv0051,2944,3935,3181,4008,3177,4008
Rv0052,1070,815,1179,830,1179,830
Rv0053,817,3378,885,3502,884,3502
Rv0054,1181,6069,1231,6388,1231,6386
Rv0055,398,564,390,565,390,565
Rv0056,719,1207,740,1227,740,1227
Rv0057,996,506,1047,461,1047,461
Rv0058,5795,12228,6266,12621,6266,12615
Rv0059,1611,1237,1751,1266,1751,1266
Rv0060,2457,1953,2652,2062,2648,2062
Rv0061c,1024,2656,1084,2770,1084,2770
Rv0062,2219,5100,2435,5342,2435,5342
Rv0063,2961,5156,3208,5326,3204,5326
Rv0063a,445,416,409,397,409,397
Rv0064,10087,7851,10733,8035,10727,8030
Rv0064A,274,153,247,145,247,145
Rv0065,757,677,769,643,769,643
Rv0066c,4771,3833,5148,3895,5144,3895
Rv0067c,1211,856,1318,880,1318,880
Rv0068,1734,330,1864,337,1864,337
Rv0069c,2256,1375,2451,1395,2451,1395
Rv0070c,2239,692,2410,720,2410,720
Rv0071,1708,1450,1910,1611,1906,1609
Rv0072,2263,4872,2472,5079,2472,5075
Rv0073,2088,7907,2245,8098,2245,8098
Rv0074,2455,9647,2641,9823,2641,9819
Rv0075,2287,3231,2421,3324,2420,3324
Rv0076c,593,936,616,936,616,936
Rv0077c,1839,2873,1951,3055,1951,3050
Rv0078,932,1330,1007,1306,1007,1306
Rv0078A,1437,2590,1504,2673,1500,2667
Rv0078B,424,1266,454,1260,454,1260
Rv0079,1791,157196,1941,160843,1941,160770
Rv0080,883,28342,866,27152,866,27141
Rv0081,543,1593,539,1702,539,1702
Rv0082,601,2117,628,2071,628,2071
Rv0083,2891,4526,3166,4588,3162,4588
Rv0084,1718,5285,1853,5283,1852,5281
Rv0085,1062,1088,1126,1141,1125,1141
Rv0086,2546,2027,2681,2074,2681,2074
Rv0087,2586,842,2731,869,2731,868
Rv0088,1617,1372,1737,1414,1729,1414
Rv0089,1266,351,1408,372,1406,370
Rv0090,1752,877,1944,884,1944,884
Rv0091,1473,1407,1584,1493,1584,1489
Rv0092,4725,6877,5127,7050,5122,7044
Rv0093c,1542,3416,1647,3509,1647,3509
Rv0094c,437,27,470,29,470,29
Rv0095c,1012,170,1085,171,1085,169
Rv0096,2620,160,2866,164,2866,164
Rv0097,1624,193,1745,203,1744,203
Rv0098,852,58,893,55,893,55
Rv0099,3101,667,3408,679,3406,679
Rv0100,209,93,192,77,192,77
Rv0101,14534,6220,15922,6423,15920,6419
Rv0102,4662,7466,5075,7723,5075,7723
Rv0103c,4522,9059,5090,9495,5086,9491
Rv0104,3666,2986,3995,3034,3993,3032
Rv0105c,716,30,785,31,785,31
Rv0106,2489,1652,2705,1679,2703,1679
Rv0107c,9176,21155,9922,21979,9922,21969
Rv0108c,783,6183,867,6388,867,6388
Rv0109,2982,4665,3230,4791,3230,4787
Rv0110,1723,1851,1954,1936,1953,1936
Rv0111,4365,7087,4834,7367,4833,7367
Rv0112,2776,1040,2952,1087,2950,1087
Rv0113,1232,903,1337,929,1337,929
Rv0114,904,589,943,588,943,588
Rv0115,2414,732,2608,752,2608,752
Rv0115a,623,689,696,707,696,707
Rv0116c,2276,4108,2492,4225,2492,4225
Rv0117,1857,3615,2018,3663,2016,3663
Rv0118c,3515,1722,3887,1763,3885,1763
Rv0119,2780,3426,3061,3473,3059,3471
Rv0120c,4146,3536,4432,3588,4428,3586
Rv0121c,1076,589,1195,618,1195,618
Rv0122,904,431,966,434,966,434
Rv0123,645,457,740,479,740,479
Rv0124,2210,2347,2306,2436,2306,2436
Rv0125,2815,13921,3068,14404,3062,14400
Rv0126,3877,3210,4227,3305,4217,3303
Rv0127,3489,5613,3711,5717,3711,5717
Rv0128,1428,1207,1550,1271,1550,1271
Rv0129c,2594,14625,2812,15078,2812,15074
Rv0130,983,908,1024,928,1024,928
Rv0131c,2778,2264,3016,2386,3014,2384
Rv0132c,2160,1466,2323,1511,2323,1505
Rv0133,1145,5284,1247,5525,1245,5521
Rv0134,2531,13919,2704,14279,2704,14275
Rv0135c,2446,6897,2500,7060,2500,7054
Rv0136,2603,3309,2746,3307,2746,3303
Rv0137c,919,1797,966,1838,966,1838
Rv0138,909,799,965,814,964,814
Rv0139,1978,5742,2120,5816,2118,5812
Rv0140,901,900,914,880,912,880
Rv0141c,865,3069,866,3036,866,3033
Rv0142,1879,1956,1999,1943,1999,1941
Rv0143c,2842,7812,3157,8047,3155,8043
Rv0144,1821,4039,1974,4110,1974,4106
Rv0145,2085,24430,2227,25183,2227,25169
Rv0146,1898,11647,2008,11973,2007,11972
Rv0147,3485,11857,3708,12183,3706,12177
Rv0148,1765,7836,1856,8187,1856,8181
Rv0149,2036,6514,2132,6686,2132,6686
Rv0150c,644,424,696,428,696,428
Rv0151c,3870,1359,4209,1401,4209,1401
Rv0152c,2888,1436,3162,1661,3162,1661
Rv0153c,1441,2397,1576,2518,1574,2516
Rv0154c,2330,3936,2556,4083,2556,4083
Rv0155,1934,4231,2134,4364,2134,4362
Rv0156,469,468,485,462,485,462
Rv0157,2487,11495,2722,11774,2720,11769
Rv0157A,262,1002,279,976,279,976
Rv0158,1200,2145,1326,2180,1326,2180
Rv0159c,3208,1980,3409,2037,3407,2037
Rv0160c,3656,488,3929,498,3929,498
Rv0161,2617,1704,2806,1746,2806,1746
Rv0162c,1757,1699,1878,1757,1877,1757
Rv0163,785,1988,815,2014,813,2012
Rv0164,855,3388,913,3482,913,3480
Rv0165c,1167,4086,1272,4185,1270,4177
Rv0166,3307,16874,3672,17499,3671,17493
Rv0167,1448,10427,1593,10895,1593,10891
Rv0168,1527,8570,1649,8693,1649,8683
Rv0169,2537,13319,2767,13702,2765,13698
Rv0170,2140,8261,2305,8506,2303,8500
Rv0171,2382,20606,2551,20993,2551,20977
Rv0172,3014,15238,3236,15439,3234,15431
Rv0173,1890,7533,1949,7192,1949,7190
Rv0174,3039,25373,3244,25132,3244,25128
Rv0175,1317,30036,1316,28056,1316,28047
Rv0176,1962,6578,2077,6637,2077,6630
Rv0177,744,2296,774,2198,773,2192
Rv0178,1494,8130,1584,8213,1584,8208
Rv0179c,2325,8828,2440,8971,2434,8963
Rv0180c,2667,2610,2899,2682,2899,2672
Rv0181c,1439,493,1532,505,1532,505
Rv0182c,2211,2597,2340,2630,2340,2630
Rv0183,1461,2899,1554,2928,1554,2928
Rv0184,1320,1170,1397,1229,1397,1229
Rv0185,731,1626,762,1613,762,1611
Rv0186,12012,12272,11680,12229,11677,12227
Rv0186A,7896,5934,7243,5890,7241,5888
Rv0187,1580,2795,1699,2872,1699,2868
Rv0188,2434,4584,2516,4707,2516,4697
Rv0189c,4041,6045,4288,6167,4282,6163
Rv0190,1539,3369,1627,3421,1627,3421
Rv0191,2921,3596,3111,3662,3109,3662
Rv0192,2213,5548,2330,5681,2326,5681
Rv0193c,3965,491,4266,505,4264,505
Rv0194,7015,1286,7686,1319,7682,1319
Rv0195,1333,1333,1483,1387,1483,1387
Rv0196,2130,5501,2226,5638,2224,5638
Rv0197,6200,11412,6685,11977,6682,11973
Rv0198c,3446,5965,3714,6095,3712,6091
Rv0199,1026,1439,1044,1434,1044,1428
Rv0200,1115,1685,1219,1725,1219,1725
Rv0201c,819,3188,824,3121,824,3121
Rv0202c,6779,19381,7340,19878,7338,19870
Rv0203,932,2520,1011,2572,1011,2572
Rv0204c,2135,4883,2350,5109,2350,5105
Rv0205,2209,2379,2401,2390,2401,2390
Rv0206c,5614,41343,6067,42520,6065,42504
Rv0207c,1517,7512,1590,7640,1588,7638
Rv0208c,1335,3054,1431,3188,1430,3188
Rv0209,1821,2025,1983,2074,1983,2074
Rv0210,2678,4088,2952,4218,2952,4218
Rv0211,4807,40607,5198,41903,5196,41885
Rv0212c,1859,2813,1971,2748,1971,2748
Rv0213c,2727,1314,2963,1348,2959,1348
Rv0214,2774,645,3027,658,3026,658
Rv0215c,2239,808,2389,823,2389,823
Rv0216,1656,1652,1815,1692,1813,1692
Rv0217c,1507,838,1607,854,1607,854
Rv0218,2854,1197,3026,1217,3024,1215
Rv0219,576,137,635,130,633,130
Rv0220,2590,13317,2761,13656,2760,13654
Rv0221,2742,2894,2919,2930,2918,2928
Rv0222,1384,2935,1462,3030,1462,3027
Rv0223c,2727,2340,2965,2369,2965,2369
Rv0224c,1309,1211,1374,1234,1374,1234
Rv0225,1994,5360,2140,5507,2140,5507
Rv0226c,3034,3529,3284,3620,3284,3620
Rv0227c,2357,5054,2575,5214,2575,5206
Rv0228,2350,3321,2502,3350,2502,3348
Rv0229c,891,1111,955,1127,955,1127
Rv0230c,1947,1387,2102,1399,2102,1399
Rv0231,3599,2119,3939,2167,3938,2167
Rv0232,2720,3666,2883,3791,2878,3783
Rv0233,2692,2784,2844,2835,2844,2835
Rv0234c,2721,1721,2918,1815,2918,1815
Rv0235c,2724,929,2935,955,2934,955
Rv0236c,7301,13019,7839,13406,7839,13406
Rv0236A,445,2345,396,2266,396,2266
Rv0237,2225,6126,2456,6281,2456,6277
Rv0238,1637,4099,1723,4241,1723,4241
Rv0239,344,1700,354,1707,354,1705
Rv0240,746,623,778,627,778,627
Rv0241c,1658,2765,1776,2788,1776,2786
Rv0242c,2913,10541,3124,10895,3123,10893
Rv0243,4400,33647,4657,34903,4656,34891
RVnc0008,283,2311,281,2266,281,2258
Rv0244c,3888,86376,4154,85188,4152,85152
Rv0245,1460,7773,1649,8086,1649,8084
Rv0246,2897,1181,3252,1215,3250,1215
Rv0247c,1661,1563,1768,1588,1768,1588
Rv0248c,3480,15748,3804,16311,3802,16303
Rv0249c,1689,2245,1762,2286,1762,2284
Rv0250c,902,2044,958,2059,956,2057
Rv0251c,2814,3342,3009,3488,3009,3484
Rv0252,4502,3493,5023,3631,5023,3625
Rv0253,573,269,588,270,588,270
Rv0254c,737,448,808,466,808,466
Rv0255c,2392,3843,2494,3803,2494,3801
Rv0256c,3280,10291,3506,10606,3506,10598
Rv0257,1210,3515,1380,3702,1380,3700
Rv0258c,924,461,1016,478,1016,478
Rv0259c,1334,279,1432,287,1432,287
Rv0260c,1878,76,2065,76,2065,76
Rv0261c,2552,124,2802,131,2802,131
Rv0262c,1044,1849,1124,1884,1124,1878
Rv0263c,1520,1777,1605,1812,1605,1812
Rv0264c,1247,1220,1323,1232,1323,1232
Rv0265c,2130,3809,2234,3880,2234,3880
Rv0266c,6275,7427,6767,7627,6763,7619
Rv0267,2647,998,2902,1026,2902,1026
Rv0268c,1476,2294,1519,2338,1519,2334
Rv0269c,2325,4460,2510,4654,2510,4652
Rv0270,3992,9450,4244,9735,4244,9721
Rv0271c,5149,11981,5484,12230,5484,12226
Rv0272c,2084,2842,2281,2841,2281,2841
Rv0273c,1407,1030,1507,1053,1507,1051
Rv0274,1033,2735,1079,2770,1079,2770
Rv0275c,2462,5451,1973,4373,1973,4369
Rv0276,4874,41113,5094,43196,5088,43162
Rv0277c,798,1250,827,1188,827,1188
Rv0277A,617,4287,626,4350,626,4346
Rv0278c,3104,4347,3368,4526,3358,4524
Rv0279c,2789,19239,2933,19386,2932,19379
Rv0280,2428,24052,2579,24640,2579,24630
Rv0281,2178,10788,2346,11041,2346,11027
Rv0282,4276,61431,4706,68556,4706,68530
Rv0283,2904,42396,3140,44108,3140,44083
Rv0284,7133,46164,7759,47394,7757,47355
Rv0285,480,5803,464,5665,464,5661
Rv0286,2618,24705,2783,25174,2783,25168
Rv0287,464,5604,475,5597,475,5597
Rv0288,354,3043,361,2795,361,2795
Rv0289,1542,12622,1609,13147,1609,13137
Rv0290,2592,25286,2763,26170,2763,26160
Rv0291,2428,16608,2582,17016,2582,17002
Rv0292,1804,9596,1922,9954,1922,9952
Rv0293c,3464,3194,3647,3220,3645,3214
Rv0294,1488,1032,1549,900,1549,898
Rv0295c,1096,3561,1210,3651,1210,3648
Rv0296c,2771,2558,3005,2635,3005,2633
Rv0297,3936,63047,4188,65893,4188,65861
Rv0298,506,3314,496,3282,496,3278
Rv0299,479,2009,474,1961,474,1961
Rv0300,250,2383,258,2382,258,2382
Rv0301,935,683,1020,661,1020,661
Rv0302,1888,1794,2003,1854,1999,1854
Rv0303,1918,839,2033,850,2025,850
Rv0304c,16673,1065,17844,1103,17832,1103
Rv0305c,7151,6364,7759,6538,7757,6532
Rv0306,1264,594,1382,595,1382,595
Rv0307c,922,1319,957,1361,957,1361
Rv0308,1618,5409,1785,5615,1785,5613
Rv0309,1662,10896,1742,11042,1740,11037
Rv0310c,960,1353,1018,1218,1018,1218
Rv0311,2861,966,3082,1003,3082,1003
Rv0312,3963,7538,4309,7618,4305,7616
Rv0313,4488,19048,4605,19421,4603,19415
Rv0314c,1470,4688,1543,4781,1541,4781
Rv0315,1565,8573,1628,8748,1626,8742
Rv0316,921,3614,965,3719,965,3717
Rv0317c,1773,4565,1898,4645,1898,4643
Rvnt04,241,170,272,179,272,179
Rv0318c,1374,1119,1419,1131,1419,1131
Rv0319,1211,894,1303,931,1303,931
Rv0320,1123,587,1200,617,1200,617
Rv0321,886,1246,931,1265,931,1265
Rv0322,2200,708,2429,722,2429,722
Rv0323c,1162,712,1226,733,1226,733
Rv0324,1316,979,1379,1006,1379,1004
Rv0325,222,177,222,172,222,172
Rv0326,639,117,645,108,645,108
Rv0327c,3054,1456,3311,1492,3311,1492
Rv0328,2803,2414,2895,2454,2893,2454
Rv0329c,1536,415,1564,402,1564,402
Rv0330c,1452,814,1540,828,1540,828
Rv0331,2263,705,2453,726,2453,726
Rv0332,1539,2730,1688,2829,1686,2827
Rv0333,629,556,673,565,671,565
Rv0334,1568,1271,1701,1300,1697,1300
Rv0335c,997,2356,1089,2416,1085,2414
Rv0336,604,310,806,544,806,544
Rv0337c,2655,4006,2946,4174,2946,4174
Rv0338c,6275,19967,6674,20481,6673,20453
Rv0339c,4901,3529,5330,3575,5328,3573
Rv0340,1565,4273,1689,4398,1685,4396
Rv0341,34465,240839,35453,247787,35444,247649
Rv0342,5385,32479,5747,33398,5747,33382
Rv0343,4022,14159,4174,14293,4174,14289
Rv0344c,1298,754,1385,783,1385,780
Rv0345,1106,2099,1151,2153,1151,2153
Rv0346c,2899,4474,3201,4601,3201,4597
Rv0347,2126,1203,2317,1224,2317,1224
Rv0348,1178,720,1242,736,1240,736
Rv0349,1408,913,1579,976,1573,976
Rv0350,5420,23367,5629,22574,5628,22564
Rv0351,1897,15567,1951,14788,1951,14788
Rv0352,4114,23260,4223,23957,4223,23940
Rv0353,669,2967,800,3939,800,3939
Rv0354c,1311,2503,1412,2633,1411,2633
Rv0355c,25230,7059,26977,7150,26964,7138
Rv0356c,1185,3413,1302,3567,1302,3565
Rv0357c,2403,2600,2565,2649,2565,2647
Rv0358,942,1074,896,994,896,994
Rv0359,1214,1785,1313,1815,1311,1815
Rv0360c,735,470,791,488,791,484
Rv0361,1857,3881,2040,4029,2040,4029
Rv0362,2587,1179,2844,1211,2844,1211
Rv0363c,2490,5066,2665,5143,2663,5139
Rv0364,1105,3338,1186,3473,1184,3471
Rv0365c,1987,1423,2155,1474,2155,1464
Rv0366c,1039,187,1126,176,1126,176
Rv0367c,1177,2726,1178,2787,1178,2787
Rv0368c,2228,370,2367,376,2367,376
Rv0369c,848,358,919,358,919,358
Rv0370c,1552,135,1729,151,1729,151
Rv0371c,998,82,1054,89,1053,89
Rv0372c,1262,131,1343,127,1343,125
Rv0373c,3964,611,4350,625,4350,625
Rv0374c,556,106,570,112,570,112
Rv0375c,1439,283,1535,294,1535,294
Rv0376c,2389,1878,2549,1923,2545,1923
Rv0377,1670,970,1790,903,1790,903
Rv0378,487,104,518,104,518,104
Rv0379,448,450,439,454,439,454
Rv0380c,1055,2280,1117,2335,1117,2335
Rv0381c,1645,3570,1825,3669,1825,3669
Rv0382c,1235,2589,1270,2540,1270,2540
Rv0383c,3581,34666,3742,35543,3742,35533
Rv0384c,6099,16208,6489,16747,6489,16741
Rv0385,2554,2392,2736,2426,2736,2426
Rv0386,5615,3306,6189,3402,6184,3392
Rv0387c,1767,1310,1855,1355,1855,1353
Rv0389,2304,3647,2446,3705,2446,3705
Rv0390,625,2797,635,2843,635,2843
Rv0391,2288,3347,2465,3378,2463,3377
Rv0392c,3028,2152,3285,2201,3283,2201
Rv0393,2428,2352,2636,2348,2632,2348
Rv0394c,1156,724,1287,838,1287,838
Rv0395,774,85,817,84,817,84
Rv0396,542,49,574,49,574,49
Rv0397,777,865,859,895,859,895
Rv0397A,579,1512,628,1503,628,1503
Rv0398c,948,1691,1038,1689,1038,1689
Rv0399c,2153,698,2341,698,2341,698
Rv0400c,2080,2808,2289,3100,2289,3092
Rv0401,825,1615,883,1660,883,1660
Rv0402c,6111,2084,6665,2122,6664,2122
Rv0403c,636,542,726,561,726,561
Rv0404,4718,689,5104,732,5100,732
Rv0405,8759,3947,9486,4031,9484,4029
Rv0406c,1287,1495,1378,1525,1378,1525
Rv0407,1797,2524,1950,2580,1938,2579
Rv0408,4018,2668,4398,2715,4398,2713
Rv0409,2181,4038,2309,4010,2307,4008
Rv0410c,6001,7679,6368,7858,6368,7856
Rv0411c,2398,4277,2487,4429,2485,4429
Rv0412c,3326,5881,3526,5828,3524,5828
Rv0413,1556,6169,1609,6206,1608,6204
Rv0414c,969,1550,1020,1615,1020,1615
Rv0415,2400,5876,2541,6031,2539,6025
Rv0416,95,60,91,57,91,57
Rv0417,1526,1859,1663,1838,1663,1837
Rv0418,2839,6531,3135,6770,3135,6768
Rv0419,3619,16679,3910,17218,3909,17218
Rv0420c,762,657,848,653,848,653
Rv0421c,1152,1626,1235,1683,1235,1683
Rv0422c,1527,3927,1582,4054,1582,4052
Rv0423c,3096,8888,3423,9152,3421,9148
Rv0424c,620,758,697,859,697,859
Rv0425c,9449,29902,10191,31073,10186,31054
Rv0426c,1225,8347,1312,8618,1312,8616
Rv0427c,1741,2725,1897,2789,1896,2789
Rv0428c,1420,786,1517,768,1516,768
Rv0429c,1062,1075,1151,1092,1151,1086
Rv0430,565,11754,625,12021,625,12013
Rv0431,964,3378,1027,3433,1027,3431
Rv0432,1163,2644,1223,2662,1223,2662
Rv0433,2225,4610,2341,4642,2341,4640
Rv0434,1394,3466,1506,3600,1504,3598
Rv0435c,4277,5332,4692,5502,4692,5500
Rv0436c,1236,2436,1312,2479,1312,2477
Rv0437c,1160,3771,1213,3825,1213,3825
Rv0438c,2313,2405,2464,2471,2464,2471
Rv0439c,2077,944,2235,969,2235,969
Rv0440,5624,57625,6014,60161,6014,60137
Rv0441c,741,3967,754,4026,752,4026
Rv0442c,3042,2740,3376,2959,3376,2959
Rv0443,1632,4607,1804,4795,1803,4791
Rv0444c,1741,5479,1882,5682,1882,5680
Rv0445c,1132,2269,1166,2309,1166,2309
Rv0446c,1307,1414,1394,1429,1393,1429
Rv0447c,2279,636,2403,634,2401,634
Rv0448c,1052,1325,1159,1373,1159,1369
Rv0449c,2129,1063,2250,1077,2244,1077
Rv0450c,6346,6156,6766,6131,6766,6131
Rv0451c,1331,1232,1509,1319,1509,1315
Rv0452,1608,3589,1770,3667,1770,3667
Rv0453,2683,4923,3001,5336,3001,5334
Rv0455c,1559,1452,1686,1498,1686,1498
Rv0456c,1813,1401,1946,1443,1946,1443
Rv0456A,416,141,459,145,459,145
Rv0456B,164,33,158,26,158,26
Rv0457c,4065,2889,4373,2945,4371,2945
Rv0458,2718,3139,2858,3311,2858,3307
Rv0459,644,2314,640,2365,640,2365
Rv0460,456,4431,401,3968,401,3964
Rv0461,1015,4258,1127,4549,1127,4549
Rv0462,3700,11071,3880,11350,3880,11342
Rv0463,310,903,279,865,279,865
Rv0464c,963,1571,1048,1519,1048,1519
Rv0465c,2478,2257,2660,2107,2658,2107
Rv0466,1870,18084,2012,18359,2012,18351
Rv0467,2780,38497,3018,39137,3016,39111
Rv0468,1919,13665,2058,14183,2054,14177
Rv0469,2436,4664,2608,4700,2601,4700
Rv0470c,1825,6622,1982,6785,1982,6783
Rv0470A,520,385,580,452,580,452
Rv0471c,600,733,622,701,622,701
Rv0472c,1500,3866,1663,3964,1663,3964
Rv0473,3691,6782,4000,6945,4000,6943
Rv0474,819,1522,914,1585,914,1585
Rv0475,1238,7693,1349,8293,1348,8286
Rv0476,942,5537,940,5404,939,5402
Rv0477,843,1705,780,1642,780,1642
Rv0478,1209,3152,1302,3224,1302,3224
Rv0479c,1682,2704,1823,2854,1823,2854
Rv0480c,1289,3823,1415,3923,1415,3919
Rv0481c,831,774,911,811,911,811
Rv0482,1830,2501,1980,2570,1978,2566
Rv0483,3196,26482,3378,26556,3375,26550
Rv0484c,1583,3273,1728,3316,1728,3312
Rv0485,6225,21347,6500,21903,6498,21894
Rv0486,4828,18181,5038,18602,5038,18583
Rv0487,1558,2019,1779,2187,1777,2187
Rv0488,1753,238,1952,255,1951,255
Rv0489,1726,2798,1891,2897,1891,2887
Rv0490,4137,10160,4526,10637,4524,10637
Rv0491,2141,4754,2412,5261,2412,5259
Rv0492c,3427,3639,3606,3712,3604,3712
Rv0492A,347,202,347,198,346,198
Rv0493c,1731,1081,1821,1090,1820,1090
Rv0494,1187,752,1212,732,1210,728
Rv0495c,2294,4796,2407,4905,2405,4903
Rv0496,2418,11705,2502,11969,2500,11963
Rv0497,1536,8561,1655,8829,1655,8823
Rv0498,1532,1484,1619,1515,1619,1515
Rv0499,1266,2327,1355,2458,1355,2454
Rv0500,1743,4308,1900,4520,1900,4520
Rv0500A,737,8961,799,9418,799,9407
Rv0501,2527,15501,2741,16747,2737,16739
Rv0502,2441,16834,2585,17217,2585,17211
Rv0503c,1585,4754,1679,4820,1679,4820
Rv0504c,1035,2302,1087,2372,1085,2372
Rv0505c,2432,3809,2660,3967,2660,3967
Rv0506,1029,1533,1082,1551,1082,1551
Rv0507,6361,3303,6862,3397,6857,3393
Rv0508,370,484,380,476,380,476
Rv0509,3847,48566,4074,49749,4072,49733
Rv0510,3410,32999,3542,33603,3539,33581
Rv0511,5037,34091,5287,34764,5285,34746
Rv0512,2257,7591,2436,7883,2436,7883
Rv0513,924,3636,978,3669,978,3661
Rv0514,558,873,539,877,539,877
Rv0515,552,2663,665,918,665,918
Rv0516c,841,8318,931,8528,931,8520
Rv0517,2718,5053,2977,5195,2975,5193
Rv0518,1597,1669,1781,1714,1779,1714
Rv0519c,1769,4652,1966,4849,1965,4847
Rv0522,2723,3447,2980,3521,2977,3521
Rv0523c,682,394,710,406,710,406
Rv0524,4069,16999,4299,17447,4296,17441
Rv0525,1266,3750,1246,3599,1246,3599
Rv0526,1127,1699,1200,1731,1200,1731
Rv0527,1878,5205,1945,5217,1945,5209
Rv0528,3369,5448,3610,5455,3610,5449
Rv0529,1790,3246,1945,3317,1943,3317
Rv0530,2602,10808,2788,11040,2788,11036
Rv0530A,197,1036,143,735,143,735
Rv0531,744,5008,798,5182,798,5180
Rv0532,2306,8927,2428,8858,2425,8855
Rv0533c,1535,3265,1621,3343,1621,3343
Rv0534c,1639,4351,1753,4411,1753,4411
Rv0535,1372,609,1467,614,1466,614
Rv0536,1520,1418,1611,1449,1610,1449
Rv0537c,2667,8101,2988,8518,2984,8515
Rv0538,3216,6817,3508,7021,3506,7019
Rv0539,1489,3894,1504,3919,1500,3916
Rv0540,905,738,960,764,960,764
Rv0541c,2299,3777,2435,3897,2435,3897
Rv0542c,1645,2622,1780,2669,1780,2667
Rv0543c,698,2697,710,2726,706,2722
Rv0544c,330,1650,312,1639,312,1639
Rv0545c,2401,24804,2592,25343,2592,25337
Rv0546c,902,1583,956,1637,956,1637
Rv0547c,1891,2572,2075,2635,2075,2633
Rv0548c,2133,6246,2369,6374,2369,6374
Rv0549c,1113,1197,1198,1209,1198,1209
Rv0550c,531,253,603,246,603,246
Rv0551c,3214,2704,3517,2789,3515,2787
Rv0552,2956,4234,3190,4412,3184,4410
Rv0553,1487,1569,1575,1595,1575,1595
Rv0554,1154,1148,1238,1172,1233,1172
Rv0555,3438,11606,3650,11860,3648,11856
Rv0556,967,900,1017,878,1015,878
Rv0557,1719,2455,1849,2585,1849,2585
Rv0558,1702,5925,1770,6068,1770,6066
Rv0559c,557,2626,548,2594,548,2592
Rv0560c,1267,731,1365,749,1365,749
Rv0561c,2243,1801,2437,1857,2437,1853
Rv0562,2605,19479,2766,19975,2763,19965
Rv0563,5088,14737,5393,15353,5389,15343
Rv0564c,3016,1707,3264,1743,3262,1743
Rv0565c,3205,854,3495,880,3489,880
Rv0566c,1005,722,1005,732,1005,732
Rvnt05,213,85,198,86,198,86
Rv0567,2042,2983,2241,3181,2241,3175
Rv0568,4202,26323,4424,27219,4424,27215
Rv0569,649,15385,662,15412,662,15400
Rv0570,3852,18945,4117,18957,4117,18950
Rv0571c,2849,2784,3121,2930,3119,2926
Rv0572c,989,1185,1083,1218,1083,1218
Rv0573c,2079,791,2317,818,2317,818
Rv0574c,2244,6877,2466,7063,2466,7061
Rv0575c,2252,4854,2376,5013,2374,5007
Rv0576,2404,3135,2573,3204,2573,3200
Rv0577,1472,4465,1583,4558,1581,4558
Rv0578c,6714,77648,7116,81169,7116,81132
Rv0579,1699,3080,1820,3098,1820,3098
Rv0580c,1432,1507,1526,1567,1526,1563
Rv0581,413,2759,411,3202,411,3202
Rv0582,750,745,790,721,788,721
Rv0583c,1555,4756,1690,4909,1688,4907
Rv0584,4987,877,5471,913,5469,913
Rv0585c,4524,1657,4987,1728,4987,1724
Rv0586,2050,4488,2155,4589,2155,4585
Rv0587,1452,3043,1509,3100,1509,3100
Rv0588,1792,2135,1951,2231,1949,2231
Rv0589,2611,2227,2849,2301,2849,2295
Rv0591,2592,333,2776,335,2772,335
Rv0592,2624,190,2849,192,2849,192
Rv0593,1949,690,2134,736,2134,736
Rv0594,3135,1126,3381,1165,3380,1165
Rv0595c,581,89,603,88,603,88
Rv0596c,478,107,527,105,527,105
Rv0597c,2688,1104,2954,1132,2952,1132
Rv0598c,865,190,939,179,937,179
Rv0599c,398,585,421,581,419,581
Rv0600c,1096,485,1192,505,1192,505
Rv0601c,1088,76,1157,76,1155,76
Rv0602c,1267,395,1201,212,1199,212
Rv0603,502,140,511,147,511,147
Rv0604,1783,3750,1922,3971,1920,3971
Rv0605,1777,3528,1975,3677,1975,3677
Rv0607,843,214,901,231,901,231
Rv0608,330,2199,340,2260,340,2260
Rv0609,439,888,428,672,427,672
Rv0609A,339,536,334,520,333,520
RVnc0005,315,57,349,57,349,57
Rv0610c,2186,2485,2367,2496,2367,2494
Rv0611c,778,6381,825,6549,825,6545
Rv0612,1029,706,1134,708,1132,708
Rv0613c,4828,37678,5126,38212,5124,38194
Rv0614,1251,596,1380,613,1374,613
Rv0615,1142,4955,1191,4991,1191,4987
Rv0616A,492,998,547,1015,547,1013
Rv0617,911,1869,988,1888,988,1888
Rv0618,1837,1078,1985,1118,1985,1116
Rv0620,1469,26,1523,31,1523,31
Rv0621,2452,2469,2627,2549,2624,2549
Rv0622,1930,413,2126,432,2119,432
Rv0623,587,3707,600,3756,600,3754
Rv0624,682,404,703,419,703,419
Rv0625c,1606,4162,1734,4298,1734,4298
Rv0626,529,3390,548,3438,547,3437
Rv0627,780,2514,756,2305,756,2305
Rv0628c,4214,11395,4399,11743,4395,11743
Rv0629c,3520,3887,3759,4001,3753,4001
Rv0630c,5968,3596,6351,3664,6351,3662
Rv0631c,5378,2748,5899,2858,5895,2854
Rv0632c,2031,9914,2137,10299,2135,10295
Rv0633c,1711,2420,1896,2504,1894,2504
Rv0634c,1511,2599,1596,2704,1596,2704
Rv0634A,620,2844,663,2893,659,2893
Rvnt06,175,1155,189,1147,189,1147
Rvnt07,76,248,18,161,18,161
Rv0634B,187,969,191,943,191,943
Rv0635,1069,3582,1122,3615,1122,3615
Rv0636,674,5896,689,5676,689,5672
Rv0637,942,2284,1024,2361,1024,2359
Rvnt08,391,9062,451,10572,451,10568
Rv0638,2994,20041,3157,20745,3157,20727
Rv0639,2032,12086,2112,12292,2110,12280
Rv0640,934,4091,978,4432,978,4432
Rv0641,1775,12264,1847,12593,1843,12590
Rv0642c,1680,3698,1827,3800,1827,3800
Rv0643c,2117,4752,2266,4851,2266,4851
Rv0644c,2088,4663,2316,4842,2316,4840
Rv0645c,1995,2457,2200,2528,2200,2526
Rv0646c,1562,3662,1668,3781,1666,3781
Rv0647c,2225,11983,2369,12472,2367,12458
Rv0648,6340,1357,6733,1416,6731,1416
Rv0649,678,300,719,318,719,314
Rv0650,1305,391,1416,400,1410,400
Rv0651,950,11252,1034,11578,1034,11570
Rv0652,570,2985,590,3040,589,3040
Rv0653c,1432,2360,1543,2452,1543,2450
Rv0654,3006,3073,3228,3171,3228,3169
Rv0655,3704,28733,3939,29596,3939,29580
Rv0656c,1015,280,1122,290,1122,290
Rv0657c,504,591,507,593,507,593
Rv0658c,1478,1126,1604,1182,1604,1180
Rv0659c,839,4872,878,4796,878,4794
Rv0660c,1030,6713,1068,6917,1068,6917
Rv0661c,565,55,585,58,585,58
Rv0662c,452,213,454,217,454,217
Rv0663,4415,3964,4816,4063,4812,4061
Rv0664,400,435,414,446,414,446
Rv0665,481,133,497,139,497,139
Rv0666,300,61,323,66,323,66
Rv0667,7191,56254,7841,57768,7839,57743
Rv0668,6994,46655,7571,48311,7571,48289
Rv0669c,3795,4223,4201,4334,4201,4334
Rv0670,2817,3886,3036,4202,3036,4202
Rv0671,1780,2832,1877,2912,1875,2912
Rv0672,3018,4428,3235,4543,3235,4535
Rv0673,1601,3068,1705,3152,1703,3146
Rv0674,1001,1193,1103,1241,1103,1239
Rv0675,1221,2117,1308,2154,1308,2154
Rv0676c,7020,6008,7588,6192,7588,6188
Rv0677c,1196,2207,1251,2259,1251,2259
Rv0678,2084,1068,2181,1080,2181,1080
Rv0679c,1201,648,1250,639,1250,639
Rv0680c,707,1809,783,1839,783,1837
Rv0681,1489,4524,1736,5139,1736,5137
Rv0682,1101,7963,1201,8410,1201,8406
Rv0683,851,10812,876,10894,876,10892
Rv0684,4181,36874,4597,38183,4595,38160
Rv0685,2622,10915,2837,11158,2837,11154
Rv0686,1708,2828,1808,2913,1806,2913
Rv0687,2508,6917,2668,7086,2668,7081
Rv0688,2560,3854,2766,3927,2766,3927
Rv0689c,448,192,495,184,495,184
Rv0690c,2018,1834,2214,1886,2212,1886
Rv0691c,1227,1483,1309,1477,1309,1477
Rv0691A,57,277,24,110,24,110
Rv0692,332,3789,344,3771,344,3769
Rv0693,1774,9916,1910,10089,1908,10085
Rv0694,1935,17397,2111,17395,2111,17388
Rv0695,1684,6620,1844,6805,1844,6801
Rv0696,2489,7694,2707,7773,2705,7771
Rv0697,2429,854,2716,888,2712,884
Rv0698,1370,926,1525,1001,1525,1001
Rv0699,699,25,826,29,826,29
Rv0700,1194,30511,1281,32808,1281,32788
Rv0701,1073,24617,1103,25116,1103,25112
Rv0702,926,23937,956,24338,956,24322
Rv0703,382,14102,402,14431,402,14431
Rv0704,1640,20188,1755,20673,1755,20673
Rv0705,533,2247,546,2271,546,2271
Rv0706,785,10110,840,10376,834,10370
Rv0707,1448,23879,1514,24338,1514,24332
Rv0708,489,2693,509,2681,509,2679
Rv0709,180,1845,149,1662,149,1661
Rv0710,574,1227,580,1158,580,1156
Rv0711,4609,5523,4996,5658,4996,5654
Rv0712,2090,2479,2256,2564,2256,2564
Rv0713,2027,3988,2213,4090,2213,4090
Rv0714,598,3705,654,3897,654,3897
Rv0715,387,2180,392,2133,392,2131
Rv0716,729,8488,769,8632,769,8624
Rv0717,346,1612,385,1638,385,1638
Rv0718,863,6125,933,6147,933,6139
Rv0719,1012,5010,1038,5005,1038,5004
Rv0720,552,5013,577,5062,577,5058
Rv0721,1674,37373,1731,38228,1731,38214
Rv0722,134,255,100,204,100,204
Rv0723,559,8662,572,8841,572,8837
Rv0724,7982,31608,8358,32652,8356,32636
Rv0725c,1627,805,1732,758,1732,758
Rv0726c,2458,2791,2679,2863,2679,2861
Rv0727c,1220,1684,1379,1739,1379,1739
Rv0728c,1596,926,1674,933,1674,931
Rv0729,2366,3058,2506,3109,2506,3109
Rv0730,1404,5176,1494,5361,1492,5360
Rv0731c,1775,2586,1930,2634,1930,2631
Rv0732,2757,7626,3017,7912,3017,7908
Rv0733,919,3900,946,3829,946,3827
Rv0734,1505,10037,1619,10242,1618,10239
Rv0735,1255,1576,1337,1595,1334,1595
Rv0736,1698,577,1826,580,1826,580
Rv0737,1038,458,1180,485,1178,485
Rv0738,1252,3241,1418,3376,1418,3376
Rv0739,1801,498,1959,524,1959,524
Rv0740,1112,1405,1229,1482,1229,1478
Rv0742,798,1046,914,1073,914,1073
Rv0743c,1015,685,1095,692,1095,692
Rv0744c,1019,1113,1052,1056,1052,1056
Rv0745,765,83,885,90,885,90
Rv0746,2844,9698,2872,9598,2872,9594
Rv0747,3140,16477,3313,17095,3312,17090
Rv0748,364,508,381,537,381,537
Rv0749,896,477,930,467,930,467
Rv0749A,389,297,407,304,407,304
Rv0750,430,526,489,543,489,543
Rv0751c,1403,2109,1502,2151,1502,2151
Rv0752c,1921,1728,2036,1764,2035,1762
Rv0753c,3059,2579,3182,2578,3182,2578
Rv0754,3525,1344,3918,1339,3918,1339
Rv0755c,6386,5906,6795,6069,6789,6067
Rvnt09,128,15,130,16,130,16
Rv0756c,1474,5730,1578,5810,1576,5804
Rv0757,1945,4607,2049,4714,2047,4714
Rv0758,2824,6330,3006,6476,3006,6468
Rv0759c,634,1462,692,1526,692,1526
Rv0760c,773,929,795,886,795,886
Rv0761c,2153,9879,2348,10262,2348,10260
Rv0762c,1196,707,1248,722,1248,722
Rv0763c,171,96,169,91,169,91
Rv0764c,2583,1309,2813,1341,2813,1341
Rv0765c,1230,918,1298,946,1298,946
Rv0766c,1909,906,2052,930,2052,930
Rv0767c,1059,475,1207,475,1205,475
Rv0768,2791,2411,3068,2477,3068,2477
Rv0769,1100,1080,1193,1151,1193,1151
Rv0770,1352,554,1447,564,1445,564
Rv0771,462,195,471,208,471,208
Rv0772,1990,1931,2219,1955,2219,1955
Rv0773c,2574,2620,2798,2716,2797,2716
Rv0774c,1641,3810,1714,3899,1714,3895
Rv0775,1012,1302,1076,1300,1076,1300
Rv0776c,1359,893,1480,910,1480,910
Rv0777,2930,7273,3195,7455,3193,7451
Rv0778,1971,3894,2113,4002,2113,3994
Rv0779c,843,743,924,770,924,770
Rv0780,1578,1103,1741,1148,1741,1148
Rv0783c,3359,3605,3761,3678,3759,3678
Rv0784,1506,1238,1661,1263,1657,1263
Rv0785,3071,2093,3304,2105,3302,2105
Rv0786c,546,303,569,286,569,286
Rv0787,1402,3229,1507,3373,1507,3371
Rv0787A,452,2871,458,2924,458,2924
Rv0788,1214,4987,1234,4575,1234,4571
Rv0789c,863,1212,954,1221,950,1221
Rv0790c,1227,399,1326,403,1326,403
Rv0791c,2045,3462,2159,3536,2159,3532
Rv0792c,1550,1818,1666,1902,1666,1902
Rv0793,593,203,625,207,625,207
Rv0794c,2904,1886,3187,1940,3185,1938
Rv0797,546,61,637,104,637,102
Rv0798c,1345,1558,1363,1485,1363,1485
Rv0799c,1981,1220,2119,1219,2119,1219
Rv0800,2541,3355,2711,3454,2711,3454
Rv0801,413,827,432,836,432,836
Rv0802c,1118,894,1228,862,1228,862
Rv0803,4550,14372,4973,14734,4971,14722
Rv0804,1056,2343,1130,2419,1128,2419
Rv0805,1937,14862,2098,15318,2098,15314
Rv0806c,3127,1826,3381,1855,3375,1851
Rv0807,939,1254,1021,1284,1021,1284
Rv0808,4768,17149,4838,17274,4838,17272
Rv0809,2495,6546,2681,6686,2679,6681
Rv0810c,1418,9864,1474,10123,1474,10121
Rv0811c,3322,9644,3529,9902,3529,9902
Rv0812,1703,2392,1818,2457,1818,2455
Rv0813c,1479,7398,1539,7423,1539,7421
Rv0814c,315,509,399,645,399,645
Rv0815c,274,141,328,148,328,148
Rv0816c,774,928,831,924,831,924
Rv0817c,1343,506,1448,510,1448,510
Rv0818,1733,7019,1807,7021,1805,7017
Rv0819,1911,2383,2041,2404,2039,2404
Rv0820,1735,1676,1819,1673,1817,1673
Rv0821c,1880,3855,1968,3996,1968,3996
Rv0822c,3890,6012,4228,6150,4228,6150
Rv0823c,2356,28144,2563,27678,2563,27660
Rv0824c,1861,35813,1955,35444,1955,35428
RVnc0002,0,0,0,0,0,0
Rv0825c,1281,1096,1399,1138,1397,1132
Rv0826,1974,1072,2128,1118,2128,1118
Rv0827c,652,1488,701,1531,701,1531
Rv0828c,778,80,811,82,811,82
Rv0830,1566,779,1747,799,1747,797
Rv0831c,1556,2561,1652,2612,1652,2610
Rvnt10,323,55,353,55,353,55
Rvnt11,270,1993,277,2039,277,2039
Rvnt12,33,66,12,46,12,46
Rvnt13,146,372,182,393,182,393
Rv0832,840,3707,875,3529,875,3527
Rv0833,2730,18953,2906,19621,2904,19617
Rv0834c,6893,36705,7272,37818,7264,37790
Rv0835,1398,752,1527,776,1527,776
Rv0836c,1415,1011,1545,1046,1545,1046
Rv0837c,2342,923,2555,953,2555,953
Rv0838,1566,1323,1708,1301,1706,1301
Rv0839,1699,2311,1781,2410,1781,2410
Rv0840c,2239,684,2407,684,2405,684
Rv0841,671,77,741,74,741,74
Rv0842,2484,2264,2739,2411,2739,2411
Rv0843,1558,528,1726,578,1724,578
Rv0844c,1448,5156,1508,5269,1508,5269
Rv0845,2620,1237,2910,1295,2908,1295
Rv0846c,4233,4045,4600,4215,4597,4211
Rv0847,12907,12251,13144,12574,13136,12568
Rv0848,3660,5873,3870,5953,3868,5950
Rv0849,3348,3589,3547,3656,3547,3656
Rv0851c,1879,1297,2085,1333,2085,1331
Rv0852,1200,1264,1318,1308,1318,1308
Rv0853c,2845,2961,3093,3062,3093,3060
Rv0854,898,733,958,739,958,739
Rv0855,2134,2271,2272,2295,2270,2295
Rv0856,864,1310,921,1341,921,1339
Rv0857,1115,2255,1105,2273,1105,2271
Rv0858c,1992,3726,2181,3887,2181,3887
Rv0859,3212,26539,3450,27213,3448,27193
Rv0860,5692,48704,5954,50011,5951,49991
Rv0861c,3123,2749,3404,2861,3402,2861
Rv0862c,4037,2323,4463,2406,4461,2406
Rv0863,475,1045,488,994,488,994
Rv0864,1116,6042,1167,6117,1167,6114
Rv0865,704,1275,736,1254,736,1254
Rv0866,771,1146,792,1155,792,1151
Rv0867c,2292,13074,2590,13935,2590,13931
Rv0868c,519,766,546,721,546,721
Rv0869c,1812,7960,1918,8152,1918,8145
Rv0870c,643,1452,729,1502,729,1502
Rv0871,805,7802,889,8003,889,7995
Rv0872c,8461,68041,8868,70031,8866,70008
Rv0873,4534,10261,4946,10503,4946,10501
Rv0874c,2831,3915,2996,4019,2996,4017
Rv0875c,999,2269,1032,2313,1032,2307
Rv0876c,3869,6400,4068,6477,4068,6475
Rv0877,3120,30110,3277,30747,3277,30707
Rv0878c,2671,933,2838,930,2837,928
Rv0879c,650,1269,785,1355,784,1355
Rv0880,787,1169,884,1204,883,1200
Rv0881,1442,902,1549,916,1542,912
Rv0882,284,454,294,421,294,421
Rv0883c,1596,5350,1715,5643,1713,5637
Rv0884c,2287,4692,2559,4845,2559,4839
Rv0885,2429,15548,2627,15963,2627,15953
Rv0886,2747,5364,2989,5663,2989,5663
Rv0887c,757,90,821,94,821,94
Rv0888,3260,9215,3557,9491,3555,9487
Rv0889c,3010,8091,3229,8461,3229,8457
Rv0890c,4522,3566,4939,3742,4939,3740
Rv0891c,2081,427,2359,432,2354,432
Rv0892,3410,2263,3728,2324,3728,2322
Rv0893c,2068,335,2226,336,2226,336
Rv0894,2813,209,3063,211,3063,211
Rv0895,2995,817,3316,840,3314,840
Rv0896,2830,10058,3020,10355,3018,10355
Rv0897c,2909,2261,3120,2341,3120,2341
Rv0898c,832,1883,864,1905,864,1905
Rv0899,1827,1401,1969,1445,1967,1444
Rv0900,58,65,43,61,43,59
Rv0901,716,2195,740,2193,736,2191
Rv0902c,3029,4606,3242,4720,3237,4712
Rv0903c,2242,11783,2375,12278,2375,12270
Rv0904c,2530,4748,2708,4835,2706,4835
Rv0905,1074,4017,1184,4105,1184,4103
Rv0906,1905,6048,2031,6167,2031,6165
Rv0907,2777,3075,2971,3125,2971,3125
Rv0908,4162,3757,4582,3861,4582,3853
Rv0909,406,3692,442,3723,442,3723
Rv0910,858,5889,915,5997,913,5989
Rv0911,1439,1073,1524,1079,1524,1079
Rv0912,1086,1049,1181,1061,1181,1061
Rv0913c,2934,1613,3235,1673,3233,1673
Rv0914c,2253,5401,2385,5542,2385,5542
Rv0915c,1870,1261,2016,1355,2014,1355
Rv0916c,486,286,516,283,516,283
Rv0917,3800,1065,4185,1105,4183,1105
Rv0918,978,519,1109,539,1109,539
Rv0919,1131,887,1258,940,1258,940
Rvnt14,407,60,426,62,426,62
Rv0920c,2460,1938,2663,2031,2661,2031
Rv0921,1349,2967,1453,3051,1453,3047
Rv0922,3713,14347,3996,14694,3996,14682
Rv0923c,1999,3270,2223,3572,2221,3570
Rv0924c,2007,965,2142,989,2142,989
Rv0925c,1378,2265,1482,2321,1478,2319
Rv0926c,1977,1269,2125,1305,2125,1303
Rv0927c,1704,912,1855,956,1855,956
Rv0928,2173,2146,2379,2193,2378,2193
Rv0929,1526,1235,1673,1245,1673,1245
Rv0930,1732,2391,1822,2397,1820,2395
Rv0931c,5898,23581,6233,24080,6231,24072
Rv0932c,3874,25384,4306,27395,4304,27381
Rv0933,1438,3326,1590,3391,1590,3389
Rv0934,1785,6782,1879,6917,1879,6915
Rv0935,1607,11551,1748,11842,1748,11833
Rv0936,1513,2135,1637,2177,1637,2177
Rv0937c,1737,1377,1853,1412,1851,1412
Rv0938,5071,7822,5372,8025,5370,8023
Rv0939,4945,9063,5295,9216,5295,9214
Rv0940c,2096,595,2271,607,2271,607
Rv0941c,1467,1605,1563,1635,1563,1635
Rv0942,592,1529,584,1402,584,1402
Rv0943c,1881,263,2008,271,2008,271
Rv0944,573,124,598,121,598,121
Rv0945,1223,1654,1317,1660,1317,1660
Rv0946c,3040,2198,3282,2197,3282,2197
Rv0947c,545,229,564,237,564,237
Rv0948c,782,1659,872,1728,872,1728
Rv0949,4924,7785,5435,8077,5435,8073
Rv0950c,1757,12911,1911,13027,1907,13025
Rv0951,2439,7363,2699,7537,2699,7535
Rv0952,1533,4950,1643,5011,1643,5011
Rv0953c,1396,720,1571,757,1568,757
Rv0954,2024,14293,2166,14161,2163,14159
Rv0955,2826,12325,3025,12686,3025,12686
Rv0956,945,767,973,768,973,768
Rv0957,2622,5059,2800,5228,2799,5224
Rv0958,2401,5402,2471,5300,2469,5296
Rv0959,4104,8107,4333,8251,4331,8249
Rv0959A,288,288,277,285,277,285
Rv0960,705,685,754,690,754,690
Rv0961,793,759,852,767,852,767
Rv0962c,1324,416,1460,428,1460,428
Rv0963c,1879,178,2050,189,2050,189
Rv0964c,1163,309,1212,310,1208,310
Rv0965c,817,1079,857,1080,857,1080
Rv0966c,1567,12462,1618,12723,1618,12717
Rv0967,3148,3227,3219,3298,3213,3298
Rv0968,2029,2884,2058,2962,2058,2960
Rv0969,20137,27664,20636,28296,20630,28276
Rv0970,2208,3074,2326,3353,2326,3345
Rv0971c,1591,2481,1682,2577,1681,2577
Rv0972c,2457,2763,2617,2799,2613,2799
Rv0973c,3935,3223,4118,3284,4118,3278
Rv0974c,2882,1632,3096,1658,3096,1656
Rv0975c,2499,4008,2584,4126,2584,4124
Rv0976c,3724,5327,4008,5414,4008,5414
Rv0977,4576,12818,4858,13173,4858,13165
Rv0978c,1130,359,1191,378,1189,378
Rv0979c,366,98,410,99,410,99
Rv0979A,168,1771,131,1240,131,1240
Rv0980c,1745,6445,1813,6396,1810,6394
Rv0981,1457,7671,1596,9345,1596,9339
Rv0982,6720,16692,6953,17011,6947,17007
Rv0983,5077,18322,5324,18871,5320,18866
Rv0984,3606,29694,3722,30522,3722,30514
Rv0985c,1044,950,1101,894,1101,894
Rv0986,1690,236,1879,237,1879,237
Rv0987,6460,1872,7014,1971,7012,1969
Rv0988,3327,853,3586,869,3586,869
Rv0989c,2038,1714,2275,1766,2275,1760
Rv0990c,1290,1581,1337,1566,1337,1562
Rv0991c,750,4351,779,4363,779,4361
Rv0992c,1300,3040,1380,3121,1378,3118
Rv0993,1946,5222,2027,4980,2027,4978
Rv0994,3105,19333,3318,19763,3318,19755
Rv0995,1250,1881,1394,1927,1394,1927
Rv0996,4591,16380,4875,17147,4875,17143
Rvnt15,186,95,214,86,214,86
Rv0997a,785,6202,911,6459,911,6459
Rv0997,929,4551,1007,4763,1007,4759
Rv0998,2311,7801,2443,7948,2443,7938
Rv0999,1141,2447,1198,2494,1197,2492
Rv1000c,1299,2083,1315,2131,1315,2131
Rv1001,2407,3385,2538,3431,2538,3431
Rv1002c,2827,5582,3041,5692,3041,5688
Rv1003,1404,1324,1537,1321,1537,1321
Rv1004c,2387,21564,2496,22146,2492,22144
Rv1005c,2181,4531,2335,4789,2332,4783
Rv1006,3293,13681,3606,14468,3604,14460
Rv1007c,2675,2319,2886,2361,2886,2361
Rv1008,1546,820,1717,839,1717,839
Rv1009,1855,16709,1985,17368,1985,17365
Rv1010,1592,3406,1730,3483,1730,3481
Rv1011,1494,3460,1597,3642,1597,3634
Rv1012,523,237,569,233,569,233
Rv1013,3197,13611,3499,14067,3499,14061
Rv1014c,757,948,811,917,811,917
Rv1015c,1049,1909,1177,2134,1177,2134
Rv1016c,1333,1815,1441,1846,1441,1844
Rv1017c,1837,5355,1957,5432,1957,5428
Rv1018c,2954,8025,3223,8277,3221,8275
Rvnt16,170,14,184,12,184,12
Rv1019,1944,3009,2079,3060,2075,3058
Rv1020,7789,14828,8341,15393,8339,15381
Rv1021,1845,2208,2010,2249,2010,2247
Rv1022,1371,2427,1404,2430,1402,2426
Rv1023,2322,4484,2445,4568,2445,4566
Rv1024,990,979,1005,899,1005,899
Rv1025,761,1111,796,1098,796,1098
Rv1026,1585,1821,1741,1845,1741,1845
Rv1027c,1424,336,1535,342,1535,341
Rv1028c,5890,2982,6383,3068,6382,3068
Rv1028A,212,89,203,90,203,90
Rv1029,2910,763,3186,760,3186,760
Rv1030,3632,1865,3940,1915,3935,1915
Rv1031,863,342,903,351,903,351
Rv1032c,2546,1388,2797,1435,2795,1433
Rv1033c,1748,1049,1896,1071,1896,1071
Rv1037c,214,76,278,100,278,100
Rv1038c,523,42,611,55,611,55
Rv1039c,1990,1004,2185,1034,2183,1034
Rv1040c,1261,459,1380,467,1380,467
Rv1041c,467,52,535,59,535,59
Rv1042c,158,447,180,518,180,518
Rv1043c,2264,2174,2479,2221,2479,2221
Rv1044,1171,283,1288,292,1284,292
Rv1045,1935,604,2105,616,2105,616
Rv1047,425,14,507,17,507,17
Rv1048c,2277,3881,2578,3979,2576,3979
Rv1049,961,1183,1045,1216,1045,1216
Rv1050,1850,400,1989,410,1987,410
Rv1051c,1965,112,2165,118,2165,118
Rv1052,1160,2784,1242,2880,1242,2880
Rvnt17,418,194,506,211,506,211
Rv1056,1659,1032,1864,1070,1861,1070
Rv1057,2692,21446,2943,22255,2943,22239
Rv1058,3258,3092,3452,3092,3448,3090
Rv1059,1931,2616,2070,2704,2069,2704
Rv1060,857,5212,908,5395,904,5391
Rv1061,1323,796,1430,819,1426,819
Rv1062,1478,2448,1595,2518,1593,2514
Rv1063c,2735,3056,2892,3108,2892,3108
Rv1064c,932,1035,996,1134,996,1134
Rv1065,1703,2860,1763,2937,1763,2937
Rv1066,816,1511,805,1430,805,1430
Rv1067c,1740,1138,1953,1180,1949,1180
Rv1068c,1493,513,1622,579,1622,579
Rv1069c,3587,4720,3875,4842,3875,4840
Rv1070c,1310,4172,1409,4294,1409,4290
Rv1071c,2043,5643,2226,5803,2226,5803
Rv1072,10120,71186,10575,74653,10569,74615
Rv1073,2735,14186,2839,14393,2839,14383
Rv1074c,2298,23068,2472,23918,2468,23910
Rv1075c,1881,1786,2007,1848,2005,1846
Rv1076,1778,4206,1932,4357,1928,4357
Rv1077,3781,11268,4059,11636,4057,11626
Rv1078,1517,10880,1646,11080,1646,11070
Rv1079,1994,10584,2087,10897,2087,10892
Rv1080c,989,4439,1064,4630,1064,4623
Rv1081c,997,835,1102,853,1102,853
Rv1082,1943,5304,2063,5445,2061,5445
Rv1083,259,896,245,889,245,889
Rv1084,3927,7613,4172,7887,4167,7883
Rv1085c,1440,3111,1552,3113,1552,3113
Rv1086,2022,4852,2153,4960,2151,4956
Rv1087,3101,30092,3314,31562,3314,31538
Rv1088,1000,109,1120,108,1120,108
Rv1088a,555,73,646,77,646,77
Rv1091,3223,18938,3505,19930,3503,19924
Rv1092c,2149,1556,2401,1600,2397,1598
RVnc0034,377,47,413,48,413,48
Rv1093,2799,13465,2962,13640,2958,13634
Rv1094,2131,30961,2316,32569,2314,32547
Rv1095,4206,19753,4494,20492,4494,20472
Rv1096,1321,4230,1441,4488,1441,4486
Rv1097c,1363,3053,1431,3100,1431,3098
Rv1098c,2535,6022,2763,6255,2761,6251
Rv1099c,2025,8143,2156,8469,2156,8465
Rv1100,1753,4493,1813,4651,1813,4651
Rv1101c,2198,2498,2366,2598,2366,2588
Rv1102c,734,422,776,423,776,423
Rv1103c,846,2962,912,3033,912,3033
Rv1106c,1696,2872,1962,3013,1962,3011
Rv1107c,294,1025,271,973,271,973
Rv1108c,2263,4836,2395,4879,2395,4879
Rv1109c,1198,4795,1268,5054,1267,5052
Rv1110,2714,14589,2850,14853,2850,14847
Rv1111c,1853,7565,2001,7919,2001,7919
Rv1112,1818,629,1964,644,1964,644
Rv1113,294,716,292,707,292,707
Rv1114,739,752,827,762,826,762
Rv1115,1412,675,1565,690,1565,690
Rv1116,491,468,545,514,545,514
Rv1117,679,3089,743,3142,743,3142
Rv1118c,1454,1771,1526,1619,1526,1619
Rv1119c,101,177,84,143,84,143
Rv1120c,703,101,797,99,795,99
Rv1121,3075,7745,3415,8012,3415,8006
Rv1122,1897,2264,1969,2311,1965,2309
Rv1123c,1632,4754,1798,4973,1798,4973
Rv1124,1406,3114,1558,3150,1547,3146
Rv1125,1670,946,1741,955,1740,955
Rv1126c,974,687,1049,696,1047,696
Rv1127c,2743,3377,2970,3392,2970,3390
Rv1128c,2610,131,2847,135,2847,135
Rv1129c,2951,1213,3190,1247,3190,1247
Rv1130,7296,5133,7597,5262,7591,5262
Rv1131,4145,3708,4300,3781,4296,3779
Rv1132,3247,3445,3498,3448,3498,3443
Rv1133c,6057,36365,6440,37353,6438,37328
Rv1134,540,167,634,182,634,182
Rv1135c,4701,1739,4984,1830,4976,1830
Rv1138a,790,58,859,59,859,59
Rv1138c,1758,1101,1900,1122,1900,1122
Rv1139c,1027,1653,1132,1755,1130,1755
Rv1140,1683,2656,1804,2630,1804,2630
Rv1141c,1654,2065,1789,2124,1789,2122
Rv1142c,1994,4007,2122,4072,2122,4066
Rv1143,2015,1925,2142,2008,2142,2008
Rv1144,1309,2890,1447,3025,1445,3025
Rv1145,1851,815,2006,822,2006,816
Rv1146,2510,2058,2805,2142,2805,2142
Rv1147,1401,530,1577,557,1577,557
Rv1148c,2515,1824,2746,1891,2738,1889
Rv1149,183,26,219,43,219,43
Rv1150,292,117,313,112,313,112
Rv1151c,1255,2934,1334,2994,1334,2994
Rv1152,1252,4002,1259,4096,1259,4094
Rv1153c,1357,770,1415,689,1415,689
Rv1154c,1081,898,1128,907,1126,907
Rv1155,645,1943,687,1947,687,1947
Rv1155a,498,2225,517,2264,517,2262
Rv1156,2739,9404,2897,9751,2897,9747
Rv1157c,1471,7067,1568,6969,1568,6969
RVnc0012,0,0,0,0,0,0
Rv1158c,1138,2496,1246,2475,1246,2467
Rv1159,2474,2165,2697,2179,2697,2179
Rv1159A,507,1331,494,1316,492,1312
Rv1160,757,1243,848,1277,848,1277
Rv1161,10804,71620,11544,73455,11542,73415
Rv1162,5835,28386,6140,29021,6136,29009
Rv1163,1298,3494,1394,3525,1394,3517
Rv1164,1439,3290,1529,3356,1529,3352
Rv1165,3430,6791,3639,6960,3637,6956
Rv1166,3747,5495,4098,5644,4096,5644
Rv1167c,1272,5097,1348,5179,1343,5178
Rv1168c,1973,5828,2092,5883,2092,5878
Rv1169c,810,332,881,333,881,333
Rv1170,1811,3695,1974,3976,1974,3972
Rv1171,714,3677,730,3772,730,3766
Rv1172c,1770,7742,1910,7986,1910,7984
Rv1173,6959,42348,7484,44061,7481,44044
Rv1174c,886,16306,993,16941,993,16927
Rv1175c,3758,7737,4006,7863,4006,7857
Rv1176c,960,825,1070,893,1070,887
Rv1177,913,4992,991,5038,991,5036
Rv1178,1959,20207,2109,20589,2105,20581
Rv1179c,5032,12824,5386,13135,5384,13127
Rv1180,2716,23347,2956,24020,2952,24010
Rv1181,8585,87228,9382,89016,9376,88967
Rv1182,2825,10053,3090,10559,3090,10553
Rv1183,5662,17494,6140,17766,6140,17760
Rv1184c,2103,9616,2280,9788,2278,9784
Rv1185c,4012,12104,4404,12456,4404,12452
Rv1186c,3350,5465,3629,5629,3629,5627
Rv1187,2705,1271,2966,1276,2964,1276
Rv1188,1636,814,1801,830,1801,830
Rv1189,1695,789,1806,806,1804,806
Rv1190,1375,494,1441,492,1441,492
Rv1191,1549,4308,1641,4415,1641,4415
Rv1192,1836,20201,1923,20628,1921,20608
Rv1193,2518,7474,2695,7549,2694,7545
Rv1194c,2418,19242,2619,19743,2617,19729
Rv1195,632,33978,686,35792,684,35772
Rv1196,2216,95644,2422,99014,2420,98984
Rv1197,574,4822,622,4986,622,4984
Rv1198,506,3996,529,3980,529,3980
Rv1199c,364,442,405,401,405,398
Rv1200,1958,2833,2190,2867,2188,2865
Rv1201c,1946,9164,2126,9399,2124,9391
Rv1202,1833,3042,1959,3107,1957,3107
Rv1203c,702,208,756,208,756,208
Rv1204c,3327,7505,3548,7656,3548,7654
Rv1205,1336,2258,1389,2300,1385,2300
Rv1206,3317,4162,3528,4216,3528,4216
Rv1207,1632,8240,1708,8799,1708,8791
Rv1208,1729,3835,1831,3925,1831,3921
Rv1209,1169,7493,1217,7652,1217,7648
Rv1210,1273,1673,1351,1696,1351,1694
Rv1211,1358,12875,1391,13037,1389,13032
Rv1212c,2431,4568,2564,4569,2564,4563
Rv1213,2586,2733,2855,2808,2852,2804
Rv1214c,524,536,572,562,570,562
Rv1215c,3047,8232,3226,8251,3224,8249
Rv1216c,1156,708,1252,734,1252,734
Rv1217c,2781,2870,3049,2967,3049,2967
Rv1218c,1473,702,1570,709,1568,709
Rv1219c,1046,784,1108,837,1108,837
Rv1220c,1234,5049,1341,5130,1338,5130
Rv1221,2970,32578,3150,33337,3147,33315
Rv1222,2815,15749,2957,16261,2954,16261
Rv1223,4049,23219,4265,23969,4255,23949
Rv1224,740,1822,759,1823,759,1822
Rv1225c,1794,3297,1901,3392,1899,3388
Rv1226c,2985,2800,3165,2868,3165,2866
Rv1227c,1056,595,1107,579,1101,579
Rv1228,1385,2236,1440,2250,1440,2250
Rv1228a,442,872,433,841,432,841
Rv1229c,3706,14568,3873,14919,3873,14919
Rv1230c,2358,4622,2520,4758,2518,4756
Rv1231c,1028,1433,1089,1489,1089,1489
Rv1232c,3027,6396,3203,6576,3203,6574
Rv1233c,1299,8445,1359,8660,1359,8648
Rv1234,1383,3378,1451,3461,1451,3459
Rv1235,2756,2894,2981,2946,2979,2944
Rv1236,1486,1302,1666,1331,1666,1329
Rv1237,1352,2310,1350,2368,1350,2368
Rv1238,2269,2451,2406,2485,2406,2483
Rv1239c,2314,2426,2528,2452,2528,2452
Rv1240,2025,12842,2196,13102,2190,13098
Rv1241,386,924,409,893,409,893
Rv1242,606,255,633,247,633,247
Rv1243c,2391,1386,2568,1424,2562,1424
Rv1244,1582,3262,1712,3345,1712,3341
Rv1245c,1955,4423,2010,4417,2010,4413
Rv1246c,308,255,300,245,300,245
Rv1247c,417,813,411,793,411,793
Rv1248c,7552,18024,8247,18555,8243,18529
Rv1249c,1605,4382,1815,4501,1815,4501
Rv1250,3394,2006,3714,2037,3714,2037
Rv1251c,5959,3199,6498,3244,6495,3238
Rv1252c,1001,1128,1061,1156,1059,1156
Rv1253,3319,5749,3571,5917,3567,5915
Rv1254,1640,1625,1767,1634,1766,1632
Rv1255c,859,826,891,820,891,820
Rv1256c,2120,1314,2305,1346,2305,1346
Rv1257c,2618,6754,2810,6948,2809,6946
Rv1258c,2121,1591,2283,1621,2281,1621
Rv1259,1506,1847,1619,1934,1619,1932
Rv1260,1994,2192,2195,2261,2195,2261
Rv1261c,824,493,876,503,876,503
Rv1262c,592,504,612,527,612,525
Rv1263,2180,1346,2341,1381,2341,1381
Rv1264,2298,7587,2473,7722,2473,7714
RVnc0013,655,4314,613,4064,613,4064
Rv1265,2993,5364,3192,5706,3188,5702
Rv1266c,3493,7225,3725,7370,3723,7360
Rv1267c,2431,1607,2659,1639,2659,1639
Rv1268c,1465,370,1623,392,1623,392
Rv1269c,790,673,853,680,851,680
Rv1270c,1472,1698,1595,1734,1595,1734
Rv1271c,584,1015,659,1081,659,1081
Rv1272c,3138,2483,3436,2539,3436,2539
Rv1273c,3130,1692,3452,1742,3452,1742
Rv1274,1310,10278,1410,10641,1410,10635
Rv1275,1103,3409,1165,3477,1165,3471
Rv1276c,931,651,1035,691,1035,691
Rv1277,2342,2328,2521,2407,2521,2405
Rv1278,4663,7255,5017,7411,5017,7407
Rv1279,2682,4018,2926,4142,2926,4138
Rv1280c,2927,2299,3204,2318,3204,2316
Rv1281c,3241,4321,3515,4402,3515,4400
Rv1282c,1782,1494,1886,1510,1884,1510
Rv1283c,1741,2342,1865,2389,1865,2387
Rv1284,1223,1612,1318,1666,1318,1660
Rv1285,2414,5052,2566,5189,2566,5185
Rv1286,3728,3985,4021,4034,4017,4034
Rv1287,1030,2258,1103,2282,1101,2278
Rv1288,2594,629,2827,642,2822,642
Rv1289,1635,4041,1720,4083,1720,4083
Rv1290c,2717,1326,2970,1446,2970,1446
Rv1290A,533,131,515,132,515,132
Rv1291c,739,204,866,261,866,261
Rvnt18,396,74,427,76,427,76
Rv1292,2888,2839,3133,2922,3131,2920
Rv1293,2396,4861,2618,5051,2618,5051
Rv1294,2373,6375,2589,6617,2589,6613
Rv1295,1929,5802,2183,6108,2183,6102
Rv1296,1911,5076,2154,5454,2150,5452
Rv1297,3511,22987,3961,24492,3959,24486
Rv1298,736,3739,792,3719,792,3711
Rv1299,1911,7559,1960,7570,1960,7566
Rv1300,1524,6108,1634,6214,1634,6212
Rv1301,1376,5733,1465,5840,1465,5838
Rv1302,2224,2651,2459,2732,2454,2730
Rv1303,1120,4718,1211,4837,1211,4831
Rv1304,1341,1881,1423,1937,1423,1937
Rv1305,436,1870,405,1867,405,1867
Rv1306,1025,11396,1058,11247,1058,11245
Rv1307,2945,16007,3155,16433,3155,16420
Rv1308,2968,18328,3241,19149,3239,19131
Rv1309,1810,7168,1932,7299,1932,7299
Rv1310,3123,15520,3310,15854,3310,15846
Rv1311,599,8853,600,9010,600,9004
Rv1312,794,4537,770,4348,770,4346
Rv1313c,223,646,252,630,252,630
Rv1314c,1122,485,1218,502,1218,500
Rv1315,2357,14158,2602,14532,2602,14520
RVnc0021,748,6719,372,3616,372,3612
Rvnr01,7511131,4154486,7684806,4271156,7681447,4268917
Rvnr02,10464997,1539873,10775761,1591066,10771056,1590249
Rvnr03,23400,19373,23901,19386,23887,19382
Rv1316c,899,1277,940,1323,940,1323
Rv1317c,3730,5127,3981,5252,3973,5252
Rv1318c,3146,3069,3353,3177,3349,3177
Rv1319c,2654,3476,2915,3619,2913,3615
Rv1320c,2976,3786,3261,3881,3261,3875
Rv1321,1286,2788,1368,2812,1368,2812
Rv1322,622,2058,541,1749,541,1749
Rv1322A,2682,16249,2744,16666,2744,16656
Rv1323,3932,32552,4135,33395,4127,33379
Rv1324,2287,6124,2427,6282,2427,6280
Rv1325c,2145,6928,2337,7199,2337,7195
Rv1326c,5127,5021,5531,5158,5531,5158
Rv1327c,5333,12247,5713,12635,5713,12628
Rv1328,4913,8790,5323,9000,5317,8996
Rv1329c,3594,2472,3871,2539,3865,2537
Rv1330c,2488,1735,2681,1765,2679,1765
Rv1331,818,2392,872,2408,872,2405
Rv1332,1297,2975,1386,3007,1386,3007
Rv1333,3516,5943,3682,6087,3672,6087
Rv1334,724,430,736,429,736,429
Rv1335,498,935,490,906,488,906
Rv1336,2879,6097,3060,6390,3060,6390
Rv1337,1581,4148,1599,4001,1599,4001
Rv1338,1574,1734,1688,1718,1688,1718
Rv1339,1489,7361,1595,7537,1595,7535
Rv1340,1621,8126,1660,8312,1660,8310
Rv1341,1101,3595,1167,3680,1167,3680
Rv1342c,436,500,437,453,437,453
Rv1343c,518,1231,531,1269,527,1267
Rv1344,403,518,399,457,399,457
Rv1345,2610,7748,2835,7984,2835,7980
Rv1346,1846,3892,1982,4008,1980,4006
Rv1347c,1094,509,1132,512,1132,512
Rvnt19,384,102,410,121,408,121
Rv1348,4374,3091,4781,3256,4781,3256
Rv1349,2758,2029,3007,2049,3007,2049
Rv1350,1441,462,1566,468,1566,468
Rv1351,534,205,586,210,586,210
Rv1352,885,2870,973,2920,973,2920
Rv1353c,1396,288,1479,280,1479,278
Rv1354c,2909,1193,3128,1210,3128,1210
Rv1355c,3910,825,4259,847,4255,847
Rv1356c,1666,513,1803,536,1802,536
Rv1357c,2038,660,2249,677,2249,677
Rv1358,6795,513,7514,540,7512,540
Rv1359,1674,447,1796,458,1796,458
Rv1360,1988,3387,2209,3447,2207,3445
Rv1361c,3042,68201,3331,68635,3331,68593
Rv1362c,1130,652,1233,666,1232,666
Rv1363c,1172,2433,1251,2461,1250,2459
RVnc0015,315,750,306,656,306,656
Rv1364c,3693,5902,3903,5105,3902,5101
Rv1365c,955,1517,1073,1559,1073,1559
Rv1366,1619,637,1736,646,1736,646
Rv1366A,334,536,326,516,326,516
Rv1367c,1855,3118,2021,3176,2021,3176
Rv1368,1462,5817,1634,6002,1632,6000
Rv1371,3048,32,3334,32,3332,32
Rv1372,1881,463,2019,432,2018,432
Rv1373,1970,503,2113,496,2113,496
Rv1374c,585,1220,645,1166,645,1164
RVnc0035,0,0,0,0,0,0
Rv1375,2273,26605,2420,28103,2418,28089
Rv1376,2454,4020,2700,4128,2700,4126
Rv1377c,1084,1189,1123,1140,1123,1140
Rv1378c,5091,3862,5339,3926,5339,3924
Rv1379,865,3749,878,3662,878,3662
Rv1380,1412,2327,1508,2368,1508,2366
Rv1381,2174,4680,2339,4757,2339,4751
Rv1382,666,953,697,996,697,996
Rv1383,1972,2542,2101,2572,2101,2572
Rv1384,5637,9791,6203,10042,6201,10037
Rv1385,1467,4757,1588,4995,1588,4995
Rv1386,355,18954,367,19423,367,19419
Rv1387,2843,72319,3076,75325,3076,75281
Rv1388,1253,12941,1333,13181,1329,13178
Rv1389,1382,15052,1416,15769,1416,15760
Rv1390,746,5112,765,5137,765,5125
Rv1391,3019,20161,3216,20726,3216,20715
Rv1392,2882,15057,3085,15528,3083,15522
Rv1393c,2596,1097,2781,1109,2781,1109
Rv1394c,2819,1924,3019,1955,3017,1953
Rv1395,2006,705,2182,716,2180,716
Rv1396c,2920,12733,3054,13058,3054,13054
Rv1397c,1872,5929,1922,6001,1919,6001
Rv1398c,3378,27073,3325,27510,3323,27497
Rv1399c,1456,1021,1610,1085,1610,1083
Rv1400c,1658,3527,1801,3664,1801,3664
Rv1401,1183,3489,1278,3607,1276,3607
Rv1402,3334,3908,3550,3994,3548,3992
Rv1403c,1778,2669,1886,2715,1884,2713
Rv1404,1392,14336,1460,12871,1459,12868
Rv1405c,1541,33318,1685,34539,1685,34525
Rv1406,1815,2099,1970,2130,1970,2126
Rv1407,2664,2669,2808,2708,2806,2706
Rv1408,1465,7937,1490,8092,1490,8092
Rv1409,1816,9657,1912,9822,1912,9818
Rv1410c,3812,33622,4031,34739,4025,34729
Rv1411c,2033,6909,2184,7063,2184,7055
Rv1412,1514,2967,1645,3057,1645,3057
Rv1413,924,1272,1005,1308,1005,1308
Rv1414,616,134,632,138,632,138
Rv1415,3141,15523,3292,15901,3292,15895
Rv1416,1124,6716,1150,6726,1147,6726
Rv1417,750,2114,783,2139,780,2139
Rv1418,1356,2968,1485,3052,1485,3050
Rv1419,1335,4907,1444,5006,1444,5004
Rv1420,4111,6931,4427,7125,4422,7121
Rv1421,1721,3331,1821,3372,1821,3371
Rv1422,1853,5250,2017,5339,2017,5337
Rv1423,2120,9857,2234,10131,2234,10127
Rv1424c,1208,1529,1276,1581,1276,1577
Rv1425,2602,3812,2789,3899,2789,3899
Rv1426c,2130,1676,2276,1736,2276,1736
Rv1427c,2349,2120,2560,2219,2560,2219
Rv1428c,1591,2034,1730,2070,1724,2070
Rv1429,2604,2346,2853,2408,2853,2408
Rv1430,3071,3881,3307,3806,3307,3804
Rv1431,3201,1183,3448,1214,3448,1212
Rv1432,2741,793,2956,775,2952,775
Rv1433,1672,5236,1831,5461,1831,5456
Rv1434,4,40,0,8,0,8
Rv1435c,1554,24027,1651,24895,1650,24893
Rv1436,1893,6818,2022,6976,2022,6966
Rv1437,1860,10064,2010,10446,2006,10432
Rv1438,1460,6996,1597,7176,1593,7172
Rv1439c,1100,403,1228,423,1228,423
Rv1440,626,4455,732,5137,732,5133
Rv1441c,1587,6119,1742,6323,1742,6323
Rv1442,4352,10083,4796,10480,4790,10476
Rv1443c,1170,2797,1278,2977,1278,2977
Rv1444c,773,1609,788,1643,788,1643
Rv1445c,1257,4468,1309,4467,1309,4465
Rv1446c,1617,2912,1709,2994,1709,2992
Rv1447c,2668,4413,2849,4514,2847,4514
Rv1448c,1976,4720,2112,4832,2112,4830
Rv1449c,4814,19893,5167,20435,5165,20425
Rv1450c,4225,2936,4576,3432,4576,3427
Rv1451,2070,10022,2212,10374,2208,10368
Rv1452c,2283,1622,2389,1495,2387,1490
Rv1453,2458,1810,2672,1868,2668,1868
Rv1454c,1645,3101,1778,3175,1778,3175
Rv1455,1222,603,1292,614,1286,614
Rv1456c,1503,1826,1609,1881,1607,1881
Rv1457c,1194,1353,1338,1508,1338,1508
Rv1458c,1627,3926,1738,4068,1738,4068
Rv1459c,2992,7763,3188,7879,3182,7871
Rv1460,4422,16462,4644,17212,4644,17206
Rv1461,12265,20459,13033,21115,13027,21104
Rv1462,6947,20281,7230,20843,7222,20823
Rv1463,2536,6343,2651,6507,2651,6499
Rv1464,4734,14018,4905,14307,4903,14297
Rv1465,1355,3517,1413,3558,1413,3554
Rv1466,1184,11639,1177,12092,1177,12090
Rv1467c,3271,2020,3504,2005,3500,2005
Rv1468c,2139,12114,2293,12913,2289,12909
Rv1469,3198,6036,3482,6216,3482,6214
Rv1470,590,404,608,410,608,410
Rv1471,430,336,451,355,451,355
Rv1472,1514,5826,1588,5838,1588,5838
Rv1473,2791,6797,2990,6658,2989,6658
Rv1473A,391,351,398,355,398,355
Rv1474c,848,1059,903,1075,903,1075
Rv1475c,5342,9715,5874,9981,5870,9977
Rv1476,1257,1855,1409,1902,1409,1902
Rv1477,2902,18806,3165,19338,3165,19322
Rv1478,1560,7360,1679,7520,1677,7520
Rv1479,2439,15407,2570,15054,2570,15048
Rv1480,2039,12937,2130,13102,2130,13100
Rv1481,1878,7034,1976,7358,1976,7350
Rv1482c,1469,351,1602,361,1600,361
Rv1483,1250,7212,1331,7487,1331,7481
Rv1484,1358,14057,1429,14380,1427,14370
Rv1485,1527,1051,1632,1038,1630,1038
Rv1486c,1860,7323,1936,7292,1936,7290
Rv1487,722,3006,729,2972,729,2968
Rv1488,2294,10429,2460,10717,2460,10711
Rv1489,571,1467,585,1446,585,1444
Rv1489A,492,691,556,687,556,687
Rv1490,3674,598,4011,605,4010,605
Rv1491c,1909,3719,2139,3845,2139,3845
Rv1492,5022,4878,5374,5000,5374,4998
Rv1493,4822,4787,5113,4976,5112,4974
Rv1494,474,1462,478,1491,478,1491
Rv1495,311,256,291,249,291,249
Rv1496,1863,3728,1974,3806,1972,3806
Rv1497,3707,21198,3862,21624,3862,21608
Rv1498c,1457,1224,1614,1267,1612,1267
Rv1498A,547,587,601,597,601,597
Rv1499,557,915,580,970,580,970
Rv1500,1898,2613,2016,2697,2016,2697
Rv1501,2051,822,2240,891,2239,891
Rv1502,2794,2178,3075,2268,3065,2268
Rv1503c,2694,712,2986,736,2986,736
Rv1505c,1511,145,1646,149,1646,149
Rv1506c,1049,224,1167,243,1167,243
Rv1507c,1741,446,1940,436,1938,436
Rv1507A,844,1314,913,1355,913,1355
Rv1508c,3540,4233,3862,4347,3862,4347
Rv1508A,417,252,415,251,415,251
Rv1509,1943,597,2177,613,2175,613
Rv1510,2648,2708,2958,2854,2957,2854
Rv1511,1891,3320,2065,3329,2061,3323
Rv1512,1667,3324,1767,3317,1767,3313
Rv1513,1105,2796,1101,2819,1096,2815
Rv1514c,1421,906,1473,932,1473,930
Rv1515c,1450,658,1537,645,1537,645
Rv1516c,1794,1228,1929,1252,1927,1252
Rv1517,1457,735,1615,762,1615,762
Rv1518,1807,321,2006,335,2005,335
Rv1519,475,310,519,320,519,320
Rv1520,2134,1219,2306,1255,2302,1255
Rv1521,3975,5630,4285,5771,4285,5769
Rv1522c,6943,5000,7416,5081,7402,5075
Rv1523,1808,1201,1945,1257,1945,1257
Rv1524,2155,1366,2319,1427,2319,1427
Rv1525,1479,757,1551,768,1551,768
Rv1526c,2105,665,2280,687,2280,687
Rv1527c,11411,8742,12375,8994,12364,8988
Rv1528c,1046,137,1158,139,1158,139
Rv1529,3426,1246,3753,1276,3751,1276
Rv1530,2074,956,2279,994,2277,994
Rv1531,895,1642,948,1654,948,1654
Rv1532c,745,801,766,825,766,825
Rv1533,1758,5353,1876,5497,1876,5493
Rv1534,1151,3041,1269,3000,1269,2996
Rv1535,619,17841,724,19073,723,19061
Rv1536,6497,11211,7244,12011,7238,12005
Rv1537,2258,1256,2529,1309,2529,1309
Rv1538c,1334,3034,1424,3160,1424,3160
Rv1539,2099,6180,2117,6201,2115,6198
Rv1540,2543,2469,2644,2471,2644,2471
Rv1541c,1253,1009,1339,992,1339,992
Rv1542c,865,87,938,85,938,85
Rv1543,1928,1799,2071,1844,2071,1844
Rv1544,1348,1897,1424,1874,1424,1872
Rv1545,233,363,222,334,221,334
Rv1546,696,4370,708,4474,708,4474
Rv1547,6881,15925,7450,16391,7446,16385
Rv1548c,4984,619,5355,630,5355,630
Rv1550,3049,1047,3275,1107,3275,1107
Rv1551,3298,477,3641,492,3641,492
Rv1552,3393,463,3729,472,3727,472
Rv1553,1237,167,1296,166,1296,166
Rv1554,521,13,527,15,527,15
Rv1555,586,165,596,161,596,161
Rv1556,1416,1228,1537,1252,1537,1252
Rv1557,2181,2287,2331,2370,2329,2370
Rv1558,709,2626,745,2693,744,2693
Rv1559,2412,16576,2532,17082,2530,17080
Rv1560,206,286,222,288,216,288
Rv1561,455,351,495,375,495,373
Rv1562c,3115,1128,3348,1158,3348,1158
Rv1563c,3675,1358,3957,1386,3957,1386
Rv1564c,4106,2403,4396,2431,4394,2429
Rv1565c,3757,5600,4034,5786,4034,5786
Rv1566c,1395,5861,1479,6046,1479,6044
Rv1567c,945,542,1042,562,1040,562
Rv1568,2451,3197,2670,3336,2668,3336
Rv1569,1837,8735,1941,9298,1941,9294
Rv1570,834,2516,880,2478,880,2476
Rv1571,935,1046,1030,1073,1028,1073
Rv1573,636,200,730,211,730,211
Rv1574,407,5,425,5,425,5
Rv1575,249,48,225,53,225,53
Rv1576c,2403,1182,2578,1244,2578,1244
Rv1577c,1217,743,1242,766,1242,766
Rv1578c,960,380,1083,388,1083,388
Rv1579c,502,59,522,58,522,58
Rv1580c,303,501,276,498,276,498
Rv1581c,762,736,832,754,832,754
Rv1582c,3032,412,3303,381,3303,381
Rv1583c,1173,1081,607,157,606,157
Rv1584c,380,555,361,541,361,541
Rv1585c,828,573,867,557,867,557
Rv1586c,1966,813,2091,834,2089,834
Rv1587c,210,0,199,0,199,0
Rv1588c,609,482,685,485,685,485
Rv1589,1873,9111,2032,9332,2030,9330
Rv1590,212,4393,211,4388,209,4388
Rv1591,1305,3427,1421,3475,1421,3475
Rv1592c,2601,7223,2855,7506,2855,7504
Rv1593c,1818,3323,1955,3408,1955,3408
Rv1594,3343,52965,3517,53795,3517,53772
Rv1595,4846,101465,5042,104306,5038,104258
Rv1596,2542,43594,2641,43849,2638,43831
Rv1597,1257,2722,1322,2702,1322,2702
Rv1598c,758,4338,772,4448,772,4448
Rv1599,5651,12713,5977,13169,5975,13167
Rv1600,3034,2951,3200,3010,3199,3006
Rv1601,1105,752,1183,753,1183,753
Rv1602,1685,1883,1762,1901,1762,1899
Rv1603,1641,2579,1725,2694,1725,2692
Rv1604,2016,2012,2092,2040,2090,2040
Rv1605,2189,2526,2279,2577,2275,2577
Rv1606,746,494,786,516,786,516
Rv1607,2159,4653,2314,4745,2313,4743
Rv1608c,1022,1485,1104,1486,1103,1486
Rv1609,2717,7474,2994,7740,2994,7732
Rv1610,1439,5134,1537,5206,1537,5204
Rv1611,1837,29678,2013,30808,2009,30796
Rv1612,1754,5179,1901,5250,1899,5250
Rv1613,1450,11989,1549,12423,1549,12423
Rv1614,2991,15527,3261,15888,3261,15882
Rv1615,962,3542,1011,3519,1011,3517
Rv1616,742,957,756,964,756,964
Rv1617,3096,11491,3370,11991,3366,11985
Rv1618,1771,3942,1906,4117,1904,4111
Rv1619,2684,2841,2866,2928,2862,2926
Rv1620c,2850,2427,3051,2519,3047,2519
Rv1621c,2873,3685,3036,3696,3036,3694
Rv1622c,2033,1676,2218,1721,2218,1721
Rv1623c,3214,3478,3386,3570,3386,3568
Rv1624c,1368,708,1453,726,1451,726
Rv1625c,2730,4713,2979,4905,2978,4903
Rvnt20,223,10,213,7,213,7
Rv1626,1011,3255,1061,3333,1061,3331
Rv1627c,2003,9603,2156,9780,2156,9774
Rv1628c,976,2618,1025,2684,1025,2684
Rv1629,5991,10441,6491,10925,6487,10923
Rv1630,3032,33298,3251,34196,3251,34166
Rv1631,2218,9667,2398,9931,2398,9925
Rv1632c,968,1722,1077,1824,1077,1818
Rv1633,4863,11824,5281,12154,5279,12150
Rv1634,3132,7892,3357,8060,3357,8060
Rv1635c,3215,3053,3538,3112,3538,3110
Rv1636,1110,6543,1193,6555,1193,6551
Rv1637c,1349,4418,1417,4429,1417,4429
Rv1638,6070,13836,6524,14127,6520,14121
Rv1638A,340,715,322,718,322,718
Rv1639c,3327,25076,3556,25684,3556,25676
Rv1640c,8959,15359,9759,16315,9755,16312
Rv1641,1318,10708,1378,11302,1377,11292
Rv1642,302,652,309,730,309,730
Rv1643,688,5107,699,5184,696,5182
Rv1644,1150,7438,1180,7344,1180,7338
Rv1645c,1748,1318,1892,1328,1892,1328
Rv1646,2333,18806,2479,19543,2477,19531
Rv1647,1634,4563,1676,4686,1676,4686
Rv1648,1679,3751,1821,3809,1819,3805
Rv1649,1763,3195,2041,3861,2040,3859
Rv1650,4586,9830,4869,9903,4869,9893
Rv1651c,4930,13330,5248,13954,5248,13946
Rv1652,1744,4406,1956,4496,1956,4496
Rv1653,1730,4191,1858,4253,1858,4249
Rv1654,1247,4245,1315,4277,1315,4275
Rv1655,1802,2259,1917,2323,1917,2323
Rv1656,1260,3308,1371,3464,1371,3462
Rv1657,651,1837,681,1817,681,1817
Rv1658,1845,6251,1979,6397,1979,6395
Rv1659,2526,4582,2650,4712,2648,4712
Rv1660,1995,5223,2108,5305,2108,5303
Rv1661,12212,14515,13300,14764,13295,14757
Rv1662,8975,6880,9738,7056,9738,7054
Rv1663,2672,986,2905,1004,2905,1002
Rv1664,6123,2047,6688,2149,6684,2149
Rv1665,2135,3073,2326,3163,2319,3163
Rv1666c,1735,1630,1866,1678,1866,1678
Rv1667c,3197,2780,3527,2824,3527,2822
Rv1669,744,90,812,101,812,101
Rv1670,615,423,639,424,638,424
Rv1671,648,149,652,145,652,145
Rv1672c,2293,3207,2520,3617,2518,3609
Rv1673c,1667,153,1795,154,1788,154
Rv1674c,1312,385,1443,388,1443,388
Rv1675c,1378,276,1529,285,1529,285
Rv1676,1194,4355,1282,4449,1282,4449
Rv1677,947,1520,990,1526,990,1526
Rv1678,1575,4691,1678,4793,1678,4789
Rv1679,1862,2997,2002,3051,2002,3049
Rv1680,1321,1344,1439,1364,1439,1364
Rv1681,1683,2385,1892,2470,1892,2462
Rv1682,1756,1428,1920,1494,1920,1490
Rv1683,5674,12961,6163,13383,6163,13379
Rv1684,112,265,90,243,90,242
Rv1685c,891,297,940,294,940,292
Rv1686c,954,476,998,451,998,449
Rv1687c,1290,573,1411,591,1411,591
Rv1688,993,489,1056,516,1056,516
Rv1689,2306,4201,2451,4319,2445,4317
RVnc0010,750,390,788,399,788,397
Rv1690,767,3042,839,3079,839,3079
Rv1691,1057,2586,1114,2584,1112,2584
Rv1692,1507,2544,1637,2595,1634,2591
Rv1693,127,749,107,691,107,691
Rv1694,1520,4326,1660,4459,1660,4457
Rv1695,1439,3584,1485,3623,1485,3621
Rv1696,3085,5136,3379,5320,3377,5316
Rv1697,1920,13676,2047,13964,2045,13956
Rv1698,1836,6001,1958,6284,1956,6282
Rv1699,4218,11002,4587,11275,4587,11271
Rv1700,991,2608,1044,2658,1042,2658
Rv1701,1744,4285,1858,4372,1858,4372
Rv1702c,2884,1790,3187,1821,3186,1821
Rv1703c,1500,8455,1585,8456,1585,8455
Rv1704c,2816,2413,3067,2398,3067,2394
Rv1705c,1688,1553,1786,1607,1786,1607
Rv1706c,1942,2003,2130,2073,2128,2073
Rv1706A,497,33,585,33,585,33
Rv1707,3203,4742,3512,4852,3508,4852
Rv1708,1583,3164,1683,3209,1683,3203
Rv1709,1202,794,1302,811,1302,811
Rv1710,1099,2401,1171,2452,1169,2452
Rv1711,1097,2714,1184,2732,1184,2732
Rv1712,1027,3695,1084,3786,1082,3780
Rv1713,2754,8924,3036,9190,3036,9190
Rv1714,1167,1259,1225,1262,1225,1260
Rv1715,1395,240,1484,241,1482,241
Rv1716,1454,239,1588,234,1588,234
Rv1717,468,183,489,173,489,173
Rv1718,1315,804,1391,813,1391,813
Rv1719,1550,936,1677,958,1677,958
Rvnt21,400,159,468,170,468,170
Rv1720c,737,143,811,139,811,133
Rv1721c,414,295,443,294,443,294
Rv1722,2814,2173,3064,2185,3064,2185
Rv1723,2312,1047,2476,1044,2476,1042
Rv1724c,786,61,805,53,805,53
Rv1725c,1379,742,1438,754,1438,754
Rv1726,1865,1532,1990,1599,1987,1599
RVnc0047,0,0,0,0,0,0
Rv1727,1001,208,1082,209,1080,209
Rv1728c,1186,1143,1280,1165,1280,1165
Rv1729c,1640,637,1779,656,1776,656
Rv1730c,3173,684,3466,703,3463,703
Rv1731,2902,3716,3179,3796,3179,3794
Rv1732c,1072,1602,1111,1534,1107,1534
Rv1733c,1346,13069,1508,13420,1505,13416
RVnc0036,1863,4141,1266,2328,1266,2328
Rv1734c,431,1493,467,1418,467,1417
Rv1735c,1044,174,1144,186,1144,186
Rv1735a,679,588,720,547,720,547
Rv1736c,3471,39311,3733,40113,3733,40111
Rv1737c,2118,33000,2317,34073,2315,34061
Rv1738,598,50997,660,52556,660,52544
Rv1739c,3123,7649,3262,5876,3262,5872
Rv1740,236,594,238,599,238,597
Rv1741,256,653,244,622,244,622
Rv1742,1308,851,1414,858,1412,858
Rv1743,3679,8888,4022,9142,4022,9140
Rv1744c,784,998,854,1006,854,1006
Rv1745c,1095,1567,1194,1618,1194,1616
Rv1746,2788,2765,3062,2809,3062,2807
Rv1747,5573,12028,6050,12387,6049,12381
Rv1748,1562,1065,1744,1154,1744,1154
Rv1749c,1129,2380,1190,2446,1190,2444
Rv1750c,3140,726,3401,732,3401,732
Rv1751,2707,14281,2960,14697,2960,14695
Rv1752,826,466,899,489,899,489
Rv1753c,5731,1812,6315,1844,6313,1842
Rv1754c,3487,2277,3814,2376,3813,2376
Rv1758,1025,271,1123,289,1123,289
Rv1759c,3156,4109,3337,4229,3335,4221
Rv1760,3125,3999,3385,4101,3385,4099
Rv1761c,582,181,604,182,604,182
Rv1762c,1426,582,1576,613,1576,613
Rv1765c,343,269,541,467,541,467
Rv1766,720,954,781,961,778,961
Rv1767,759,675,814,679,814,679
Rv1768,3043,25121,3314,25577,3310,25568
Rv1769,2433,7374,2667,7639,2665,7639
Rv1770,2734,14161,2909,14753,2905,14747
Rv1771,2800,4895,3013,4972,3013,4971
Rv1772,1138,4067,1191,4139,1191,4135
Rv1773c,1747,2058,1878,2060,1878,2060
Rv1774,2413,1157,2570,1184,2570,1184
Rv1775,1213,1805,1298,1898,1296,1898
Rv1776c,1029,623,1094,631,1093,625
Rv1777,2602,346,2872,358,2872,356
Rv1778c,1115,2248,1237,2316,1237,2316
Rv1779c,4077,27056,4464,28100,4456,28096
Rv1780,1382,2398,1466,2453,1466,2453
Rv1781c,4731,3334,5146,3424,5134,3422
Rv1782,4265,26544,4567,27321,4565,27309
Rv1783,9816,46798,10444,47966,10442,47947
Rv1785c,2220,794,2440,837,2440,837
Rv1786,644,504,750,530,750,530
Rv1787,1319,2141,1493,2237,1493,2237
Rv1788,417,456,426,476,426,476
Rv1789,3372,32467,3623,33059,3621,33049
Rv1790,1326,1020,1539,1069,1537,1067
Rv1791,833,2528,934,2630,934,2630
Rv1792,709,2115,751,2182,750,2182
Rv1793,652,3889,595,3953,594,3953
Rv1794,2212,9761,2521,10220,2519,10220
Rv1795,3412,17603,3642,18177,3642,18171
Rv1796,3334,20653,3596,21075,3596,21071
Rv1797,3694,29779,3939,30558,3937,30538
Rv1798,4025,6598,4349,6773,4349,6769
Rv1799,584,955,611,960,611,960
Rv1800,4632,2746,4996,2830,4995,2830
Rv1801,2293,473,2523,484,2523,484
Rv1802,2679,557,2908,561,2906,561
Rv1803c,4073,8874,4408,8940,4406,8938
Rv1804c,868,193,957,202,957,202
Rv1805c,5515,135492,5697,139224,5692,139168
Rv1806,599,167,668,169,668,169
Rv1808,2446,5611,2694,5798,2692,5794
Rv1809,2811,4718,3012,4891,3012,4887
Rv1810,1033,980,1164,1014,1164,1010
Rv1811,1254,2572,1342,2631,1340,2629
Rv1812c,2401,8563,2609,9124,2604,9118
Rv1813c,1191,17007,1289,18369,1289,18366
Rv1814,2368,1565,2543,1596,2543,1596
Rv1815,1456,8231,1567,8398,1565,8398
Rv1816,1498,1833,1591,1846,1587,1846
Rv1817,3093,1844,3366,1952,3366,1952
Rv1818c,3364,30880,3525,32432,3525,32420
Rv1819c,4051,2440,4406,2517,4404,2517
Rv1820,3505,6914,3759,7101,3759,7097
Rv1821,5435,17650,5888,18206,5884,18198
Rv1822,1091,826,1197,851,1197,851
Rv1823,1411,2149,1500,2092,1500,2092
Rv1824,566,2260,590,2294,590,2294
Rv1825,1525,2111,1618,2139,1618,2139
Rv1826,952,4699,1063,4897,1063,4897
Rv1827,3113,28707,3236,29515,3234,29505
Rv1828,1630,5467,1673,5243,1672,5240
Rv1829,1153,4702,1318,5059,1318,5057
Rv1830,1320,12424,1417,12763,1417,12763
Rv1831,2573,4661,2565,4648,2563,4646
Rv1832,6752,12213,7255,12615,7249,12609
Rv1833c,2006,2313,2152,2395,2152,2395
Rv1834,1293,960,1356,1005,1354,1005
Rv1835c,3736,2926,4023,3004,4023,3002
Rv1836c,4058,14807,4291,15152,4285,15150
Rv1837c,5271,19209,5686,20366,5684,20358
Rv1838c,914,1155,972,1189,971,1189
Rv1839c,322,695,330,700,330,700
Rv1840c,2513,4690,2666,4782,2666,4782
Rv1841c,2284,4800,2461,4941,2461,4937
Rv1842c,2832,5228,3053,5376,3053,5372
Rv1843c,4009,16417,4236,16735,4232,16733
Rv1844c,2763,6062,2969,6221,2967,6213
Rv1845c,2850,8626,2894,8705,2894,8701
Rv1846c,1511,7578,1583,7724,1583,7724
Rv1847,710,2699,750,2814,750,2812
Rv1848,389,747,400,758,400,758
Rv1849,355,130,340,115,340,115
Rv1850,2884,2585,3093,2653,3093,2653
Rv1851,1024,591,1069,601,1068,599
Rv1852,1083,611,1120,584,1120,584
Rv1853,1018,917,1083,917,1083,913
Rv1854c,3419,15875,3666,16130,3666,16118
Rv1855c,2503,4862,2682,4955,2682,4953
Rv1856c,1329,12375,1366,10753,1366,10751
Rv1857,1428,4953,1563,5067,1561,5067
Rv1858,1197,1360,1320,1379,1319,1379
Rv1859,1940,3207,2100,3287,2094,3287
Rv1860,1522,11306,1615,11292,1615,11290
Rv1861,608,1318,667,1294,659,1294
Rv1862,2488,6784,2628,6858,2628,6856
Rv1863c,1624,9734,1702,9908,1702,9902
Rv1864c,1227,1270,1297,1287,1297,1287
Rv1865c,1421,1142,1574,1187,1574,1187
Rv1866,4526,1925,4968,1996,4962,1994
Rv1867,2865,1522,3155,1556,3155,1556
Rv1868,3968,4941,4264,5042,4262,5040
Rv1869c,2750,5864,2939,5978,2939,5976
Rv1870c,1309,3244,1401,3270,1401,3268
Rv1871c,1810,47095,1850,47590,1850,47562
Rv1872c,5383,156351,5606,159736,5604,159676
Rv1873,730,118,729,118,729,118
Rv1874,1243,510,1326,517,1326,517
Rv1875,930,1511,1021,1562,1019,1562
Rv1876,1039,436,1131,446,1131,446
Rv1877,4147,5157,4466,5240,4462,5239
Rv1878,2482,2743,2647,2793,2645,2793
Rv1879,2065,2097,2197,2176,2195,2172
Rv1880c,3246,6618,3444,6754,3439,6754
Rv1881c,1015,806,1064,849,1064,849
Rv1882c,1716,1600,1855,1597,1855,1597
Rv1883c,961,6261,1053,6424,1051,6424
Rv1884c,912,3285,966,3316,964,3316
Rv1885c,1017,2381,1084,2195,1084,2195
Rv1886c,1504,12640,1649,12770,1649,12762
Rv1887,2364,23142,2542,23755,2538,23736
Rv1887a,1399,1440,1500,1458,1500,1458
Rv1888A,1138,321,1218,326,1218,326
Rv1890c,589,469,672,502,672,500
RVnc0001,0,0,0,0,0,0
Rv1891,907,8721,944,8913,941,8909
Rv1892,466,292,458,271,458,271
Rv1893,268,499,257,494,257,494
Rv1894c,3462,4752,3669,4741,3668,4741
Rv1895,1826,704,2026,739,2026,739
Rv1896c,1142,622,1225,628,1225,628
Rv1897c,693,492,720,490,720,490
Rv1898,863,3845,889,3899,887,3899
Rv1899c,3130,35086,3211,35951,3211,35943
Rv1900c,2946,8688,3192,8965,3192,8965
Rv1901,2246,9423,2411,9672,2411,9662
Rv1902c,2681,1548,2868,1594,2868,1592
Rv1903,1014,318,1118,329,1118,329
Rv1904,1099,10116,1220,10431,1220,10423
Rv1905c,1731,3865,1781,3765,1775,3759
Rv1906c,1076,1746,1160,1737,1160,1735
Rv1907c,1081,1439,1131,1380,1131,1380
Rv1908c,6013,16913,6336,17379,6330,17367
Rv1909c,1174,911,1225,919,1225,919
Rv1910c,1129,427,1226,429,1226,429
Rv1911c,1360,4421,1483,4726,1481,4722
Rv1912c,2230,1431,2388,1454,2388,1454
Rv1913,1297,808,1373,824,1373,824
Rv1914c,741,1100,776,1112,776,1111
Rv1915,2609,5591,2878,5738,2878,5736
Rv1916,2617,2638,2841,2674,2841,2668
Rv1917c,12254,880,13931,981,13931,981
Rv1918c,7518,5585,8148,5569,8146,5565
Rv1919c,1045,6795,1157,7084,1155,7082
Rv1920,1688,1823,1794,1869,1794,1869
Rv1921c,2537,1605,2748,1650,2747,1650
Rv1922,2198,1186,2388,1178,2388,1178
Rv1923,2285,5137,2488,5260,2488,5260
Rv1924c,881,1256,952,1246,952,1246
Rv1925,8834,36461,9212,37757,9204,37741
Rv1926c,1150,3069,1258,3156,1258,3156
Rv1927,1511,888,1621,894,1621,894
Rv1928c,1492,344,1544,347,1542,347
Rv1929c,980,976,1010,998,1010,998
Rv1930c,816,130,860,141,860,141
Rv1931c,1517,633,1582,561,1582,561
Rv1932,924,1371,970,1433,970,1433
Rv1933c,1920,2347,1971,2284,1971,2282
Rv1934c,1966,295,2136,286,2136,286
Rv1935c,1659,304,1857,312,1857,312
Rv1936,2378,531,2542,535,2540,533
Rv1937,4456,1150,4788,1187,4788,1187
Rv1938,1774,405,1926,419,1926,419
Rv1939,781,518,795,534,794,534
Rv1940,1681,874,1844,905,1844,905
Rv1941,1638,1706,1779,1675,1779,1675
Rv1942c,753,1418,837,1335,837,1331
Rv1943c,439,490,480,500,480,500
Rv1944c,872,516,938,540,938,540
Rv1945,1986,419,2179,435,2179,435
Rv1946c,1068,352,1168,358,1168,358
Rv1947,824,384,900,396,899,392
Rv1948c,1048,84,1187,91,1187,91
Rv1950c,379,334,404,330,402,330
Rv1951c,507,1244,576,1298,575,1298
Rv1952,424,638,450,635,450,635
Rv1953,344,206,345,194,345,194
Rv1954c,2423,1116,2582,1159,2578,1159
Rv1955,809,116,851,111,850,111
Rv1956,676,194,716,202,715,202
Rv1957,779,57,803,59,803,59
Rv1958c,883,509,915,510,915,510
Rv1959c,385,374,378,372,378,372
Rv1960c,203,676,183,556,183,556
Rv1961,871,1069,952,1095,952,1095
Rv1962c,742,680,800,695,800,695
Rv1962A,326,219,335,210,335,208
Rv1963c,2066,1675,2255,1709,2253,1709
Rv1964,1525,598,1631,597,1631,597
Rv1965,1113,449,1175,450,1175,450
Rv1966,1962,311,2145,321,2145,321
Rv1967,1635,285,1730,294,1728,294
Rv1968,2021,252,2165,260,2165,260
Rv1969,1848,287,1971,294,1971,294
Rv1970,1759,366,1889,373,1887,373
Rv1971,2166,210,2366,220,2362,220
Rv1972,961,313,1025,311,1025,311
Rv1973,706,252,666,209,666,209
Rv1974,587,79,611,81,611,81
Rv1975,1344,532,1444,543,1444,543
Rv1976c,919,1644,984,1595,984,1595
Rv1977,2499,4376,2741,4486,2741,4474
Rv1978,1741,1385,1858,1432,1856,1430
Rv1979c,3389,2088,3670,2145,3670,2143
Rv1980c,1644,8449,1816,8949,1814,8949
Rv1981c,2551,1591,2822,1652,2817,1650
Rv1982c,678,263,742,258,741,258
Rv1982A,495,128,527,134,527,134
Rv1983,3755,8776,4109,9925,4107,9919
Rv1984c,1314,1804,1443,1803,1443,1803
RV1984a,632,671,623,628,623,628
Rv1985c,1912,956,2090,975,2090,973
Rv1986,1179,972,1334,1006,1334,1006
Rv1987,1353,1837,1494,1883,1492,1883
Rv1988,1722,3951,1886,4050,1886,4046
Rv1989c,1168,766,1302,782,1302,782
Rv1990c,661,496,723,499,723,499
Rv1991c,608,180,673,190,673,190
Rv1991A,558,216,548,216,548,216
Rv1992c,5070,3380,5542,3447,5542,3445
Rv1993c,521,686,524,691,522,691
Rv1994c,1075,858,1148,875,1148,875
Rv1995,1673,396,1825,408,1825,408
Rv1996,2072,26015,2242,26849,2242,26840
Rv1997,4922,12846,5450,13319,5444,13312
Rv1998c,1483,893,1589,899,1589,899
Rv1999c,2282,302,2427,289,2427,289
Rv2000,3122,523,3477,532,3477,532
Rv2001,1225,266,1331,272,1331,272
Rv2002,1617,893,1696,903,1692,903
Rv2003c,1492,2023,1643,2099,1643,2099
Rv2004c,3345,12164,3528,12474,3528,12470
Rv2005c,2072,38199,2226,39155,2226,39139
Rv2006,8119,11316,8791,11666,8787,11661
Rv2007c,1084,24342,1207,24777,1207,24768
Rv2008c,2544,403,2776,415,2776,415
Rv2009,343,646,349,624,349,624
Rv2010,873,2647,957,2781,957,2781
Rv2011c,742,383,846,410,846,410
Rv2012,1106,143,1173,145,1173,145
Rv2015c,824,477,986,539,986,539
Rv2016,1001,448,1123,480,1122,480
Rv2017,1903,848,2058,866,2058,866
Rv2018,1612,1900,1784,1952,1780,1950
Rv2019,696,214,760,216,760,216
Rv2021c,694,1389,753,1423,751,1419
Rv2022c,1123,1003,1173,1023,1171,1023
Rv2023c,714,523,770,548,770,548
Rv2023A,756,106,793,108,793,108
Rv2024c,3096,6938,3375,7145,3375,7143
Rv2025c,2175,700,2404,723,2404,723
Rv2026c,1735,663,1906,668,1906,668
Rv2027c,3144,1723,3356,1761,3356,1761
Rv2028c,1220,7069,1211,7153,1211,7152
Rv2029c,1862,8280,2003,8446,2001,8444
Rv2030c,3846,78329,4145,79315,4145,79277
Rv2031c,786,36343,884,37886,884,37875
Rv2032,1976,24112,2161,24750,2159,24742
Rv2033c,1577,9563,1722,10125,1718,10119
Rv2034,698,430,768,434,766,434
Rv2035,729,403,752,403,752,403
Rv2036,823,571,874,539,874,539
Rv2037c,1739,1451,1853,1508,1853,1508
Rv2038c,1803,235,1954,230,1952,230
Rv2039c,1448,195,1547,192,1547,192
Rv2040c,1719,155,1818,167,1816,167
Rv2041c,2441,803,2613,814,2613,810
Rv2042c,1495,1843,1591,1828,1591,1828
Rv2043c,999,1793,1042,1769,1040,1769
Rv2044c,530,292,551,295,551,295
Rv2045c,3015,3286,3208,3337,3200,3337
Rv2046,997,1532,1058,1565,1058,1563
Rv2047c,4537,7323,4936,7637,4932,7631
Rv2048c,18546,49805,20587,52245,20579,52219
RVnc0003,0,0,0,0,0,0
Rv2049c,659,3785,742,4122,742,4122
Rv2050,732,3936,779,3913,779,3913
Rv2051c,6947,16837,7489,17543,7489,17527
Rv2052c,4731,10901,4967,11192,4967,11188
Rv2053c,2183,10228,2269,10511,2269,10511
Rv2054,1386,764,1506,827,1504,823
Rv2055c,455,826,484,835,484,835
Rv2056c,326,149,342,121,342,121
Rv2057c,49,7,32,6,32,6
Rv2058c,260,91,297,111,297,111
Rv2059,1937,2151,2151,2191,2150,2191
Rv2060,0,0,0,0,0,0
Rv2061c,404,983,427,1001,427,1001
Rv2062c,5780,10747,6324,11343,6318,11343
Rv2063,359,208,366,208,366,208
Rv2063A,579,300,601,308,601,308
Rv2064,1848,5588,1885,5441,1885,5440
Rv2065,978,2747,1021,2725,1021,2725
Rv2066,2526,7017,2680,7297,2680,7295
Rv2067c,2423,1150,2563,1162,2559,1162
Rv2068c,1677,6371,1802,6549,1798,6547
Rv2069,942,1677,1019,1729,1019,1729
Rv2070c,1124,853,1165,850,1165,850
Rv2071c,1213,229,1294,229,1294,229
Rv2072c,2132,1977,2273,2024,2273,2024
Rv2073c,1279,1868,1400,1906,1400,1906
Rv2074,851,5589,881,5849,881,5845
Rv2075c,2780,5658,2988,5693,2988,5689
Rv2076c,643,275,692,273,692,273
Rv2077c,3093,12397,3227,12739,3223,12731
Rv2077A,562,432,646,440,645,440
Rv2078,594,277,672,274,672,274
Rv2079,3939,1497,4248,1513,4246,1513
Rv2080,1510,6304,1645,6445,1645,6437
Rv2081c,961,3331,1120,3492,1120,3492
Rv2082,3938,7579,4293,7758,4293,7758
Rv2083,1402,5301,1518,5507,1516,5505
Rv2084,1911,3134,2078,3200,2077,3198
Rv2085,337,839,350,888,350,886
Rv2086,1166,162,1267,164,1267,164
Rv2088,3472,3232,3755,3323,3753,3315
Rv2089c,1845,428,2027,454,2026,454
Rv2090,1628,3366,1822,3375,1822,3374
Rv2091c,1748,5765,1784,5855,1778,5855
Rv2092c,5440,13180,5847,13522,5847,13514
Rv2093c,1936,4073,2005,4171,2005,4171
Rv2094c,653,12191,658,12369,658,12358
Rv2095c,1752,3766,1804,3864,1800,3862
Rv2096c,2204,5124,2366,5344,2358,5344
Rv2097c,3278,6464,3455,6605,3453,6601
Rv2098c,2082,1336,2145,1307,2145,1307
Rv2099c,340,529,369,526,369,526
Rv2100,3668,7041,4051,7205,4051,7205
Rv2101,5395,26256,5843,26948,5843,26942
Rv2102,1237,5730,1331,5770,1331,5767
Rv2103c,668,856,686,858,686,858
Rv2104c,310,1473,291,1505,291,1505
Rv2104a,452,164,497,179,497,179
Rv2107,880,57,984,60,983,60
Rv2108,1757,313,1916,335,1914,335
Rv2109c,2038,5705,2202,5818,2202,5812
Rv2110c,2702,14679,2850,15170,2849,15162
Rv2111c,602,5104,618,5425,618,5425
Rv2112c,3116,7574,3408,7735,3408,7729
Rv2113,2168,3459,2322,3539,2322,3539
Rv2114,1253,2971,1306,2989,1306,2989
Rv2115c,4803,17839,5130,18396,5125,18389
Rv2116,839,1101,894,1143,894,1141
Rv2117,382,187,384,182,384,182
Rv2118c,1323,2579,1444,2635,1444,2635
Rv2119,1516,1456,1610,1488,1610,1488
Rv2120c,805,3990,833,3967,833,3967
Rv2121c,1372,1271,1455,1336,1455,1336
Rv2122c,462,244,482,227,482,227
Rv2123,2273,444,2462,471,2460,471
Rv2124c,7306,30799,7932,31687,7928,31667
Rv2125,1863,6694,2025,6839,2021,6837
Rv2126c,1249,1695,1293,1725,1293,1725
Rv2127,3259,9156,3580,9449,3572,9437
Rv2128,271,718,262,717,262,715
Rv2129c,1515,3440,1657,3536,1657,3536
Rv2130c,2197,5271,2363,5277,2363,5277
Rv2131c,3111,8735,3147,8584,3147,8576
Rv2132,532,1244,645,1401,645,1401
Rv2133c,1946,3170,2081,3265,2079,3265
Rv2134c,2428,10125,2533,10322,2533,10318
Rv2135c,1309,2558,1365,2641,1363,2641
Rv2136c,1636,2602,1756,2627,1756,2624
Rv2137c,3886,40551,3959,41622,3959,41602
Rv2138,2218,4519,2358,4644,2358,4638
Rv2139,2483,4138,2672,4297,2670,4297
Rv2140c,997,1768,1046,1810,1046,1810
Rv2141c,2628,4660,2909,4897,2909,4895
Rvnt22,342,63,387,67,387,67
Rv2142c,518,234,531,190,531,190
Rv2142A,587,6752,642,6878,642,6874
Rv2143,2324,3487,2651,3682,2651,3678
Rv2144c,955,16361,1011,16788,1011,16774
Rv2145c,2255,15809,2427,16191,2427,16185
Rv2146c,680,2353,753,2460,753,2460
Rv2147c,1720,11631,1871,12008,1871,12001
Rv2148c,1308,2007,1398,2073,1396,2073
Rv2149c,2043,8322,2169,8592,2168,8588
Rv2150c,2877,21981,3096,23124,3087,23111
Rv2151c,2043,5682,2204,5884,2204,5880
Rv2152c,2973,8131,3113,8138,3113,8136
Rv2153c,2681,13172,2840,13479,2840,13477
Rv2154c,3237,10713,3437,10869,3437,10869
Rv2155c,3064,14002,3190,14414,3187,14412
Rv2156c,2207,6495,2340,6616,2340,6614
Rv2157c,3620,15641,3806,15883,3806,15871
Rv2158c,5012,37026,5122,37347,5119,37331
Rv2159c,4911,17659,5020,17344,5014,17340
Rv2160c,4540,20405,4603,20731,4598,20717
Rv2161c,14189,162998,14697,169236,14691,169143
Rv2162c,5956,132274,6127,136790,6127,136727
Rv2163c,3990,9651,4331,9637,4321,9635
Rv2164c,2083,7678,2218,7971,2218,7967
Rv2165c,2491,8870,2616,9090,2616,9088
Rv2166c,885,8306,972,8437,972,8435
Rv2169c,1643,5814,1772,5967,1772,5959
Rv2170,1314,1076,1437,1121,1437,1119
Rv2171,1259,2211,1352,2140,1352,2136
Rv2172c,1613,10728,1803,11172,1801,11172
Rv2173,1962,4768,2126,4723,2126,4719
Rv2174,2602,3983,2830,4077,2830,4077
Rv2175c,606,2369,654,2565,654,2563
Rv2176,2433,1610,2691,1658,2691,1658
Rv2177c,949,172,1137,195,1137,195
Rv2178c,2773,11681,3061,12191,3058,12185
Rv2179c,728,610,733,634,733,634
Rv2180c,1632,1403,1742,1414,1742,1412
Rv2181,3004,8899,3203,9047,3202,9041
Rv2182c,1927,14923,1981,15309,1975,15305
Rv2183c,818,3656,831,3610,831,3608
Rv2184c,2512,7041,2673,7107,2673,7107
Rv2185c,1123,2426,1194,2454,1194,2452
Rv2186c,1089,2966,1177,3028,1177,3024
Rv2187,3351,7605,3551,7812,3551,7812
Rv2188c,2698,6074,2839,6127,2839,6113
Rv2189c,1602,1461,1722,1480,1722,1480
Rv2190c,2266,27301,2464,28025,2464,28019
Rv2191,3452,1235,3709,1228,3709,1228
Rv2192c,1965,3881,2174,3950,2174,3950
Rv2193,2472,7915,2599,8069,2593,8069
Rv2194,2424,7229,2514,7211,2514,7211
Rv2195,5602,20002,5734,20100,5734,20088
Rv2196,5110,24466,5521,26529,5521,26517
Rv2197c,1136,7918,1295,8389,1293,8383
Rv2198c,1536,6171,1678,6390,1674,6382
Rv2199c,859,5187,943,5309,943,5303
Rv2200c,2034,16351,2244,16846,2244,16842
Rv2201,3719,3766,4121,3970,4121,3968
Rv2202c,2116,6495,2337,6759,2337,6755
Rv2203,1752,6859,1905,7072,1903,7072
Rv2204c,949,7422,987,7529,987,7523
Rv2205c,2155,3405,2351,3445,2351,3445
Rv2206,1421,3470,1541,3604,1539,3600
Rv2207,2048,7772,2101,7834,2099,7833
Rv2208,1408,5726,1564,6017,1564,6017
Rv2209,2661,3335,2988,3455,2986,3455
Rv2210c,2000,4854,2130,4988,2130,4988
Rv2211c,2048,7085,2207,7309,2201,7307
Rv2212,1988,3423,2123,3534,2123,3534
Rv2213,2733,12587,2966,13244,2966,13234
Rv2214c,3711,13715,4049,14066,4049,14060
Rv2215,4084,22251,4378,23136,4376,23128
Rv2216,1869,6342,1972,6473,1970,6469
Rv2217,2051,6358,2101,6485,2101,6483
Rv2218,2057,3491,2137,3530,2135,3530
Rv2219,1605,12678,1734,12982,1734,12974
Rv2219A,861,2478,930,2524,930,2522
Rv2220,2923,11332,3248,11932,3248,11930
Rv2221c,6739,23022,7271,23939,7269,23931
Rv2222c,2982,8992,3150,9033,3140,9033
Rv2223c,3092,5267,3280,5438,3280,5434
Rv2224c,3794,9065,4093,9461,4093,9459
Rv2224d,598,34,691,36,691,36
Rv2225,1913,12100,2110,12510,2110,12502
Rv2226,2842,8733,3017,8939,3017,8939
Rvns01,85708,82677,88511,85483,88469,85429
Rv2227,1604,763,1718,774,1718,774
Rv2228c,1996,3705,2078,3741,2078,3738
Rv2229c,1109,1833,1201,1860,1199,1857
Rv2230c,2142,5139,2287,5288,2285,5286
Rv2231c,1841,1760,2010,1752,2010,1748
Rv2231A,821,600,871,558,871,558
Rv2231B,33,7,0,0,0,0
Rv2232,1318,2094,1382,2124,1382,2122
Rv2234,787,577,798,579,798,579
Rv2235,1561,2006,1642,2065,1640,2065
Rv2236c,1506,1146,1581,1118,1581,1118
Rv2237,1625,2566,1729,2644,1725,2642
Rv2237A,409,2793,417,2829,417,2829
Rvnt23,23,13,12,7,12,7
Rv2238c,677,2257,710,2262,710,2260
Rv2239c,841,11822,883,11952,883,11944
Rv2240c,1258,3960,1376,4149,1374,4145
Rv2241,6099,16305,6560,16828,6556,16828
Rv2242,2355,4018,2562,4156,2562,4154
Rv2243,2386,29028,2457,29182,2457,29165
RVnc0018,0,0,0,0,0,0
Rv2244,826,10256,849,10413,849,10409
Rv2245,3157,61442,3273,62938,3271,62914
Rv2246,3296,48274,3443,49708,3441,49686
Rv2247,3731,65969,4036,68558,4036,68517
Rv2248,1357,1410,1494,1449,1494,1449
Rv2249c,2766,1875,2952,1920,2951,1914
Rv2250c,1068,726,1143,722,1143,722
Rv2251,2498,7869,2700,8293,2700,8288
Rv2252,1787,2204,1959,2241,1959,2239
Rv2253,940,102,993,86,993,86
Rv2254c,525,69,517,62,517,62
Rv2256a,446,809,504,868,504,866
Rv2256c,1906,14814,2048,15334,2046,15331
Rv2257c,1581,5110,1702,5235,1702,5233
Rv2258c,1808,8762,2007,9179,2006,9171
Rv2259,1989,5802,2208,6079,2208,6069
Rv2260,1073,2888,1131,2931,1129,2923
Rv2261c,2567,4711,2770,4815,2768,4813
Rv2263,1468,1200,1581,1261,1581,1261
Rv2264c,3408,3266,3706,3327,3706,3327
Rv2265,2258,820,2458,856,2458,854
Rv2266,2733,2040,3008,2091,3008,2089
Rv2267c,2905,304,3143,305,3143,305
Rv2268c,2901,1185,3125,1207,3125,1207
Rv2269c,639,236,645,238,645,238
Rv2270,1216,87,1341,82,1341,82
Rv2271,722,296,745,302,745,302
Rv2272,565,752,566,755,566,755
Rv2273,337,107,359,93,359,93
Rv2274c,418,29,428,24,428,24
Rv2274A,1,1,0,0,0,0
Rv2275,1144,379,1202,385,1202,385
Rv2276,2486,262,2743,270,2737,270
Rv2277c,1829,92,2045,98,2044,98
Rv2280,3430,10715,3704,11024,3703,11020
Rv2281,2848,703,3169,717,3169,717
Rv2282c,1650,385,1797,390,1797,390
Rv2283,238,106,224,99,224,99
Rv2284,2605,3942,2748,4014,2746,4012
Rv2285,2350,1445,2550,1465,2550,1463
Rv2286c,1403,1173,1504,1220,1502,1214
Rv2287,2936,1258,3204,1304,3202,1302
Rv2288,384,2032,395,1943,394,1943
Rv2289,1634,1590,1746,1603,1746,1597
Rv2290,1484,2108,1515,2072,1515,2072
Rv2291,1986,8662,2049,8761,2048,8759
Rv2292c,297,203,297,191,296,191
Rv2293c,1466,1822,1647,1894,1645,1888
Rv2294,2587,1323,2804,1335,2802,1335
Rv2295,1765,1915,1934,1999,1934,1998
Rv2296,1746,3324,1933,3420,1933,3418
Rv2297,832,1160,937,1181,937,1177
Rv2298,1974,3180,2108,3228,2108,3224
Rv2299c,3724,7134,4081,7324,4076,7324
Rv2300c,1896,1580,2036,1612,2033,1610
Rv2301,1112,1006,1196,1015,1195,1007
Rv2302,691,2097,707,2114,706,2112
Rv2303c,1507,1330,1624,1324,1624,1324
Rv2304c,456,645,497,674,497,674
Rv2305,2290,1149,2517,1210,2517,1210
Rv2306A,1239,569,1341,585,1341,585
Rv2307c,1467,1470,1704,1517,1704,1513
Rv2307A,712,148,782,147,782,147
Rv2307B,864,255,906,252,906,252
Rv2307D,432,513,479,526,479,526
Rv2308,1534,461,1734,481,1734,481
Rv2308a,575,216,617,226,614,226
Rvnt24,447,292,520,314,520,314
Rv2309A,617,106,691,106,691,106
Rv2310,705,16,743,18,743,18
Rv2311,1268,338,1331,344,1331,344
Rv2312,904,541,996,571,996,571
Rv2313c,1867,6716,2105,7144,2105,7132
Rv2314c,3031,7663,3130,7804,3124,7800
Rv2315c,3017,3179,3249,3287,3249,3287
Rv2316,1344,384,1472,386,1472,386
Rv2317,1425,122,1508,120,1508,120
Rv2318,2175,343,2358,346,2358,344
Rv2319c,1964,399,2102,411,2100,411
Rv2320c,3051,512,3251,521,3251,521
Rv2323c,2405,361,2583,373,2583,373
Rv2324,906,359,1007,382,1007,382
Rv2325c,2159,5785,2357,5991,2357,5983
Rv2326c,5439,20898,5768,21484,5762,21476
Rv2327,1238,5315,1289,5432,1289,5426
Rv2328,1960,2077,2151,2102,2151,2100
Rv2329c,3065,8496,3366,8697,3364,8687
Rv2330c,1101,390,1201,401,1201,401
Rv2331,641,1440,661,1453,661,1453
Rv2331A,551,229,571,232,571,232
Rv2332,2551,1381,2749,1423,2749,1423
Rv2333c,2835,2282,3129,2353,3129,2351
Rv2334,1665,2778,1789,2839,1789,2839
Rv2335,1395,2870,1513,2934,1512,2934
Rv2336,2354,801,2583,862,2581,862
Rv2337c,2547,2665,2724,2714,2724,2712
Rv2338c,2525,2279,2785,2378,2785,2376
Rv2339,7102,2478,7628,2521,7624,2521
Rv2340c,3428,13542,3728,14071,3724,14063
Rvnt25,405,229,454,221,454,221
Rv2341,960,113,1061,118,1061,118
Rv2342,578,2345,643,2376,643,2376
Rv2343c,3546,10162,3785,10402,3783,10400
Rv2344c,2373,7765,2519,7940,2519,7938
Rv2345,3934,12565,4238,12984,4236,12980
Rv2346c,582,3929,611,4008,611,4008
Rv2347c,655,2227,729,2339,729,2339
Rv2348c,1281,6023,1384,6158,1384,6154
Rv2349c,3233,2119,3476,2164,3470,2164
Rv2350c,2835,2696,3066,2779,3066,2779
Rv2351c,3052,4095,3350,4233,3350,4225
Rv2352c,4904,12634,5209,12793,5209,12791
Rv2353c,3480,51,3752,51,3752,51
Rv2357c,3108,3778,3407,3912,3407,3910
Rv2358,1401,1884,1457,1927,1457,1925
Rv2359,1096,863,1139,898,1139,898
Rv2360c,875,1154,876,1164,874,1164
Rv2361c,1242,1491,1340,1521,1338,1521
Rv2362c,1436,2331,1520,2485,1520,2485
Rv2363,2173,1878,2366,1918,2366,1918
Rv2364c,1940,1395,2037,1388,2037,1388
Rv2365c,876,1599,812,1498,812,1498
Rv2366c,2985,3289,3199,3358,3197,3354
Rv2367c,972,1064,1042,1086,1040,1082
Rv2368c,2785,11241,2782,11336,2779,11328
Rv2369c,258,37,253,32,253,32
Rv2370c,2642,735,2888,733,2886,733
Rv2371,590,1547,673,1573,673,1569
Rv2372c,1981,9434,2093,9698,2093,9692
Rv2373c,3169,13426,3336,13756,3336,13756
Rv2374c,3742,10659,3929,10979,3928,10977
Rv2375,788,3348,844,3238,843,3238
Rv2376c,1091,18149,1149,18479,1149,18471
Rv2377c,288,53,278,38,278,38
Rv2378c,1936,1310,2078,1354,2072,1354
Rv2379c,7764,8374,8412,8548,8409,8546
Rv2380c,9490,8010,10381,8228,10377,8222
Rv2381c,5829,6095,6332,6257,6332,6249
Rv2382c,2183,1678,2355,1705,2349,1705
Rv2383c,7812,9185,8399,9442,8395,9442
Rv2384,3032,870,3212,911,3210,911
Rv2385,1727,581,1818,595,1816,595
Rv2386c,2307,646,2546,669,2546,669
Rv2386a,730,1288,769,1321,769,1321
Rv2387,2683,2088,2861,2148,2861,2146
Rv2388c,2155,8037,2310,8201,2309,8193
Rv2389c,996,3970,1067,4042,1066,4042
Rv2390c,983,6737,1108,6915,1108,6913
Rv2391,3578,13345,3978,13779,3978,13775
Rv2392,1148,6775,1201,6663,1201,6660
Rv2393,1903,11300,1938,11094,1938,11086
Rv2394,3800,8909,4067,9165,4066,9163
Rv2395,4097,4920,4430,5057,4430,5057
RVnc0024,252,2937,73,827,73,827
Rv2395A,0,0,0,0,0,0
Rv2395B,1062,17551,892,14924,892,14917
Rv2396,3020,54274,3081,54442,3079,54407
Rv2397c,2042,4902,2141,3411,2141,3409
Rv2398c,1328,425,1462,434,1462,433
Rv2399c,1272,1206,1416,1280,1416,1280
Rv2400c,1915,1133,2069,1143,2065,1143
Rv2401,473,380,499,376,499,376
Rv2401A,394,509,438,477,438,477
Rv2402,3903,3918,4268,4003,4268,3997
Rv2403c,1218,994,1303,1009,1303,1009
Rv2404c,3520,2480,3745,2520,3744,2518
Rv2405,1093,4639,1164,4803,1164,4799
Rv2406c,889,4857,974,5333,974,5329
Rv2407,1816,229,1997,240,1995,240
Rv2408,1246,737,1370,740,1370,740
Rv2409c,930,1066,959,1067,959,1067
Rv2410c,1750,2968,1857,2998,1857,2998
Rv2411c,3449,6405,3729,6588,3728,6586
Rv2412,612,8034,604,8106,602,8102
Rv2413c,1971,3719,2075,3772,2075,3772
Rv2414c,2805,3795,3020,3692,3020,3689
Rv2415c,1665,455,1830,551,1830,549
Rv2416c,2529,1070,2751,1100,2749,1098
Rv2417c,1975,3889,2159,4030,2159,4026
Rv2418c,1180,2242,1221,2241,1221,2241
Rv2419c,963,4445,1033,4510,1031,4506
Rv2420c,462,1739,480,1682,478,1679
Rv2421c,1173,1864,1250,1915,1248,1915
Rv2422,835,388,943,407,943,407
Rv2423,2260,539,2473,553,2473,553
Rv2424c,1268,196,1443,208,1443,208
Rv2425c,2459,3586,2673,3626,2671,3626
Rv2426c,1676,2186,1743,2188,1743,2188
Rv2427c,2479,7367,2662,7546,2662,7542
Rv2427A,945,105,1009,116,1009,116
Rv2428,1225,1695,1274,1733,1274,1733
Rv2429,744,3425,799,3500,799,3496
Rv2430c,1164,5688,1231,5791,1229,5789
Rv2431c,725,4217,788,4414,788,4414
Rv2432c,662,1336,721,1439,721,1435
Rv2433c,261,139,248,134,248,134
Rv2434c,2582,1328,2809,1354,2809,1354
Rv2435c,4959,1199,5365,1201,5365,1201
Rv2436,1951,1278,2216,1319,2216,1319
Rv2437,771,205,867,204,867,204
Rv2438c,5350,6920,5673,7065,5665,7059
Rv2438A,308,47,272,45,272,45
Rv2439c,2065,5985,2123,5700,2121,5696
Rv2440c,2391,5869,2571,5949,2569,5945
Rv2441c,593,9406,613,9367,613,9363
Rv2442c,631,2766,681,2946,681,2944
Rv2443,2417,4837,2628,4942,2628,4942
Rv2444c,6853,39714,7414,41204,7404,41194
Rv2445c,833,6073,915,6121,915,6111
Rv2446c,577,950,614,951,614,951
Rv2447c,3127,13331,3307,13677,3305,13671
Rv2448c,5117,10164,5505,10463,5498,10460
Rv2449c,3254,5561,3483,5705,3483,5703
Rv2450c,711,1327,746,1365,746,1365
Rv2451,1143,3431,1218,3501,1218,3499
Rv2452c,400,41,415,42,415,42
Rv2453c,1509,7897,1550,8018,1550,8008
Rv2454c,2598,13474,2714,13754,2714,13742
Rv2455c,5138,35097,5504,36066,5500,36050
Rv2456c,2630,3364,2830,3424,2830,3422
Rv2457c,2999,43393,3243,45045,3243,45021
Rv2458,2010,2355,2226,2418,2226,2416
Rv2459,3472,7768,3778,8429,3778,8427
Rv2460c,2075,15345,2211,16428,2209,16414
Rv2461c,2219,9590,2292,9809,2292,9797
Rv2462c,2761,8742,2985,9031,2985,9031
Rvnt26,123,475,147,527,147,527
Rvnt27,134,32,126,26,126,26
Rv2463,2138,12378,2336,12605,2332,12595
Rv2464c,1438,1996,1529,2044,1529,2042
Rv2465c,859,2615,873,2664,873,2664
Rv2466c,1362,1409,1439,1456,1439,1456
Rv2467,4948,10726,5352,10482,5348,10478
Rv2468c,738,4448,783,4679,783,4677
Rv2468A,145,584,120,498,120,498
Rv2469c,1363,2942,1494,3031,1494,3031
Rv2470,923,1274,1002,1264,1002,1264
Rv2471,3496,2455,3686,2428,3681,2428
Rv2472,515,532,526,545,526,545
Rv2473,1226,670,1240,730,1240,730
Rv2474c,1173,1449,1235,1463,1235,1463
Rv2475c,592,1863,620,1857,620,1857
Rv2476c,9989,38432,10839,39135,10839,39117
Rv2477c,3378,24106,3566,22750,3566,22739
Rv2478c,607,908,668,921,668,921
Rv2481c,597,315,650,324,650,324
Rv2482c,4724,7388,5088,7600,5088,7598
Rv2483c,3252,7374,3441,7587,3441,7584
Rv2484c,4159,17484,4435,17911,4433,17903
Rv2485c,2513,3641,2780,3751,2776,3751
Rvnt28,351,33,369,30,369,30
Rv2486,1509,2421,1667,2475,1665,2473
Rv2487c,15267,3453,15675,3564,15667,3564
Rv2488c,80370,3408,82718,3491,82667,3491
Rv2489c,406,268,408,302,408,302
Rv2490c,19079,5110,19511,5211,19500,5201
Rv2490a,1180,52,1205,52,1203,52
Rv2491,1108,104,1112,111,1112,111
Rv2492,1683,36,1778,38,1776,38
Rv2493,315,563,309,563,309,563
Rv2494,792,1085,813,1088,813,1088
Rv2495c,4293,11878,4546,12137,4542,12128
Rv2496c,3666,9165,3861,9447,3859,9439
Rv2497c,4275,7566,4534,7764,4534,7764
Rv2498c,1989,4089,2125,4208,2123,4202
Rv2499c,859,416,879,407,879,407
Rv2500c,2364,3071,2549,3173,2549,3173
Rv2501c,3784,6919,4091,7168,4091,7164
Rv2502c,2769,3502,2968,3537,2964,3535
Rv2503c,1253,2023,1342,2066,1338,2064
Rv2504c,1466,2709,1545,2718,1545,2718
Rv2505c,3238,2431,3509,2461,3506,2461
Rv2506,1145,1041,1228,1057,1228,1057
Rv2507,1895,1914,2037,1926,2032,1926
Rv2508c,2438,2703,2655,2783,2655,2779
Rv2509,1589,3527,1693,3584,1693,3582
Rv2510c,2964,3857,3214,3879,3211,3879
Rv2511,1191,2045,1265,2095,1265,2095
Rvnt29,256,237,282,246,282,246
Rv2512c,472,159,561,177,561,177
Rv2512a,531,136,575,121,575,121
Rv2513,961,1068,1047,1074,1045,1074
Rv2514c,917,230,1005,237,1005,237
Rv2515c,2482,499,2723,515,2722,515
Rv2516c,1908,991,2029,988,2029,986
Rv2517c,493,461,529,462,529,462
Rv2518c,2645,17181,2991,17826,2991,17814
Rvnt30,411,683,485,717,485,717
Rv2519,3133,10444,3398,10887,3398,10886
Rv2520c,475,838,492,852,492,851
Rv2521,786,564,822,563,822,563
Rv2522c,2373,4504,2581,4695,2581,4687
Rv2523c,658,2838,712,2928,712,2926
Rv2524c,20330,235504,21838,241864,21837,241736
Rv2525c,1710,7541,1867,7696,1867,7696
Rv2526,409,1319,433,1269,433,1269
Rv2527,570,130,567,128,567,128
Rv2528c,2016,586,2181,604,2181,604
Rv2529,2426,980,2679,1010,2677,1000
Rv2530c,551,300,558,297,556,297
Rv2530A,259,536,252,526,252,526
Rv2531c,5143,3332,5616,3421,5616,3417
Rv2532c,749,2462,790,2490,790,2484
Rv2533c,852,8415,875,8371,875,8365
Rv2534c,903,2282,969,2325,969,2325
Rv2535c,2425,14149,2568,14588,2568,14578
Rv2536,1290,6946,1335,7111,1331,7102
Rv2537c,540,999,548,997,547,993
Rv2538c,1759,4752,1881,4867,1881,4867
Rv2539c,946,3565,965,3589,963,3587
Rv2540c,3472,22501,3660,23239,3658,23231
Rv2541,549,7999,555,6903,555,6891
Rv2542,2368,5046,2606,5032,2606,5024
Rv2543,1484,9583,1488,9798,1488,9788
Rv2544,949,31,998,29,998,29
Rv2545,462,117,470,109,470,109
Rv2546,750,45,793,43,793,43
Rv2547,282,756,262,769,262,769
Rv2548,592,912,600,910,600,910
Rv2548A,752,1704,783,1711,783,1711
Rv2549c,734,1220,714,1183,714,1183
Rv2550c,458,1223,479,1186,479,1184
Rv2551c,847,844,919,845,919,845
Rv2552c,1873,5118,1928,5205,1926,5201
Rv2553c,2571,5660,2739,5631,2739,5629
Rv2554c,1014,2860,1053,2855,1053,2855
Rv2555c,8156,32512,8581,33127,8581,33104
Rv2556c,1272,10829,1362,11071,1362,11067
Rv2557,3300,9021,3388,9196,3386,9188
Rv2558,9185,39469,9474,40831,9472,40815
Rv2559c,2886,4557,3109,4736,3103,4736
Rv2560,2002,1094,2155,1116,2153,1116
Rv2561,1821,1199,2037,1248,2033,1248
Rv2563,2040,3937,2236,3989,2234,3983
Rv2564,1801,7317,2042,7674,2042,7672
Rv2565,3396,3540,3794,3759,3794,3757
Rv2566,6046,7207,6470,7382,6470,7382
Rv2567,4976,7655,5369,7820,5362,7818
Rv2568c,1920,873,2063,856,2063,856
Rv2569c,1673,1458,1762,1497,1760,1497
Rv2570,698,854,712,864,710,864
Rv2571c,1927,2481,2039,2536,2039,2534
Rv2572c,3581,9947,3892,10415,3892,10411
Rv2573,1466,724,1542,736,1542,736
Rv2574,823,1884,857,1943,857,1943
Rv2575,1743,4558,1852,4659,1852,4657
Rv2576c,2703,6783,2733,6994,2732,6988
Rv2577,2946,359,3238,376,3238,376
Rv2578c,2065,723,2194,741,2194,739
Rv2579,1836,2834,2027,2928,2027,2928
Rv2580c,3566,7219,3788,7332,3786,7332
Rv2581c,1309,1425,1355,1433,1355,1433
Rv2582,1834,1219,1927,1260,1923,1256
Rv2583c,6772,31888,7209,32672,7207,32662
Rv2584c,2209,28873,2298,29407,2296,29407
Rv2585c,3245,17535,3533,18647,3532,18641
Rv2586c,2440,8647,2615,8795,2615,8785
Rv2587c,3509,12409,3790,12672,3784,12672
Rv2588c,942,1915,1047,1944,1047,1944
Rv2589,2993,6593,3278,6779,3274,6775
Rv2590,7088,36395,7717,37339,7713,37319
Rv2591,2340,8525,2504,8793,2502,8793
Rv2592c,1583,3922,1675,3818,1670,3818
Rv2593c,822,2617,810,2615,810,2615
Rv2594c,1105,11435,1181,11759,1181,11757
Rv2595,402,1160,402,1155,400,1155
Rv2596,685,718,753,754,753,754
Rv2597,1395,2624,1554,2679,1546,2677
Rv2598,735,214,761,216,760,216
Rv2599,705,169,723,113,723,113
Rv2600,594,877,643,919,643,919
Rv2601,3087,1036,3337,1062,3335,1062
Rv2601A,498,200,529,202,529,202
Rv2602,683,750,728,742,728,742
Rv2603c,1464,9542,1566,10263,1566,10253
Rv2604c,1175,3012,1259,3039,1259,3039
Rv2605c,1382,3376,1482,3394,1482,3390
Rv2606c,2332,17238,2542,17778,2542,17768
Rv2607,1530,541,1694,562,1694,562
Rv2608,3544,13012,3874,13319,3870,13313
Rv2609c,1963,5323,2064,5434,2064,5432
Rv2610c,1956,4917,2130,5103,2129,5103
Rv2611c,1408,2757,1471,2860,1471,2858
Rv2612c,1063,2939,1105,2973,1103,2969
Rv2613c,870,894,917,886,917,886
Rv2614c,4126,8035,4474,8156,4474,8150
Rv2614A,305,159,325,137,325,137
Rv2615c,1948,9392,2044,9505,2042,9505
Rv2616,1143,1618,1225,1648,1225,1648
Rv2617c,919,526,998,529,995,529
Rv2618,1511,1263,1645,1313,1644,1313
Rv2619c,624,544,612,545,612,545
Rv2620c,1249,616,1336,629,1333,627
Rv2621c,2477,3312,2569,3371,2568,3371
Rv2622,1836,686,1944,703,1944,703
Rv2623,1951,49245,2029,50123,2029,50106
Rv2624c,1391,5982,1470,5833,1470,5827
Rv2625c,2175,14822,2305,15289,2305,15287
Rv2626c,960,5954,1049,6008,1049,5996
Rv2627c,2728,14240,2996,14868,2996,14860
Rv2628,1064,8592,1204,9018,1204,9012
Rv2629,2826,16029,3022,16490,3022,16485
Rv2630,1173,2205,1254,2227,1254,2227
Rv2631,2745,2973,2965,2977,2965,2975
Rv2632c,822,7515,867,7651,867,7651
Rv2633c,1608,13947,1742,14264,1742,14254
Rv2634c,3956,11194,4125,11208,4125,11200
Rv2635,219,11,237,10,237,10
Rv2636,1374,889,1505,904,1505,902
Rv2637,1525,2125,1713,2196,1711,2196
Rv2638,1218,2483,1371,2572,1371,2572
Rv2639c,1065,5607,1181,5772,1181,5766
Rv2640c,871,1110,905,1174,905,1172
Rv2641,1840,754,1934,774,1934,774
Rv2642,851,591,940,611,937,611
Rv2643,2638,846,2855,865,2851,865
Rv2644c,943,429,1025,437,1025,437
Rvnt31,341,544,417,556,417,556
Rvnt32,240,247,283,281,283,281
Rvnt33,8,77,2,64,2,64
Rvnt34,119,44,99,34,99,34
Rv2645,740,486,758,489,758,489
Rv2646,1728,823,1847,839,1847,833
Rv2647,619,228,657,221,657,221
Rv2650c,2650,1302,2880,1445,2880,1445
Rv2651c,993,546,1063,579,1063,575
Rv2652c,1093,403,1062,428,1061,428
Rv2653c,482,54,525,55,525,55
Rv2654c,232,64,217,61,217,61
Rv2655c,2180,819,2355,769,2353,769
Rv2656c,665,1535,568,1231,568,1231
Rv2657c,685,1439,456,1582,456,1578
Rv2658c,626,592,629,576,629,576
Rv2659c,3099,1112,3358,1149,3354,1149
Rv2660c,1324,471,1310,486,1310,486
Rv2661c,382,48,372,45,372,45
Rv2662,289,128,293,131,293,131
Rv2663,552,423,557,426,557,426
Rv2664,525,246,567,256,567,256
Rv2665,1029,2847,1147,2942,1145,2942
Rv2667,1559,415,1647,426,1643,426
Rv2668,1037,1601,1105,1635,1105,1635
Rv2669,611,214,632,220,632,220
Rv2670c,1832,932,1984,965,1984,965
Rv2671,1370,872,1477,903,1477,901
Rv2672,3257,7236,3496,7478,3494,7472
Rv2673,2351,2429,2547,2585,2547,2579
Rv2674,957,1725,1025,1756,1025,1756
Rv2675c,1790,2985,1910,3031,1904,3029
Rv2676c,1435,2955,1576,3036,1576,3036
Rv2677c,2967,9445,3080,9726,3080,9716
Rv2678c,2754,7834,2894,8042,2890,8037
Rv2679,1567,3081,1664,2991,1664,2987
Rv2680,1072,5008,1161,5249,1160,5249
Rv2681,2090,4217,2238,4292,2238,4292
Rv2682c,3762,27254,4088,28873,4088,28855
Rv2683,968,1521,1094,1568,1094,1564
Rv2684,2552,1714,2772,1761,2772,1761
Rv2685,2229,1169,2468,1207,2468,1207
Rv2686c,1261,469,1344,475,1342,475
Rv2687c,1137,243,1230,248,1228,248
Rv2688c,1852,2622,1975,2839,1975,2839
Rv2689c,2382,3191,2672,3300,2672,3296
Rv2690c,4106,3496,4517,3603,4517,3599
Rv2691,1205,4596,1366,4792,1366,4790
Rv2692,1237,3501,1304,3502,1304,3502
Rv2693c,1963,2895,1997,2834,1997,2832
Rv2694c,3711,18289,3767,18713,3765,18705
Rv2695,1443,1532,1572,1590,1572,1588
Rv2696c,1838,7972,2031,8229,2031,8221
Rv2697c,873,3698,925,3738,925,3734
Rv2698,773,2477,852,2675,852,2675
Rv2699c,734,2664,804,2614,804,2614
Rv2700,1284,2198,1352,2169,1352,2167
Rv2701c,1812,1356,2014,1391,2014,1389
Rv2702,1926,4931,2083,5100,2077,5092
Rv2703,3463,27969,3727,28644,3727,28632
Rv2704,531,2239,547,2254,547,2254
Rv2705c,394,1105,393,1087,393,1087
Rv2706c,817,12974,821,13134,821,13132
Rv2707,2133,7078,2270,7328,2270,7322
Rv2708c,398,747,383,723,383,723
Rv2709,1403,2783,1483,2845,1482,2841
Rv2710,14594,92208,15101,96092,15093,96039
Rv2711,4286,21299,4403,21803,4397,21784
Rv2712c,2200,1966,2373,2020,2373,2020
Rv2713,3068,5700,3324,5921,3321,5911
Rv2714,2196,2887,2413,3005,2413,3001
Rv2715,1918,6377,2022,6428,2022,6428
Rv2716,1341,590,1447,607,1447,607
Rv2717c,832,448,903,456,903,454
Rv2718c,1296,6540,1321,6668,1321,6662
Rv2719c,1165,1162,1240,1213,1240,1213
Rv2720,4864,4378,5100,4813,5100,4808
Rv2721c,4471,33865,4753,35010,4751,34994
Rv2722,276,361,264,292,264,292
Rv2723,2219,2006,2377,2039,2377,2039
Rv2724c,2229,11426,2409,11821,2401,11809
Rv2725c,2797,10774,3026,11075,3024,11071
Rv2726c,1841,7973,1925,8091,1923,8087
Rv2727c,1791,1936,1917,1992,1915,1990
Rv2728c,1264,1090,1357,1118,1357,1118
Rv2729c,2004,6377,2130,6537,2122,6535
Rv2730,841,329,861,140,861,140
Rv2731,2626,7515,2747,7600,2745,7600
Rv2732c,1133,7036,1228,7202,1228,7195
Rv2733c,3087,6664,3345,6984,3343,6980
Rv2734,1782,843,1910,856,1910,856
Rv2735c,1964,338,2073,340,2072,340
Rv2736c,832,4449,825,4319,825,4317
Rv2737c,4977,7866,5472,8159,5471,8155
Rv2738c,542,1920,580,1981,580,1975
Rv2739c,1947,7892,2014,7671,2014,7671
Rv2740,1063,1766,1156,1868,1156,1868
Rv2741,2425,13364,2638,13552,2636,13539
Rv2742c,1552,1847,1759,1872,1759,1872
Rv2743c,3242,18569,3386,18923,3386,18917
Rv2744c,4417,17683,4617,18056,4611,18049
Rv2745c,8060,51436,8342,52592,8336,52576
Rv2746c,1216,2411,1296,2523,1296,2521
Rv2747,806,473,842,478,838,476
Rv2748c,7808,20414,8339,21160,8337,21158
Rv2749,375,862,359,841,359,841
Rv2750,1423,4319,1526,4300,1526,4296
Rv2751,1638,3159,1735,3208,1734,3204
Rv2752c,3573,7018,3869,7252,3869,7252
Rv2753c,2432,10825,2541,11022,2541,11014
Rv2754c,1698,490,1836,500,1836,500
Rv2756c,3606,1065,3956,1103,3954,1103
Rv2757c,767,63,787,59,787,59
Rv2758c,343,111,343,109,343,109
Rv2759c,603,351,592,353,592,353
Rv2760c,259,109,255,109,255,109
Rv2761c,1926,1118,2081,1145,2079,1145
Rv2762c,530,754,558,712,558,712
Rv2763c,845,1844,895,1823,894,1823
Rv2764c,1771,3217,1940,3284,1940,3284
Rv2765,1257,1267,1419,1296,1417,1296
Rv2766c,1291,1653,1420,1682,1420,1680
Rv2767c,639,87,676,88,672,88
Rv2768c,2341,754,2554,768,2552,766
Rv2769c,1334,999,1407,1021,1407,1019
Rv2770c,2231,3859,2421,3922,2419,3920
Rv2771c,1208,2372,1279,2407,1279,2401
Rv2772c,937,3510,968,3567,968,3565
Rv2773c,1295,2157,1391,2178,1391,2178
Rv2774c,735,249,814,263,813,263
Rv2775,1271,535,1362,539,1361,539
Rv2776c,2344,5379,2505,5442,2503,5442
Rv2777c,3020,5271,3281,5431,3281,5421
Rv2778c,944,4854,1017,4979,1017,4979
Rv2779c,884,372,937,380,937,380
Rv2780,3425,2854,3611,2974,3607,2972
Rv2781c,2617,5875,2888,6167,2886,6165
Rv2782c,2530,6722,2662,6761,2662,6759
Rv2783c,4171,11769,4630,12067,4630,12067
Rv2784c,1237,1555,1340,1521,1340,1521
Rv2785c,768,3963,846,3990,846,3986
Rv2786c,2037,3932,2291,4039,2291,4039
Rv2787,3825,1080,4141,1101,4139,1101
Rv2788,1627,5762,1818,6078,1816,6072
Rv2789c,2389,4254,2514,4241,2514,4237
Rv2790c,2454,3606,2617,3644,2613,3641
Rv2791c,4102,8184,4327,8542,4319,8536
Rv2792c,1467,8627,1595,8882,1591,8880
Rv2793c,1787,3355,1997,3419,1997,3418
Rv2794c,1197,1665,1261,1648,1260,1648
Rv2795c,1865,4905,2050,5332,2042,5328
Rv2796c,908,833,951,838,950,838
Rv2797c,2712,2132,2903,2164,2903,2162
Rv2798c,566,2272,620,2294,620,2288
Rv2799,1132,8140,1213,8339,1213,8337
Rv2800,3062,6699,3231,6732,3231,6732
Rv2801c,595,404,617,343,617,343
Rv2801A,260,289,248,284,248,284
Rv2802c,1903,5515,1993,5662,1993,5662
Rv2803,815,378,874,378,874,378
Rv2804c,678,313,709,348,709,344
Rv2805,77,63,57,47,57,47
Rv2806,412,178,439,175,439,175
Rv2807,2198,200,2457,228,2457,228
Rv2808,911,107,967,110,967,110
Rv2809,797,459,858,475,858,475
Rv2811,1169,118,1292,138,1292,138
Rv2812,2307,32,2482,32,2482,32
Rv2813,1608,135,1731,141,1731,141
Rv2816c,777,873,843,897,843,897
Rv2817c,2078,1925,2204,1896,2204,1896
Rv2818c,2328,409,2520,421,2516,421
Rv2819c,2665,646,2843,666,2843,664
Rv2820c,1606,434,1707,448,1707,448
Rv2821c,1695,582,1748,584,1746,584
Rv2822c,842,104,879,109,879,109
Rv2823c,6273,1612,6725,1675,6721,1675
Rv2824c,5224,1834,5495,1903,5493,1903
Rv2825c,1392,1697,1589,1730,1589,1730
Rv2826c,1790,1398,1920,1429,1920,1429
Rv2827c,1905,1751,2100,1955,2098,1955
Rv2828c,687,802,799,921,799,921
Rv2828A,235,1075,214,1039,214,1039
Rv2829c,658,993,676,991,676,991
Rv2830c,353,796,331,798,331,798
Rv2831,1270,2161,1344,2194,1344,2189
Rv2832c,1671,1542,1805,1596,1805,1596
Rv2833c,2156,477,2363,501,2361,501
Rv2834c,1168,311,1253,322,1253,322
Rv2835c,1560,331,1730,339,1730,339
Rv2836c,2381,4079,2541,4098,2541,4095
Rv2837c,2003,8053,2123,7863,2123,7854
Rv2838c,917,6208,942,6238,942,6231
Rv2839c,6179,48473,6651,50237,6649,50210
Rv2840c,2163,16664,2226,17039,2225,17025
Rv2841c,2296,9410,2422,9690,2417,9686
Rv2842c,1570,6977,1672,7169,1670,7165
Rv2843,1028,2608,1145,2669,1143,2669
Rv2844,669,2291,684,2259,684,2259
Rv2845c,3136,4950,3382,4957,3378,4953
Rv2846c,7210,50745,7505,51977,7503,51956
Rv2847c,2084,4447,2284,4483,2284,4481
Rv2848c,3016,2800,3308,2904,3305,2902
Rv2849c,1083,3160,1145,3211,1145,3211
Rv2850c,3978,12039,4256,12604,4252,12602
Rv2851c,819,2122,865,2164,865,2164
Rv2852c,3590,6708,3868,6895,3868,6891
Rv2853,2900,8681,3148,8897,3142,8895
Rv2854,1798,890,1977,911,1977,911
Rv2855,2405,1704,2576,1719,2576,1719
Rv2856,2349,1762,2653,1807,2653,1807
Rv2857c,1644,2095,1816,2088,1815,2086
Rv2858c,2250,3806,2429,3883,2428,3883
Rv2859c,1381,2633,1477,2631,1477,2625
Rv2860c,2732,3145,2955,3195,2955,3195
Rv2861c,1654,3546,1803,3638,1803,3638
Rv2862c,1236,3052,1333,3125,1333,3125
Rv2862A,419,14,386,12,386,12
Rv2863,606,151,639,155,639,155
Rv2864c,3528,3320,3894,3393,3894,3393
Rv2865,667,276,748,279,748,279
Rv2866,431,97,486,93,486,93
Rv2867c,3550,13320,3707,13634,3707,13630
Rv2868c,3070,16201,3312,16947,3308,16943
Rv2869c,2677,11980,2830,12290,2830,12288
Rv2870c,2870,9194,3069,9666,3067,9666
Rv2871,514,1707,534,1738,534,1738
Rv2872,719,418,732,423,732,423
Rv2873,1415,336,1537,348,1537,348
Rv2874,4576,542,4984,560,4982,560
Rv2875,1041,241,1116,245,1110,245
Rv2876,603,7160,651,7454,651,7448
Rv2877c,1687,2957,1745,2716,1745,2716
Rv2878c,1120,759,1216,767,1216,767
Rv2881c,1886,5428,2100,5624,2100,5622
Rv2882c,1289,2401,1385,2574,1379,2574
Rv2883c,2186,12069,2381,12534,2381,12526
Rv2884,1391,3134,1482,3331,1480,3325
Rv2885c,2938,2118,3178,2219,3174,2217
Rv2886c,1768,982,1941,1013,1941,1013
Rv2887,579,929,608,950,608,948
Rv2888c,2753,12360,2979,12737,2979,12731
Rv2889c,1580,7792,1602,7733,1602,7729
Rv2890c,1685,8790,1858,9188,1854,9182
Rv2891,672,95,736,99,736,99
Rv2892c,1471,1550,1601,1630,1597,1630
Rv2893,2059,679,2229,733,2229,733
Rv2894c,2338,10167,2484,10506,2484,10497
Rv2895c,1761,9844,1819,9658,1819,9652
Rv2896c,2210,6503,2384,6581,2384,6581
Rv2897c,2633,232,2864,237,2864,237
Rv2898c,706,264,777,275,777,275
Rv2899c,1858,1754,2037,1802,2033,1802
Rv2900c,4898,9351,5288,9523,5286,9517
Rv2901c,803,2854,825,2779,825,2779
Rv2902c,2059,11089,2162,11223,2162,11217
Rv2903c,2031,10766,2169,10776,2169,10772
Rv2904c,783,4178,864,4292,864,4292
Rv2905,2485,18410,2659,19514,2659,19500
Rv2906c,1307,1193,1416,1148,1416,1148
Rv2907c,870,1408,882,1395,882,1395
Rv2908c,287,1302,293,1256,293,1254
Rv2909c,910,2963,983,3075,983,3075
Rv2910c,1232,608,1336,628,1336,628
Rv2911,1538,2645,1599,2726,1599,2726
Rv2912c,899,476,967,485,966,485
Rv2913c,4386,1590,4681,1588,4681,1586
Rv2914c,3290,2055,3484,2121,3484,2119
Rv2915c,1919,2603,2079,2822,2079,2818
Rv2916c,3175,8546,3439,8758,3439,8754
Rv2917,3368,1489,3621,1540,3619,1540
Rv2918c,4933,2942,5343,3015,5341,3013
Rv2919c,636,883,666,856,666,856
Rv2920c,2850,471,3095,480,3095,480
Rv2921c,3077,9751,3239,9909,3239,9897
Rv2922c,6673,18138,7169,18442,7166,18430
Rv2922A,317,474,323,488,323,488
Rv2923c,744,1227,759,1223,759,1223
Rv2924c,1718,1285,1895,1325,1893,1325
Rv2925c,2599,6443,2775,6642,2775,6636
Rv2926c,2988,9523,3057,9608,3055,9604
Rv2927c,2534,13141,2693,13419,2691,13415
Rv2928,1578,1104,1697,1122,1697,1122
Rv2929,473,1512,520,1486,520,1486
Rv2930,3840,13720,4260,14247,4260,14245
Rv2931,10354,40008,11187,41122,11178,41103
Rv2932,8447,24142,9201,24751,9198,24748
Rv2933,4777,28900,5183,30056,5181,30038
Rv2934,0,0,0,0,0,0
Rv2935,0,0,0,0,0,0
Rv2936,0,0,0,0,0,0
Rv2937,0,0,0,0,0,0
Rv2938,0,0,0,0,0,0
Rv2939,0,0,0,0,0,0
Rv2940c,0,0,0,0,0,0
Rv2941,0,0,0,0,0,0
Rv2942,0,0,0,0,0,0
Rv2943,0,0,0,0,0,0
Rv2943A,0,0,0,0,0,0
Rv2944,0,0,0,0,0,0
Rv2945c,0,0,0,0,0,0
Rv2946c,0,0,0,0,0,0
Rv2947c,0,0,0,0,0,0
Rv2948c,0,0,0,0,0,0
Rv2949c,0,0,0,0,0,0
Rv2950c,0,0,0,0,0,0
Rv2951c,0,0,0,0,0,0
Rv2952,0,0,0,0,0,0
Rv2953,0,0,0,0,0,0
Rv2954c,0,0,0,0,0,0
Rv2955c,0,0,0,0,0,0
Rv2956,0,0,0,0,0,0
Rv2957,0,0,0,0,0,0
Rv2958c,0,0,0,0,0,0
Rv2959c,0,0,0,0,0,0
Rv2960c,0,0,0,0,0,0
Rv2961,0,0,0,0,0,0
Rv2962c,0,0,0,0,0,0
Rv2963,217,259,217,259,217,259
Rv2964,2142,954,2342,983,2342,983
Rv2965c,1144,2880,1209,2966,1209,2964
Rv2966c,1345,2492,1443,2568,1443,2568
Rv2967c,6281,10258,6850,10574,6846,10568
Rv2968c,1223,2712,1283,2752,1283,2748
Rv2969c,1563,7127,1706,7285,1704,7281
Rv2970c,2228,11083,2445,11572,2443,11554
Rv2970A,355,404,384,414,384,414
Rv2971,1749,2462,1871,2564,1871,2564
Rv2972c,1275,656,1353,637,1353,633
Rv2973c,4112,745,4453,750,4451,750
Rv2974c,2555,1305,2735,1361,2735,1357
Rv2975c,760,2497,731,2447,731,2447
Rv2975a,462,4823,528,5066,528,5064
Rv2976c,1433,2258,1485,2283,1485,2279
Rv2977c,2310,7514,2322,7192,2322,7192
Rv2978c,2923,2920,3160,2919,3152,2917
Rv2979c,1675,2059,1785,2150,1785,2150
Rv2980,902,2802,1038,3051,1038,3045
Rv2981c,2274,6637,2481,6884,2481,6880
Rv2982c,1905,5054,2043,5171,2043,5167
Rv2983,1220,707,1244,721,1244,721
Rv2984,4546,3331,4930,3400,4930,3400
Rv2985,1793,3276,1972,3407,1972,3407
Rv2986c,1456,17492,1599,17920,1599,17908
Rv2987c,1360,972,1468,983,1468,983
Rv2988c,2750,12793,2921,13124,2918,13114
Rv2989,1261,5748,1360,5925,1360,5923
Rv2990c,1657,11143,1816,12015,1815,12009
Rv2991,932,526,1008,537,1008,533
Rvnt35,50,79,41,61,41,61
Rvnt36,139,232,129,217,129,217
Rv2992c,2759,6702,2936,6812,2936,6812
Rv2993c,1307,2398,1408,2553,1408,2553
Rv2994,2030,5157,2235,5311,2235,5307
Rv2995c,1834,7919,1909,8161,1909,8159
Rv2996c,3640,17344,3867,17799,3865,17787
Rv2997,2787,1581,3035,1659,3035,1657
Rv2998,1226,400,1443,420,1443,420
Rv2999,1934,381,2134,382,2133,382
Rv3000,1298,513,1412,536,1411,536
Rv3001c,1931,7819,2156,8370,2156,8366
Rv3002c,771,1251,814,1314,814,1314
Rv3003c,3652,11910,3942,12188,3936,12188
Rv3004,721,2173,781,2190,781,2190
Rv3005c,1681,11135,1862,11384,1860,11378
Rv3006,2204,8318,2461,8635,2455,8632
Rv3007c,1360,803,1452,794,1452,794
Rv3008,1695,3810,1802,3874,1800,3874
Rv3009c,3528,9360,3785,9525,3781,9525
Rv3010c,2839,4143,3012,4225,3010,4225
Rv3011c,2516,3773,2671,3832,2669,3830
Rv3012c,466,126,516,121,516,121
Rv3013,1128,1086,1228,1076,1228,1074
Rv3014c,4096,4687,4406,4716,4391,4716
Rv3015c,1958,3636,2097,3773,2097,3767
Rv3016,1246,2389,1363,2340,1363,2340
Rv3017c,521,845,495,829,495,827
Rv3018c,1640,453,1911,494,1911,490
Rv3019c,524,195,571,201,571,201
Rv3020c,476,199,487,198,487,198
Rv3021c,947,79,1033,72,1033,72
Rv3022c,14,2,14,2,14,2
Rv3022A,538,186,587,181,587,181
Rv3023c,449,24,707,148,707,148
Rv3024c,2331,4540,2484,4674,2484,4664
Rv3025c,2533,9072,2772,9383,2772,9381
Rv3026c,1487,650,1597,720,1597,720
Rv3027c,1764,495,1890,512,1889,510
Rv3028c,1757,24557,1873,25153,1873,25133
Rv3029c,2636,32655,2818,33406,2816,33396
Rv3030,1532,1133,1707,1155,1707,1155
Rv3031,2746,3578,2952,3647,2952,3645
Rv3032,2142,2897,2286,2996,2286,2994
Rv3032A,902,327,970,319,968,317
Rv3033,1284,523,1401,530,1401,530
Rv3034c,2183,3290,2365,3399,2357,3399
Rv3035,2025,4747,2232,5103,2230,5098
Rv3036c,1410,1761,1460,1786,1460,1786
Rv3037c,2214,2728,2351,2795,2351,2789
Rv3038c,2034,5300,2139,5447,2139,5445
Rv3039c,1170,2468,1244,2504,1244,2504
Rv3040c,1283,2382,1371,2426,1371,2424
Rv3041c,1267,2936,1349,2961,1345,2961
Rv3042c,2453,11280,2603,11636,2601,11619
Rv3043c,3275,15183,3548,15403,3548,15395
Rv3044,2550,13057,2725,13476,2725,13460
Rv3045,2077,5838,2220,5925,2218,5925
Rv3046c,948,2603,1015,2686,1014,2684
Rv3047c,871,381,932,385,932,385
Rv3048c,2288,2867,2455,2914,2453,2914
Rv3049c,3734,5768,4047,5909,4045,5907
Rv3050c,2402,8352,2578,8540,2576,8534
Rv3051c,6116,15752,6591,16257,6586,16247
Rv3052c,1457,7496,1524,7578,1520,7578
Rv3053c,986,4177,1049,4083,1049,4079
Rv3054c,1350,187,1455,196,1455,196
Rv3055,1119,868,1199,906,1199,902
Rv3056,1882,622,2005,632,2005,632
Rv3057c,1585,2343,1719,2391,1719,2385
Rv3058c,1514,2794,1612,2871,1610,2871
Rv3059,3304,4143,3618,4273,3616,4271
Rv3060c,3021,4156,3243,4267,3241,4267
Rv3061c,4592,5665,5039,5847,5037,5841
Rv3062,3041,3766,3403,3892,3401,3892
Rv3063,4949,1713,5436,1786,5436,1786
Rv3064c,1619,1194,1781,1242,1781,1242
Rv3065,1002,1804,1054,1828,1054,1826
Rv3066,1863,1275,1942,1277,1942,1277
Rv3067,848,1731,892,1752,891,1750
Rvnt37,26,7,22,8,22,8
Rv3068c,2786,2200,3037,2238,3035,2238
Rv3069,686,574,705,570,705,570
Rv3070,364,211,382,212,382,212
Rv3071,2225,977,2450,1013,2447,1013
Rv3072c,1071,531,1170,540,1169,540
Rv3073c,608,327,588,310,588,310
Rv3074,3763,2683,3973,2787,3973,2785
Rv3075c,2295,7606,2465,7802,2465,7801
Rv3076,877,432,913,453,913,451
Rv3077,3070,1971,3276,1994,3272,1994
Rv3078,644,695,659,682,659,682
Rv3079c,1956,636,2076,654,2076,654
Rv3080c,7435,4837,7959,4948,7953,4948
Rv3081,2436,2180,2593,2216,2593,2216
Rv3082c,2136,1055,2295,1092,2295,1090
Rv3083,3020,1798,3251,1854,3251,1854
Rv3084,1534,768,1606,783,1606,781
Rv3085,1600,1160,1677,1178,1675,1178
Rv3086,3292,4881,3501,5049,3493,5045
Rv3087,3034,1723,3177,1746,3177,1746
Rv3088,3122,1613,3315,1691,3311,1691
Rv3089,3841,2627,4113,2695,4111,2695
Rv3090,1603,366,1821,369,1820,369
Rv3091,3012,5018,3264,5183,3264,5181
Rv3092c,2353,6316,2417,6400,2416,6393
Rv3093c,1592,3466,1699,3653,1699,3649
Rv3094c,1932,7818,2078,8064,2078,8058
Rv3095,1112,1875,1153,1927,1153,1927
Rv3096,2499,2336,2662,2379,2662,2377
Rv3097c,2512,739,2740,766,2736,764
Rv3098c,751,171,822,165,822,165
Rv3098A,398,331,398,331,398,331
RVnc0046,59997,14158,61727,14590,61705,14588
Rv3099c,1861,6777,2003,6973,2003,6973
Rv3100c,768,755,800,775,799,775
Rv3101c,1518,1667,1621,1669,1620,1669
Rv3102c,1033,2064,1108,2098,1108,2090
Rv3103c,686,1378,718,1379,717,1379
Rv3104c,1503,5551,1589,5663,1587,5657
Rv3105c,2232,5770,2345,5875,2345,5875
Rv3106,2508,3398,2729,3480,2727,3480
Rv3107c,3339,2606,3638,2664,3638,2660
Rv3108,1131,603,1264,596,1264,594
Rv3109,2649,107,2907,112,2907,112
Rv3110,775,84,759,76,759,76
Rv3111,837,64,867,64,865,64
Rv3112,623,66,610,67,610,67
Rv3113,1476,40,1588,39,1588,39
Rv3114,1199,55,1314,60,1312,60
Rv3115,366,43,458,122,458,122
Rv3116,2735,2279,2896,2298,2895,2294
Rv3117,171,18,208,13,207,13
Rv3118,160,67,164,97,164,97
Rv3119,861,1171,907,1190,907,1190
Rv3120,1346,2946,1484,3015,1484,3015
Rv3121,3503,1294,3857,1328,3857,1328
Rv3122,936,3009,997,3058,997,3056
Rv3123,1002,931,1081,932,1081,932
Rv3124,2401,387,2684,410,2684,410
Rv3125c,2593,1114,2887,1167,2887,1167
Rv3126c,577,535,654,549,654,549
Rv3127,1840,14486,2011,14845,2008,14837
Rv3128c,2217,7421,2452,7563,2452,7555
Rv3129,876,6297,962,5942,962,5942
Rv3130c,3019,87855,3312,90427,3302,90378
Rv3131,2210,39678,2373,40482,2371,40450
Rv3132c,3502,21577,3790,21822,3784,21812
Rv3133c,1183,13151,1279,13419,1279,13415
Rv3134c,2040,62367,2198,63751,2198,63707
Rv3135,756,4940,799,5303,799,5297
Rv3136,2001,22427,2152,22974,2152,22973
Rv3136A,607,5247,648,5192,648,5190
Rv3137,1436,5696,1562,5869,1562,5867
Rv3138,1741,1613,1890,1652,1890,1652
Rv3139,3590,6119,3782,6305,3782,6299
Rv3140,2677,5375,2820,5548,2819,5542
Rv3141,2124,7757,2287,7921,2285,7915
Rv3142c,1278,1469,1383,1577,1383,1577
Rv3143,796,2751,844,2722,844,2718
Rv3144c,2293,17235,2437,17251,2437,17239
Rv3145,718,2329,825,2512,825,2512
Rv3146,953,4978,1026,5032,1025,5028
Rv3147,1235,2533,1275,2557,1275,2555
Rv3148,2582,3747,2721,3735,2721,3733
Rv3149,1147,4247,1203,4241,1203,4239
Rv3150,2381,7940,2542,8090,2542,8088
Rv3151,5212,34691,5542,35651,5542,35631
Rv3152,2198,4597,2346,4716,2345,4712
Rv3153,1116,6456,1195,6555,1193,6551
Rv3154,1224,4116,1276,4079,1276,4076
Rv3155,436,517,420,516,420,516
Rv3156,3722,17959,4041,18530,4041,18514
Rv3157,2923,9280,3187,9516,3187,9504
Rv3158,2862,11253,3093,11464,3084,11460
Rv3159c,6367,2480,6751,2532,6749,2532
Rv3160c,3003,2136,2937,1906,2937,1906
Rv3161c,8211,9320,8559,9529,8555,9523
Rv3162c,889,775,931,780,926,780
Rv3163c,2327,827,2539,855,2539,855
Rv3164c,1506,663,1655,654,1655,654
Rv3165c,595,379,626,370,626,370
Rv3166c,1591,1384,1725,1402,1725,1400
Rv3167c,1141,303,1193,315,1192,315
Rv3168,2222,1422,2298,1410,2297,1410
Rv3169,1779,2300,1958,2402,1956,2402
Rv3170,2650,2681,2870,2824,2864,2824
Rv3171c,2370,16698,2487,17150,2483,17142
Rv3172c,1036,466,1136,481,1136,481
Rv3173c,1785,1822,1872,1881,1872,1880
Rv3174,1211,113,1271,108,1271,108
Rv3175,2662,5202,2867,5365,2865,5363
Rv3176c,1650,219,1767,230,1765,230
Rv3177,1927,217,2118,225,2118,225
Rv3178,1008,133,1124,137,1124,137
Rv3178a,903,129,1028,132,1026,132
Rv3179,3043,1033,3333,1067,3333,1067
Rv3180c,850,182,937,181,937,181
Rv3181c,679,652,748,668,748,668
Rv3182,693,566,756,583,756,583
Rv3183,721,128,781,133,781,133
Rv3188,893,1693,964,1722,964,1720
Rv3189,1363,639,1467,629,1467,629
Rv3190c,2969,1542,3295,1605,3295,1605
Rv3190A,811,828,913,884,913,883
Rv3191c,2354,1395,2632,1440,2632,1440
Rvnt38,258,117,297,110,297,110
Rv3192,933,240,1002,254,1002,254
Rv3193c,6226,11081,6769,11379,6769,11373
Rv3194c,1914,3038,2049,3163,2049,3161
Rv3195,2505,740,2740,775,2740,775
Rv3196,1417,6716,1491,6901,1491,6897
Rv3196A,428,634,443,665,443,665
Rv3197,4577,17002,4863,17396,4859,17392
Rv3197A,500,268,513,200,513,200
Rv3198c,4312,6416,4724,6547,4723,6543
Rv3198A,378,533,386,591,385,591
Rv3199c,1970,6173,2112,6189,2108,6189
Rv3200c,2499,8438,2724,8606,2719,8598
Rv3201c,7032,1690,7583,1730,7581,1728
Rv3202c,6267,2247,6810,2386,6810,2386
Rv3202a,585,1560,639,1641,639,1641
Rv3203,1283,878,1341,897,1341,897
Rv3204,301,355,272,344,272,344
Rv3205c,2317,12663,2386,12815,2386,12811
Rv3206c,3231,6816,3385,6984,3383,6981
Rv3207c,2548,9896,2766,10416,2766,10408
Rv3208,1456,7380,1580,7563,1580,7553
Rv3208A,487,2200,541,2198,538,2192
Rv3209,1334,3079,1414,3103,1412,3101
Rv3210c,1369,2623,1499,2667,1498,2665
Rv3211,3411,12790,3675,13070,3675,13064
Rv3212,2226,10071,2408,10340,2408,10340
Rv3213c,2024,6718,2136,6896,2136,6890
Rv3214,1263,4015,1366,4095,1366,4091
Rv3215,2066,1453,2179,1493,2179,1489
Rv3216,602,383,631,362,627,362
Rv3217c,1024,4139,1080,4214,1080,4205
Rv3218,2014,1527,2239,1587,2239,1585
Rv3219,1735,32145,1815,33128,1815,33094
Rv3220c,3419,9769,3742,10093,3739,10093
Rv3221c,688,2451,740,2401,740,2401
Rv3221A,799,2438,870,2461,870,2461
Rv3222c,1228,8019,1278,8195,1278,8191
Rv3223c,1716,5349,1887,5618,1885,5616
Rv3224,1931,5643,2142,5885,2142,5883
Rv3225c,3382,8290,3575,8539,3575,8537
Rv3226c,1826,1835,1943,1854,1943,1846
Rv3227,2488,4226,2680,4320,2677,4318
Rv3228,1712,7433,1753,4784,1753,4778
Rv3229c,2738,31579,2972,32457,2972,32443
Rv3230c,3586,52780,3777,54185,3777,54141
Rv3231c,922,1353,982,1275,982,1275
Rv3232c,2132,2013,2235,1930,2235,1922
Rv3233c,947,1085,1011,1080,1011,1080
Rv3234c,1387,4784,1466,4798,1462,4795
Rv3235,1347,1939,1424,1970,1424,1970
Rv3236c,2192,4322,2374,4468,2374,4466
Rv3237c,1269,5116,1313,5252,1313,5250
Rv3238c,1625,1247,1745,1282,1745,1278
Rv3239c,6233,5258,6684,5414,6680,5414
Rv3240c,5968,21065,6465,21783,6462,21777
Rv3241c,1472,3991,1616,4153,1616,4153
Rv3242c,1601,1034,1765,1082,1765,1082
Rv3243c,1538,2146,1619,2174,1619,2170
Rv3244c,6135,15756,6387,16165,6385,16157
Rv3245c,6004,17958,6348,18408,6344,18402
Rv3246c,2633,7095,2771,7307,2771,7305
Rv3247c,1023,1687,1117,1748,1117,1748
Rv3248c,2786,12655,3005,13063,3005,13051
Rv3249c,1259,3124,1351,3100,1351,3100
Rv3250c,197,528,156,429,156,427
Rv3251c,130,60,76,35,76,35
Rv3252c,2488,1819,2681,1858,2681,1858
Rv3253c,2839,1923,3114,1994,3114,1994
Rv3254,2515,3767,2745,3816,2745,3816
Rv3255c,2299,4400,2452,4419,2452,4418
Rv3256c,2068,9560,2193,9733,2193,9726
Rv3257c,3028,14008,3208,14103,3208,14099
Rv3258c,1396,20682,1475,21500,1473,21490
Rv3259,786,2133,819,2138,819,2136
Rv3260c,787,10519,841,10808,841,10802
Rv3261,1854,5232,2013,5359,2012,5357
Rv3262,2750,3104,3045,3185,3045,3179
Rv3263,3457,1100,3782,1101,3782,1101
Rv3264c,2665,12341,2861,12728,2861,12718
Rv3265c,1577,5819,1681,5992,1681,5992
Rv3266c,2166,5536,2290,5708,2290,5708
Rv3267,2972,11080,3168,11701,3165,11699
Rv3268,1644,4681,1734,4835,1734,4835
Rv3269,3200,1963,3292,1992,3290,1992
Rv3270,31039,12278,31789,12354,31775,12346
Rv3271c,2785,13669,2857,13871,2857,13857
Rv3272,2533,3934,2732,4029,2730,4029
Rv3273,4713,10730,5205,10938,5205,10938
Rv3274c,2174,11350,2382,11911,2378,11907
Rv3275c,1050,3902,1056,3840,1056,3840
Rv3276c,2217,4719,2339,4817,2332,4815
Rv3277,1132,3998,1241,4017,1241,4016
Rv3278c,861,635,899,634,899,630
Rv3279c,1488,1962,1572,1999,1572,1999
Rv3280,3034,5563,3334,5742,3332,5736
Rv3281,902,3249,935,3108,935,3108
Rv3282,952,2036,1016,2077,1016,2077
Rv3283,2157,4403,2251,4380,2250,4378
Rv3284,1213,2877,1249,2926,1247,2924
Rv3285,4517,42588,4790,43908,4787,43889
Rv3286c,1313,1385,1385,1381,1385,1381
Rv3287c,1022,2848,1100,2932,1100,2930
Rv3288c,2426,1279,2564,1363,2562,1363
Rv3289c,4187,476,4157,471,4157,471
Rv3290c,23890,1208,24357,1230,24355,1228
Rv3291c,835,481,888,490,888,490
Rv3292,2509,1127,2700,1148,2700,1148
Rv3293,3095,6296,3279,6497,3279,6491
Rv3294c,1799,424,1936,430,1936,430
Rv3295,1589,10493,1661,10800,1657,10794
Rv3296,8977,7935,9621,8120,9617,8112
Rv3297,1268,1965,1361,1991,1359,1985
Rv3298c,1710,3128,1861,3287,1861,3283
Rv3299c,5902,9017,6379,9242,6377,9242
Rv3300c,1552,1992,1664,2027,1664,2027
Rv3301c,1415,1790,1527,1796,1527,1796
Rv3302c,3495,10329,3750,10590,3750,10586
Rv3303c,2647,5500,2950,5773,2946,5773
Rv3304,949,1526,994,1557,994,1555
Rv3305c,2631,4236,2796,4310,2796,4306
Rv3306c,2624,7829,2791,8117,2791,8113
Rv3307,1517,3731,1605,3801,1603,3801
Rv3308,2638,2359,2832,2435,2830,2433
Rv3309c,1210,688,1262,707,1262,707
Rv3310,1718,3333,1864,3427,1862,3425
Rv3311,2291,6343,2436,6593,2432,6587
Rv3312c,1806,1629,1914,1661,1914,1661
Rv3312b,372,125,441,152,441,152
Rv3312A,734,1796,819,1869,819,1869
Rv3313c,2106,3574,2253,3531,2253,3531
Rv3314c,2343,5915,2491,5882,2489,5882
Rv3315c,889,720,985,733,985,733
Rv3316,642,756,704,768,704,768
Rv3317,819,821,863,831,863,831
Rv3318,3307,4195,3605,4385,3605,4381
Rv3319,1238,1112,1328,1135,1320,1135
Rv3320c,608,281,638,284,638,284
Rv3321c,474,522,506,523,506,523
Rv3322c,1160,852,1225,882,1223,882
Rv3323c,1097,380,1148,376,1147,376
Rv3324c,742,307,792,312,792,312
Rv3324A,133,45,140,57,140,57
Rv3327,1713,182,1873,184,1873,184
Rv3328c,1639,6308,1761,6650,1761,6646
Rv3329,2473,3304,2633,3379,2631,3377
Rv3330,2379,4441,2555,4568,2555,4560
Rv3331,2941,5444,3126,5561,3124,5561
Rv3332,2133,3495,2303,3646,2303,3644
Rv3333c,1546,725,1734,739,1734,737
Rv3334,985,935,1083,959,1083,959
Rv3335c,1726,2891,1840,2963,1840,2963
Rv3336c,2087,3610,2213,3666,2211,3664
Rv3337,1587,3126,1699,3226,1699,3224
Rv3339c,2390,1410,2615,1454,2615,1452
Rv3340,2373,3997,2616,4188,2612,4186
Rv3341,1569,8819,1686,9260,1686,9256
Rv3342,1296,6938,1388,7085,1386,7081
Rv3343c,21064,7037,23089,7277,23079,7275
Rv3344c,1329,1622,1376,1659,1376,1659
Rv3345c,6416,4683,6795,4901,6795,4900
Rv3346c,836,36,970,37,970,37
Rv3347c,21938,14598,23641,14971,23635,14957
Rv3348,8,0,13,0,13,0
Rv3349c,1765,253,1942,272,1942,272
Rv3350c,22223,11391,24088,11721,24082,11721
Rv3351c,1492,119,1649,113,1649,113
Rv3352c,956,114,1048,121,1048,121
Rv3353c,717,74,782,82,782,82
Rv3354,584,697,662,746,662,746
Rv3355c,298,545,350,580,349,578
Rv3356c,2178,6514,2265,6634,2265,6632
Rv3357,443,122,481,123,481,123
Rv3358,329,129,341,116,341,116
Rv3359,1797,833,1990,865,1988,857
Rv3360,716,490,786,481,786,481
Rv3361c,932,574,996,577,996,577
Rv3362c,904,1157,974,1169,974,1169
Rv3363c,381,465,391,441,391,441
Rv3364c,460,1715,471,1744,471,1744
Rv3365c,4816,11785,5189,12061,5185,12061
Rv3366,1113,150,1248,160,1248,160
Rv3367,3058,8764,3156,8976,3156,8971
Rv3368c,916,972,976,971,976,968
Rv3369,796,1004,843,1013,843,1013
Rv3370c,9834,3372,10461,3433,10461,3431
Rv3371,2464,2901,2636,2947,2632,2947
Rv3372,2197,5311,2337,5453,2337,5453
Rv3373,1283,1957,1388,1972,1388,1972
Rv3374,256,182,262,178,262,178
Rv3375,2499,548,2668,576,2666,574
Rv3376,1281,5594,1395,5945,1394,5941
Rv3377c,3544,1219,3803,1230,3801,1230
Rv3378c,1290,396,1369,396,1369,396
Rv3379c,3344,508,3622,526,3622,526
Rv3382c,2030,1397,2213,1478,2213,1478
Rv3383c,2394,957,2595,984,2595,984
Rv3384c,786,838,864,833,864,833
Rv3385c,1005,13310,1030,13627,1028,13621
Rv3386,1338,883,1473,932,1473,932
Rv3387,1425,520,1578,538,1576,538
Rv3388,2016,5109,2206,5200,2206,5198
Rv3389c,1628,6432,1743,6687,1743,6683
Rv3390,1259,1751,1349,1777,1349,1777
Rv3391,3583,2693,3904,2747,3904,2747
Rv3392c,1667,229,1793,224,1791,224
Rv3393,1767,1066,1820,1081,1820,1081
Rv3394c,2485,1022,2673,1046,2673,1044
Rv3395c,922,859,966,904,966,904
Rv3395A,1355,322,1479,340,1477,340
Rv3396c,3384,10087,3702,10369,3700,10369
Rv3397c,1497,157,1645,160,1645,160
Rv3398c,1765,352,1823,357,1823,357
Rv3399,1936,440,2065,453,2064,453
Rv3400,1501,4676,1593,4768,1592,4756
Rv3401,4028,5448,4311,5690,4311,5690
Rv3402c,2246,1357,2481,1426,2481,1426
Rv3403c,3091,1686,3307,1776,3303,1774
Rv3404c,1914,7315,2018,7703,2018,7693
Rv3405c,1106,1957,1186,1978,1186,1978
Rv3406,1510,299,1576,300,1576,300
Rv3407,3813,6711,3871,6805,3869,6803
Rv3408,1417,4354,1454,4100,1454,4100
Rv3409c,9407,31381,9734,32127,9734,32099
Rv3410c,2345,6805,2457,7001,2457,7001
Rv3411c,4449,24571,4743,25631,4739,25623
Rv3412,1263,5060,1330,5081,1330,5079
Rv3413c,1987,15975,2096,16502,2096,16488
Rv3414c,1939,14468,2029,14732,2029,14722
Rv3415c,1534,1550,1616,1593,1616,1593
Rv3416,717,695,774,711,774,711
Rv3417c,4081,14928,4307,15362,4307,15356
Rv3418c,1157,4956,1209,5064,1209,5064
Rv3419c,2186,2659,2353,2759,2353,2755
Rv3420c,976,3550,980,3582,980,3574
Rv3421c,1143,2878,1208,2944,1208,2944
Rv3422c,780,758,782,752,782,752
Rv3423c,2741,4904,2998,5036,2998,5034
Rv3424c,823,712,1020,757,1020,757
Rv3425,1485,290,1622,301,1622,301
Rv3426,1670,92,1860,94,1860,94
Rv3427c,1781,452,1962,461,1960,461
Rv3428c,2691,133,2915,137,2913,137
Rv3429,1226,1603,1307,1642,1307,1640
Rv3430c,2052,1101,2207,1114,2205,1113
Rv3430a,371,360,394,372,394,371
Rv3432c,2619,2267,2831,2329,2830,2325
Rv3433c,2342,4816,2389,4774,2389,4771
Rv3434c,1240,834,1312,848,1312,848
Rv3435c,1642,2713,1847,3186,1847,3184
Rv3436c,3802,13773,4101,14104,4100,14084
Rv3437,707,813,734,880,733,880
Rv3438,1298,2603,1394,2650,1392,2642
Rv3439c,2296,2584,2474,2651,2474,2643
Rv3440c,492,1184,501,1167,501,1165
Rv3441c,2608,20588,2786,21209,2786,21205
Rv3442c,742,3497,801,3572,801,3570
Rv3443c,772,7617,835,8810,835,8808
Rv3444c,407,224,419,233,419,233
Rv3445c,503,431,524,453,524,453
Rv3446c,2157,252,2291,261,2291,261
Rv3447c,7412,248,8090,269,8089,269
Rv3448,2758,162,2999,168,2999,168
Rv3449,2254,705,2403,706,2403,706
Rv3450c,2511,1958,2677,2025,2675,2025
Rv3451,1779,2118,1877,2175,1875,2175
Rv3452,1154,1542,1228,1462,1228,1462
Rv3453,3584,530,3948,537,3946,537
Rv3455c,1350,2625,1506,2781,1504,2781
Rv3456c,1189,14294,1268,13873,1267,13869
Rv3457c,1931,5008,2076,5221,2075,5219
Rv3458c,722,5035,769,5142,765,5142
Rv3459c,733,5479,689,5450,689,5450
Rv3460c,825,7540,871,7928,869,7928
Rv3461c,188,3187,264,4691,264,4687
Rv3462c,694,11867,830,15255,830,15253
Rv3463,1630,775,1793,799,1793,799
Rv3464,1965,4435,2134,4549,2134,4547
Rv3465,1150,1543,1224,1559,1224,1559
Rv3466,677,390,722,395,722,395
Rv3467,218,11,283,42,283,42
Rv3468c,2160,422,2317,429,2317,427
Rv3469c,1758,163,1852,167,1849,167
Rv3470c,2897,876,3155,912,3155,912
Rv3471c,843,129,882,136,880,136
Rv3472,911,1526,934,1540,934,1538
Rv3473c,1661,164,1824,166,1824,166
Rv3476c,2809,2056,3124,2155,3124,2155
Rv3477,747,25533,805,23862,805,23844
Rv3478,1253,123373,1328,125469,1328,125405
Rv3479,5681,8988,6254,9331,6254,9321
Rv3480c,4998,17269,5299,17723,5298,17717
Rv3481c,1405,1013,1525,1037,1525,1035
Rv3482c,1625,1323,1808,1353,1806,1353
Rv3483c,1489,3880,1587,3965,1585,3961
Rv3484,3355,13568,3610,13762,3610,13758
Rv3485c,1712,1866,1886,1880,1882,1880
Rv3486,821,1387,872,1386,872,1386
Rv3487c,1673,34457,1789,35297,1789,35283
Rv3488,809,1211,899,1247,899,1247
Rv3489,236,1352,208,1011,208,1011
Rv3490,2678,7603,2857,7561,2857,7557
Rv3491,1503,7070,1571,7208,1571,7204
Rv3492c,891,1705,940,1704,940,1702
Rv3493c,979,3568,1039,3634,1039,3634
Rv3494c,2727,5098,2967,5137,2967,5131
Rv3495c,2218,4374,2337,4415,2337,4415
Rv3496c,2208,7059,2373,7272,2371,7264
Rv3497c,1753,3366,1888,3358,1888,3356
Rv3498c,1610,3194,1742,3245,1735,3243
Rv3499c,2320,4193,2467,4302,2467,4298
Rv3500c,1727,4453,1732,4537,1730,4537
Rv3501c,1526,2584,1724,2687,1724,2687
Rv3502c,2801,5482,3024,5525,3024,5525
Rv3503c,552,1970,530,1972,530,1972
Rv3504,2253,2473,2464,2573,2462,2573
Rv3505,2019,2591,2160,2674,2156,2674
Rv3506,2931,519,3216,537,3216,537
Rv3507,5114,23164,5449,24029,5447,24021
Rv3508,3259,46547,4032,54233,4032,54187
Rv3509c,3362,10382,3643,10733,3643,10733
Rv3510c,1705,1507,1927,1564,1927,1564
Rv3511,2812,4445,3125,4722,3117,4722
Rv3512,1301,500,1413,489,1413,489
Rv3513c,722,106,781,102,779,102
Rv3514,1923,10118,2485,13987,2485,13978
Rv3515c,2490,1668,2761,1719,2761,1717
Rv3516,1553,872,1682,930,1682,930
Rv3517,1409,472,1492,464,1492,464
Rv3518c,2176,1986,2348,2015,2340,2015
Rv3519,1716,6404,1831,6603,1831,6601
Rv3520c,2472,12779,2649,13083,2647,13081
Rv3521,1823,3214,2018,3335,2018,3329
Rv3522,1777,2277,1883,2634,1883,2632
Rv3523,1836,4067,2030,4273,2030,4273
Rv3524,2044,8306,2116,8611,2112,8599
Rv3525c,991,703,1063,726,1063,726
Rv3526,2852,6868,3045,7030,3045,7030
Rv3527,977,1237,1076,1252,1074,1252
Rv3528c,1721,765,1859,772,1855,772
Rv3529c,2401,760,2642,776,2642,776
Rv3530c,1486,810,1554,813,1552,813
Rv3531c,2195,3119,2392,3189,2392,3189
Rv3532,2735,4299,2986,4451,2982,4451
Rv3533c,4009,879,4337,908,4337,908
Rv3534c,2287,3802,2447,3951,2443,3951
Rv3535c,1588,2217,1686,2258,1686,2258
Rv3536c,1605,2175,1678,2209,1676,2209
Rv3537,3499,2735,3759,2807,3759,2807
Rv3538,1842,798,1959,808,1957,808
Rv3539,2542,1800,2775,1846,2775,1846
Rv3540c,2028,1464,2260,1489,2260,1487
Rv3541c,633,438,653,449,653,449
Rv3542c,1519,874,1610,892,1610,892
Rv3543c,2145,2552,2309,2618,2309,2616
Rv3544c,2168,2527,2283,2548,2282,2544
Rv3545c,2742,2655,2948,2717,2939,2717
Rv3546,2813,4146,3007,4292,3005,4290
Rv3547,982,1678,1031,1776,1031,1768
Rv3548c,1714,1645,1796,1670,1796,1670
Rv3549c,1266,631,1360,644,1360,644
Rv3550,1483,1118,1583,1146,1583,1146
Rv3551,1421,907,1500,926,1500,926
Rv3552,1212,564,1292,554,1292,554
Rv3553,2022,1320,2087,1347,2087,1347
Rv3554,3780,1424,4089,1477,4085,1477
Rv3555c,2058,1547,2182,1646,2182,1646
Rv3556c,2379,3437,2534,3512,2534,3512
Rv3557c,1375,735,1482,732,1482,732
Rv3558,3579,1770,3806,1869,3804,1869
Rv3559c,1330,838,1393,849,1393,849
Rv3560c,1838,1215,1960,1252,1960,1244
Rv3561,2630,877,2848,889,2848,889
Rv3562,1898,1011,2037,1032,2035,1032
Rv3563,1438,597,1500,581,1499,581
Rv3564,1687,522,1785,521,1785,521
Rv3565,1918,796,2078,811,2078,811
Rv3566c,1405,483,1510,487,1509,487
Rv3566A,477,177,532,178,532,178
Rv3567c,674,478,715,492,712,490
Rv3568c,1364,3098,1456,3200,1456,3200
Rv3569c,1692,5718,1803,5896,1803,5894
Rv3570c,2379,5339,2536,5448,2536,5448
Rv3571,2333,1982,2579,2088,2577,2088
Rv3572,859,902,909,915,909,913
Rv3573c,3894,2705,4212,2801,4211,2801
Rv3574,1133,3209,1293,3411,1293,3411
Rv3575c,1700,3228,1823,3306,1815,3306
Rv3576,1469,2167,1610,2232,1610,2232
Rv3577,1570,757,1737,801,1737,801
Rv3578,2325,1219,2466,1244,2466,1244
Rv3579c,1627,5757,1749,5759,1749,5759
Rv3580c,2750,4733,2982,4824,2982,4822
Rv3581c,1418,8328,1501,8678,1499,8678
Rv3582c,2657,14394,2745,14655,2744,14651
Rv3583c,5861,65826,6003,66974,6001,66937
Rv3584,1068,3402,1168,3550,1168,3544
Rv3585,2821,3108,2981,2808,2975,2808
Rv3586,1713,2569,1845,2609,1843,2609
Rv3587c,1713,11606,1797,11817,1792,11807
Rv3588c,1022,1202,1074,1203,1070,1201
Rv3589,1258,1747,1252,1686,1252,1686
Rv3590c,2532,11114,2691,11633,2691,11626
Rv3591c,1474,647,1529,655,1529,655
Rv3592,424,4848,424,4847,424,4847
Rv3593,2409,3824,2696,3882,2694,3882
Rv3594,1653,1332,1750,1373,1750,1373
Rv3595c,2623,17498,2782,17934,2781,17930
Rv3596c,9151,74505,9825,77386,9823,77342
Rv3597c,874,16515,962,17636,962,17621
Rv3598c,2961,3008,3174,3041,3174,3041
Rv3600c,1342,4944,1478,5212,1478,5208
Rv3601c,542,2714,559,2720,559,2720
Rv3602c,1469,6976,1575,7059,1575,7059
Rv3603c,1627,9089,1740,9686,1736,9686
Rv3604c,2675,10439,2904,10785,2902,10777
Rv3605c,981,2088,1060,2123,1059,2123
Rv3606c,1051,2881,1079,2897,1079,2897
Rv3607c,598,1245,593,1133,593,1133
Rv3608c,1797,2466,1902,2534,1902,2532
Rv3609c,1171,2360,1196,2359,1196,2359
Rv3610c,5760,17462,6204,18131,6202,18121
Rv3612c,495,1381,574,1443,574,1443
Rv3613c,401,4348,400,4524,400,4518
Rv3614c,2181,24221,2278,24565,2277,24549
Rv3615c,1200,6823,1262,6679,1261,6675
Rv3616c,7890,117396,8222,120237,8222,120169
Rv3617,1945,3983,2093,4070,2091,4068
Rv3618,2484,2311,2640,2339,2640,2339
Rv3619c,304,174,328,178,328,176
Rv3620c,427,297,450,314,450,314
Rv3621c,2015,776,2204,807,2204,807
Rv3622c,595,129,645,129,645,129
Rv3623,1215,2998,1360,3074,1360,3074
Rv3624c,1018,2256,1087,2297,1087,2293
Rv3625c,1910,1231,2021,1264,2021,1264
Rv3626c,1934,3293,2047,3444,2047,3441
Rv3627c,3982,13646,4206,14008,4206,13999
Rv3628,918,2897,1005,2957,1005,2957
Rv3629c,2210,2528,2385,2587,2383,2584
Rv3630,2552,5791,2786,5956,2786,5950
Rv3631,1279,3566,1347,3639,1347,3639
Rv3632,627,691,675,713,675,713
Rv3633,1668,7785,1790,7870,1790,7864
Rv3634c,1732,4078,1845,4131,1843,4129
Rv3635,3229,1732,3551,1735,3551,1735
Rv3636,2487,2006,2725,2154,2719,2154
Rv3638,1498,143,1604,140,1604,140
Rv3639c,927,100,1023,98,1021,98
Rv3640c,2437,104,2631,102,2629,102
Rv3641c,1365,377,1503,385,1503,385
Rv3642c,465,507,519,516,519,516
Rv3643,391,80,425,79,423,79
Rvnt39,95,329,33,288,33,288
Rv3644c,2388,4374,2583,4471,2583,4465
Rv3645,3454,14666,3660,14658,3659,14646
Rv3646c,5184,16079,5714,16791,5700,16785
Rv3647c,1139,5149,1311,5667,1310,5666
Rv3648c,866,7432,952,8379,952,8377
Rv3649,4619,1466,5071,1501,5069,1501
Rv3650,825,657,941,748,941,748
Rv3651,2187,1328,2398,1362,2398,1362
Rv3652,573,895,641,922,640,922
Rv3653,759,602,748,556,746,556
Rv3654c,426,607,438,616,438,616
Rv3655c,305,554,345,625,345,625
Rv3656c,286,418,227,349,227,349
Rv3657c,803,545,795,510,795,510
Rv3658c,1432,2902,1480,2971,1480,2969
Rv3659c,1850,334,1976,337,1976,337
Rv3660c,2217,848,2434,866,2432,866
RVnc0004,873,1183,843,1005,843,1005
Rv3661,2276,3629,2498,3772,2497,3770
RVnc0036a,112259,464220,114844,475883,114800,475640
Rv3662c,1535,2177,1640,2205,1637,2203
Rv3663c,3022,1672,3310,1693,3310,1693
Rv3664c,1269,311,1370,325,1368,325
Rv3665c,1858,594,1946,593,1944,593
Rv3666c,3282,2840,3589,2897,3589,2897
Rv3667,4059,2975,4387,3022,4383,3020
Rv3668c,1494,3251,1665,3337,1665,3337
Rv3669,1225,1564,1288,1611,1288,1611
Rv3670,1692,1189,1827,1168,1825,1168
Rv3671c,1960,7811,2122,8009,2122,8005
Rv3672c,1418,6706,1507,7150,1507,7140
Rv3673c,1335,9112,1454,10000,1454,9994
Rv3674c,1567,4259,1664,4340,1659,4340
Rv3675,2465,6698,2488,6836,2485,6836
Rv3676,1521,7037,1650,7214,1648,7208
Rv3677c,1611,2530,1740,2515,1736,2515
Rv3678c,960,5942,970,5977,970,5975
Rv3678A,300,622,260,567,260,565
Rv3679,2121,15404,2264,15760,2262,15750
Rv3680,2504,13958,2723,14740,2723,14724
Rv3681c,1077,4703,1202,4892,1202,4892
Rv3682,5108,21370,5529,21957,5528,21941
Rv3683,1929,4356,2129,4601,2128,4601
Rv3684,2273,4045,2431,4163,2431,4163
Rvnt40,294,523,314,533,314,533
Rv3685c,3186,4788,3518,4928,3518,4918
Rv3686c,1356,52518,1434,53661,1434,53626
Rv3687c,1006,1490,1101,1554,1101,1554
Rv3688c,988,2235,1056,2353,1054,2353
Rv3689,2578,6662,2803,6845,2803,6843
Rv3690,1159,1377,1240,1422,1240,1422
Rv3691,2119,7176,2141,7331,2139,7327
Rv3692,1900,5334,2053,5790,2050,5789
Rv3693,2317,4958,2536,5071,2536,5070
Rv3694c,2435,6280,2602,6459,2602,6457
Rv3695,2124,2640,2253,2706,2249,2706
Rv3696c,2596,2891,2799,2951,2799,2951
Rv3697c,856,2074,891,2105,891,2105
Rv3697A,289,263,241,255,241,255
Rv3698,3036,607,3265,615,3262,615
Rv3699,1671,2893,1748,2993,1743,2991
Rv3700c,2097,4306,2245,4357,2245,4357
Rv3701c,1561,3027,1664,3023,1664,3023
Rv3702c,1058,1298,1144,1318,1144,1318
Rv3703c,2331,4603,2491,4698,2491,4698
Rv3704c,2759,10632,3004,10932,3002,10920
Rv3705c,1459,3184,1566,3286,1564,3286
Rv3705A,847,852,898,899,898,895
Rv3706c,688,404,746,416,746,416
Rv3707c,2168,2678,2340,2777,2338,2775
Rv3708c,2432,17714,2570,18252,2570,18242
Rv3709c,2813,11753,3058,12196,3058,12188
Rv3710,4356,10276,4671,10766,4663,10760
Rv3711c,2643,8954,2797,9237,2794,9227
Rv3712,2121,3229,2244,3287,2244,3285
Rv3713,1137,2621,1186,2671,1186,2667
Rv3714c,1465,435,1591,435,1591,435
Rv3715c,1372,5093,1431,5194,1430,5194
Rv3716c,741,6664,781,6726,781,6722
Rv3717,1768,4194,1914,4288,1912,4280
Rv3718c,721,1296,751,1322,751,1322
Rv3719,3218,3768,3439,3909,3439,3907
Rv3720,2411,4527,2566,4632,2566,4632
Rv3721c,3455,10027,3706,10397,3705,10393
Rv3722c,2537,4698,2739,4803,2738,4801
RVnc0006,283,346,232,313,232,313
Rvnt41,352,656,328,652,328,652
Rv3723,2268,10623,2465,10972,2465,10960
Rv3725,2249,8477,2463,8702,2463,8694
Rv3726,2813,6551,3098,6857,3098,6855
Rv3727,3961,1889,4326,1958,4324,1958
Rv3728,5885,1703,6419,1732,6415,1732
Rv3729,4477,3314,4833,3464,4833,3464
Rv3730c,2017,1882,2207,1925,2205,1922
Rv3731,2097,2254,2279,2288,2278,2286
Rv3732,2168,2549,2364,2599,2362,2599
Rv3733c,977,3502,978,3416,977,3416
Rv3734c,3245,4523,3487,4707,3485,4707
Rv3735,1571,3687,1672,3777,1672,3775
Rv3736,1961,2243,2068,2268,2068,2268
Rv3737,3217,3915,3443,4027,3443,4027
Rv3738c,1733,3076,1855,3331,1855,3329
Rv3739c,498,1137,595,1186,595,1186
Rv3740c,3322,15714,3587,16084,3587,16080
Rv3741c,1096,6620,1134,6619,1132,6617
Rv3742c,1271,15818,1310,16047,1308,16037
Rv3743c,3645,755,3895,791,3895,791
Rv3744,698,2032,710,2087,710,2087
Rv3745c,465,176,470,177,470,177
Rv3746c,781,3636,840,3768,840,3766
Rv3747,1108,2510,1223,2739,1223,2739
Rv3748,791,3054,847,3113,847,3111
Rv3749c,1108,652,1188,640,1188,640
Rv3750c,1060,2338,1177,2377,1177,2375
Rvnt42,306,133,333,129,333,129
Rv3752c,684,2913,670,2565,670,2564
Rv3753c,1033,5298,1104,5295,1104,5295
Rv3754,1618,2798,1768,2909,1766,2903
Rv3755c,989,1532,1035,1559,1031,1559
Rv3756c,1187,1963,1281,1981,1281,1977
Rv3757c,986,1376,1038,1400,1038,1400
Rv3758c,2318,2840,2503,2882,2499,2880
Rv3759c,2196,3183,2345,3274,2343,3270
Rv3760,723,140,768,140,768,140
Rv3761c,2110,2802,2270,2850,2270,2848
Rv3762c,3745,2951,4060,3028,4056,3028
Rv3763,1203,6878,1330,7032,1330,7028
Rv3764c,2811,6890,2950,6986,2950,6978
Rv3765c,1485,5894,1618,6026,1618,6026
Rv3766,1559,1132,1712,1188,1710,1188
Rv3767c,1773,8505,1943,8694,1943,8690
Rv3768,810,472,919,498,919,498
Rv3769,1211,4843,1327,5000,1327,4990
Rv3770c,1196,731,1409,769,1409,769
Rv3771c,856,1188,942,1235,940,1235
Rvnt43,220,58,165,36,164,36
Rvnt44,211,1058,198,1034,198,1034
Rv3772,1985,1652,2146,1672,2142,1672
Rv3773c,1201,1611,1284,1610,1280,1610
Rv3774,1702,5854,1802,6002,1799,5996
Rv3775,2377,4153,2564,4183,2562,4183
Rv3776,4068,4211,4353,4376,4353,4376
Rvnt45,0,0,0,0,0,0
Rv3777,1826,5999,1922,6141,1920,6133
Rv3778c,2829,38045,3008,39053,3004,39043
Rv3779,4106,4823,4437,5019,4437,5019
Rv3780,881,3643,929,3708,929,3705
Rv3781,1266,1704,1370,1730,1368,1730
Rv3782,1754,4832,1841,4910,1841,4910
Rv3783,1714,3010,1912,3199,1912,3193
Rv3784,2380,1075,2546,1134,2546,1132
Rv3785,2226,5629,2369,5817,2369,5813
Rv3786c,2187,1845,2364,1886,2364,1886
Rv3787c,1679,877,1836,911,1832,911
Rv3788,1119,2213,1251,2331,1249,2331
Rv3789,801,555,860,564,860,564
Rv3790,2417,3121,2606,3199,2605,3199
Rv3791,1271,2787,1367,2856,1367,2856
Rv3792,3232,4426,3496,4565,3492,4565
Rv3793,6110,7521,6596,7798,6594,7792
Rv3794,6015,12089,6488,12499,6479,12494
Rv3795,5881,13620,6349,13917,6347,13917
Rv3796,2656,1035,2870,1060,2870,1060
Rv3797,3520,1253,3740,1293,3740,1293
Rv3798,286,75,328,96,328,96
Rv3799c,4105,53174,4381,55122,4381,55108
Rv3800c,15619,165814,16349,170126,16343,170040
Rv3801c,7118,51499,7823,54602,7823,54567
Rv3802c,2035,7965,2252,8439,2252,8431
Rv3803c,2137,28617,2323,29504,2319,29492
Rv3804c,1832,65918,2032,67860,2032,67826
Rv3805c,3869,12208,4255,12617,4253,12604
Rv3806c,1887,7566,2034,7725,2034,7723
Rv3807c,822,4413,882,4414,882,4414
Rv3808c,3721,10573,4008,10681,4006,10679
Rv3809c,2123,4655,2292,4654,2292,4654
Rv3810,2593,17597,2761,17874,2757,17866
Rv3811,3512,7189,3880,7384,3880,7380
Rv3812,3174,3779,3528,3855,3520,3853
Rv3813c,1756,2001,1894,2072,1894,2068
Rv3814c,1509,2821,1522,2758,1522,2754
Rv3815c,1797,5218,1882,5308,1880,5308
Rv3816c,1889,4042,1957,4093,1953,4093
Rv3817,1444,790,1551,798,1550,798
Rv3818,2958,3886,3219,3964,3218,3964
Rv3819,510,414,563,417,563,417
Rv3820c,3160,1968,3491,1997,3491,1997
Rv3821,1619,3926,1740,4025,1740,4023
Rv3822,2928,9348,3187,9592,3185,9586
Rv3823c,6906,23644,7561,24256,7557,24240
Rv3824c,3767,7652,4083,7840,4079,7840
Rv3825c,14684,142233,16001,146281,15995,146221
Rv3826,3523,1572,3814,1601,3814,1601
Rv3827c,2295,2899,2483,2960,2483,2954
Rv3828c,1168,895,1221,905,1221,905
Rv3829c,2959,891,3172,915,3172,915
Rv3830c,1377,524,1417,519,1417,519
Rv3831,752,933,805,949,805,949
Rv3832c,780,415,810,416,810,416
Rv3833,1463,338,1508,349,1508,349
Rv3834c,2502,1482,2682,1523,2682,1523
Rv3835,2785,2801,3048,2843,3048,2843
Rv3836,861,413,917,427,916,427
Rv3837c,2009,7063,2158,7274,2154,7270
Rv3838c,2073,5459,2193,5370,2193,5360
Rv3839,1472,612,1562,627,1562,627
Rv3840,748,324,815,330,815,330
Rv3841,3304,23605,3406,24092,3406,24086
Rv3842c,1789,7986,1844,7978,1844,7976
Rv3843c,2383,10872,2603,11269,2601,11259
RVnc0040,462,1574,520,1659,520,1659
Rv3844,103,13,152,27,152,27
Rv3845,779,472,833,469,833,465
Rv3846,1649,1740,1817,1845,1815,1841
Rv3847,1688,4786,1881,4941,1881,4936
Rv3848,2234,2574,2430,2940,2430,2940
Rv3849,943,4120,1015,4308,1015,4300
Rv3850,1056,8176,1082,8273,1082,8269
Rv3851,656,930,698,925,698,925
Rv3852,770,2715,791,2760,791,2758
Rv3853,1023,2459,1045,2456,1045,2452
Rv3854c,13399,7061,13820,7173,13818,7171
Rv3855,2425,3078,2571,3181,2569,3181
Rv3856c,3292,5609,3501,5743,3501,5743
Rv3857c,581,870,629,850,629,848
Rv3858c,3321,16464,3598,16992,3592,16988
Rv3859c,11283,41022,12104,42193,12103,42170
Rv3860,2380,743,2604,755,2604,755
Rv3861,109,18,94,16,94,16
Rv3862c,619,243,703,220,703,220
Rv3863,2622,4464,2927,4687,2923,4687
Rv3864,2912,6720,3136,6910,3136,6908
Rv3865,689,2679,719,2761,717,2761
Rv3866,2387,7727,2504,7864,2504,7854
Rv3867,1084,2197,1131,2220,1127,2212
Rv3868,4187,11868,4484,12374,4484,12370
Rv3869,3483,6355,3717,6465,3717,6461
Rv3870,6031,13143,6506,13627,6504,13627
Rv3871,5619,9859,5995,10055,5993,10055
Rv3872,1340,5773,1438,6125,1438,6121
Rv3873,3725,21215,3913,21710,3911,21696
Rv3874,1624,9559,1646,9830,1645,9826
Rv3875,835,3280,833,3333,833,3333
Rv3876,3771,6375,4058,6499,4056,6495
Rv3877,3119,9277,3437,9620,3437,9616
Rv3878,2351,6038,2494,6202,2494,6192
Rv3879c,6742,21477,7076,22135,7072,22131
Rv3880c,1138,6686,1215,6745,1215,6745
Rv3881c,4637,23540,4952,24738,4950,24719
Rv3882c,2327,6146,2554,6360,2552,6356
Rv3883c,2385,7026,2584,7173,2584,7167
Rv3884c,4127,5457,4474,5557,4470,5547
Rv3885c,2978,4147,3203,4271,3194,4271
Rv3886c,2658,3401,2767,3394,2767,3394
Rv3887c,2665,8611,2909,9197,2909,9191
Rv3888c,2260,2156,2390,2152,2390,2150
Rv3889c,1855,3754,1990,3802,1990,3802
Rv3890c,476,860,491,871,491,871
Rv3891c,857,776,908,822,906,822
Rv3892c,2270,2866,2435,2938,2435,2938
Rv3893c,515,1901,555,1992,555,1990
Rv3894c,8472,12468,9270,12803,9269,12793
Rv3895c,2440,4651,2652,4731,2652,4727
Rv3896c,1878,3739,2028,3863,2028,3863
Rv3897c,1218,4652,1313,4794,1313,4790
Rv3898c,713,743,751,746,751,746
Rv3899c,2020,1210,2201,1272,2197,1272
Rv3900c,1653,1503,1717,1497,1717,1497
Rv3901c,1041,1034,1169,1126,1169,1126
Rv3902c,1147,272,1222,271,1222,271
Rv3903c,4336,1632,4644,1591,4642,1586
Rv3904c,332,1017,352,1003,352,1003
Rv3905c,561,862,591,887,591,887
Rv3906c,973,2483,1040,2550,1038,2550
Rv3907c,2995,4290,3314,4382,3311,4382
Rv3908,1364,4588,1503,4739,1502,4735
Rv3909,3916,4423,4226,4524,4222,4522
Rv3910,6728,23032,7214,23660,7212,23640
Rv3911,1111,1775,1192,1725,1192,1723
Rv3912,1571,382,1654,382,1654,382
Rv3913,1995,3074,2146,3134,2146,3134
Rv3914,695,1116,741,1123,741,1121
Rv3915,2587,10772,2784,11046,2784,11034
Rv3916c,2051,4535,2211,4690,2211,4686
Rv3917c,2427,7243,2656,7677,2656,7674
Rv3918c,1863,1949,1992,2044,1990,2044
Rv3919c,1478,3517,1582,3617,1580,3617
Rv3920c,1347,5942,1432,6165,1432,6165
Rv3921c,2256,5727,2433,5902,2432,5902
Rv3922c,633,1717,655,1685,655,1683
Rv3923c,561,3110,578,3261,578,3261
Rv3924c,278,616,293,579,293,579
